LU	(can't) help	v	Self_control
LU	(in/out of) line	n	Compliance
LU	AIDS	n	Medical_conditions
LU	AK-47	n	Weapon
LU	Alzheimer's	n	Medical_conditions
LU	American	n	People_by_origin
LU	American [N and S Am]	n	People_by_origin
LU	April	n	Calendric_unit
LU	April Fool's Day	n	Commemorative
LU	Armistice Day	n	Commemorative
LU	August	n	Calendric_unit
LU	BW	n	Weapon
LU	Boxing Day	n	Commemorative
LU	Brit	n	People_by_origin
LU	Brobdingnagian	a	Size
LU	Bumblefuck	n	Isolated_places
LU	C4	n	Weapon
LU	CEO	n	Leadership
LU	CW	n	Weapon
LU	CWIED	n	Distant_operated_IED
LU	Californian	n	People_by_origin
LU	Chicagoan	n	People_by_origin
LU	Christian name	n	Being_named
LU	Christmas Day	n	Commemorative
LU	December	n	Calendric_unit
LU	Denverite	n	People_by_origin
LU	Dubliner	n	People_by_origin
LU	EFP	n	Weapon
LU	English	n	People_by_origin
LU	February	n	Calendric_unit
LU	Frenchman	n	People_by_origin
LU	Frenchwoman	n	People_by_origin
LU	Frenchy	n	People_by_origin
LU	Friday	n	Calendric_unit
LU	German measles	n	Medical_conditions
LU	Greek	n	People_by_origin
LU	ICBM	n	Weapon
LU	IED	n	Improvised_explosive_device
LU	Indian [American]	n	People_by_origin
LU	Iranian	n	People_by_origin
LU	Irish	n	People_by_origin
LU	January	n	Calendric_unit
LU	July	n	Calendric_unit
LU	June	n	Calendric_unit
LU	Kraut	n	People_by_origin
LU	LSD	n	Intoxicants
LU	Labor Day	n	Commemorative
LU	Lilliputian	a	Size
LU	MRE	n	Food
LU	March	n	Calendric_unit
LU	May	n	Calendric_unit
LU	Mexican	n	People_by_origin
LU	Monday	n	Calendric_unit
LU	New Yorker	n	People_by_origin
LU	November	n	Calendric_unit
LU	OK	a	Emotion_directed
LU	October	n	Calendric_unit
LU	PPIED	n	Victim_operated_IED
LU	PTO	n	Temporary_leave
LU	Passover Eve	n	Commemorative
LU	Persian	n	People_by_origin
LU	Podunk	n	Isolated_places
LU	RCIED	n	Distant_operated_IED
LU	RPG	n	Weapon
LU	SAF	n	Attack
LU	Saturday	n	Calendric_unit
LU	Scud-B	n	Weapon
LU	Scud-B missile	n	Weapon
LU	Scud-C missile	n	Weapon
LU	September	n	Calendric_unit
LU	Sunday	n	Calendric_unit
LU	TV room	n	Building_subparts
LU	Thursday	n	Calendric_unit
LU	Tuesday	n	Calendric_unit
LU	Turk	n	People_by_origin
LU	VBIED	n	Improvised_explosive_device
LU	VOIED	n	Victim_operated_IED
LU	WMD	n	Weapon
LU	Wednesday	n	Calendric_unit
LU	a bastard	n	Difficulty
LU	a bit	n	Hedging
LU	a bit	n	Quantified_mass
LU	a bitch	n	Difficulty
LU	a breeze	n	Difficulty
LU	a cinch	n	Difficulty
LU	a doddle	n	Difficulty
LU	a good	a	Proportional_quantity
LU	a little	n	Quantified_mass
LU	a little	r	Degree
LU	a little bit	r	Degree
LU	a lot	n	Quantified_mass
LU	a lot	r	Degree
LU	a pain	n	Difficulty
LU	a pain in the neck	n	Difficulty
LU	a piece of cake	n	Difficulty
LU	a snap	n	Difficulty
LU	a thing of the past	n	Out_of_existence
LU	a walk in the park	n	Difficulty
LU	a while	n	Measure_duration
LU	abandon	v	Abandonment
LU	abandon	v	Activity_stop
LU	abandon	v	Quitting_a_place
LU	abandoned	a	Abandonment
LU	abandonment	n	Abandonment
LU	abash	v	Experiencer_obj
LU	abashed	a	Emotion_directed
LU	abaya	n	Clothing
LU	abbreviate	v	Change_event_duration
LU	abduct	v	Kidnapping
LU	abducted	a	Kidnapping
LU	abduction	n	Kidnapping
LU	abductor	n	Kidnapping
LU	abet	v	Assistance
LU	abhor	v	Experiencer_focus
LU	abhorrence	n	Experiencer_focus
LU	abide (by)	v	Compliance
LU	abiding	a	Duration_description
LU	ability	n	Capability
LU	ablaze	a	Fire_burning
LU	able	a	Capability
LU	ablution	n	Grooming
LU	abnormal	a	Typicality
LU	abominable	a	Praiseworthiness
LU	abominable	a	Stimulus_focus
LU	abominate	v	Experiencer_focus
LU	abort	v	Cause_to_end
LU	abound	v	Abundance
LU	above-ground	a	Locative_relation
LU	abrade	v	Experience_bodily_harm
LU	abscond (with)	v	Theft
LU	absence	n	Presence
LU	absence	n	Temporary_leave
LU	absent	v	Temporary_leave
LU	absent-minded	a	Mental_property
LU	absorb	v	Soaking_up
LU	absorbed	a	Mental_stimulus_exp_focus
LU	absorbing	a	Mental_stimulus_stimulus_focus
LU	absorbing	a	Stimulus_focus
LU	abstain	v	Forgoing
LU	abstention	n	Forgoing
LU	abstinence	n	Forgoing
LU	abstract	v	Theft
LU	abstraction	n	Theft
LU	absurd	a	Mental_property
LU	absurdity	n	Mental_property
LU	abundance	n	Quantified_mass
LU	abundant	a	Abundance
LU	abuse	n	Abusing
LU	abuse	v	Abusing
LU	abusive	a	Abusing
LU	abustle	a	Lively_place
LU	abut	v	Adjacency
LU	abuzz	a	Lively_place
LU	accede	v	Sign_agreement
LU	accelerated	a	Change_position_on_a_scale
LU	accentuate	v	Emphasizing
LU	accept	v	Receiving
LU	accept	v	Respond_to_proposal
LU	acceptance	n	Respond_to_proposal
LU	access	n	Having_or_lacking_access
LU	access	v	Having_or_lacking_access
LU	accessible	a	Having_or_lacking_access
LU	accessorize	v	Filling
LU	accident	n	Catastrophe
LU	accident	n	Coincidence
LU	acclaim	n	Judgment_communication
LU	acclaim	v	Judgment_communication
LU	accolade	n	Judgment
LU	accompany	v	Cotheme
LU	accomplish	v	Accomplishment
LU	accomplishment	n	Accomplishment
LU	accord	n	Be_in_agreement_on_action
LU	accord	n	Documents
LU	accord	v	Compatibility
LU	account	n	Text
LU	account	v	Explaining_the_facts
LU	account	v	Justifying
LU	accoutrement	n	Accoutrements
LU	accredit	v	Appointing
LU	accredited	a	Appointing
LU	accumulate	v	Amassing
LU	accumulation	n	Amassing
LU	accuracy	n	Accuracy
LU	accurate	a	Accuracy
LU	accurate	a	Correctness
LU	accurately	r	Accuracy
LU	accusation	n	Judgment_communication
LU	accuse	v	Judgment
LU	accuse	v	Judgment_communication
LU	accuse	v	Notification_of_charges
LU	ace	a	Expertise
LU	ace	n	Expertise
LU	ace	v	Success_or_failure
LU	ache	v	Desiring
LU	ache	v	Perception_body
LU	achieve	v	Accomplishment
LU	achievement	n	Accomplishment
LU	acid	n	Intoxicants
LU	acknowledge	v	Communication_response
LU	acknowledge	v	Statement
LU	acknowledgment	n	Statement
LU	acme	n	Extreme_value
LU	acne	n	Body_mark
LU	acquainted	a	Familiarity
LU	acquiesce	v	Giving_in
LU	acquire	v	Come_down_with
LU	acquire	v	Getting
LU	acquisition [act]	n	Getting
LU	acquisition [entity]	n	Getting
LU	acquisitive	a	Mental_property
LU	acquit	v	Verdict
LU	acquittal	n	Verdict
LU	acre	n	Measure_area
LU	acromegaly	n	Medical_conditions
LU	acropolis	n	Buildings
LU	across	r	Dimension
LU	act	n	Intentionally_act
LU	act	n	Law
LU	act	n	Part_ordered_segments
LU	act	v	Conduct
LU	act	v	Intentionally_act
LU	act	v	Performers_and_roles
LU	act (on)	v	Response
LU	act up	v	Conduct
LU	action	n	Intentionally_act
LU	actionable	a	Severity_of_offense
LU	activate	v	Change_operational_state
LU	active	a	Active_substance
LU	active	a	Being_active
LU	actively	r	Being_active
LU	activity	n	Intentionally_act
LU	actor	n	Intentionally_act
LU	actor	n	People_by_vocation
LU	actor	n	Performers
LU	actress	n	People_by_vocation
LU	actress	n	Performers
LU	actual	a	Actually_occurring_entity
LU	actual	a	Artificiality
LU	actuate	v	Cause_to_start
LU	acute	a	Importance
LU	add	v	Cause_change_of_position_on_a_scale
LU	add	v	Cause_to_be_included
LU	add	v	Commutative_process
LU	add	v	Statement
LU	add up	v	Adding_up
LU	addict	n	Addiction
LU	addicted	a	Addiction
LU	addiction	n	Addiction
LU	addition	n	Commutative_process
LU	additional	a	Increment
LU	address	n	Speak_on_topic
LU	address	v	Referring_by_name
LU	address	v	Resolve_problem
LU	address	v	Speak_on_topic
LU	address	v	Statement
LU	address	v	Topic
LU	adduce	v	Adducing
LU	adept	a	Expertise
LU	adept	n	Expertise
LU	adeptness	n	Expertise
LU	adequacy	n	Sufficiency
LU	adequate	a	Sufficiency
LU	adequately	r	Sufficiency
LU	adhere	v	Attaching
LU	adhere	v	Being_attached
LU	adhere	v	Compliance
LU	adherence	n	Compliance
LU	adhesion	n	Being_attached
LU	adhesive	n	Connectors
LU	adjacency	n	Adjacency
LU	adjacent	a	Adjacency
LU	adjoin	v	Adjacency
LU	adjoining	a	Adjacency
LU	adjourn	v	Activity_pause
LU	adjudicate	v	Legal_rulings
LU	adjust	v	Adjusting
LU	adjustment	n	Adjusting
LU	administer	v	Leadership
LU	administration	n	Leadership
LU	admirable	a	Praiseworthiness
LU	admiration	n	Judgment
LU	admire	v	Judgment
LU	admire	v	Perception_active
LU	admiring	a	Judgment
LU	admission	n	Institutionalization
LU	admission	n	Statement
LU	admit	v	Institutionalization
LU	admit	v	Reveal_secret
LU	admix	v	Cause_to_amalgamate
LU	admonish	v	Attempt_suasion
LU	admonish	v	Judgment_direct_address
LU	admonishment	n	Judgment_direct_address
LU	admonition	n	Judgment_direct_address
LU	adolescent	n	People_by_age
LU	adopt	v	Adopt_selection
LU	adoration	n	Experiencer_focus
LU	adore	v	Experiencer_focus
LU	adorn	v	Distributed_position
LU	adorn	v	Filling
LU	adorned	a	Abounding_with
LU	adult	n	People_by_age
LU	adultery	n	Personal_relationship
LU	advance	n	Progression
LU	advance	v	Cause_to_make_progress
LU	advance	v	Change_event_time
LU	advance	v	Change_position_on_a_scale
LU	advance	v	Giving
LU	advance	v	Progression
LU	advance	v	Self_motion
LU	advanced	a	Position_on_a_scale
LU	advanced	a	Stage_of_progress
LU	advancement	n	Progression
LU	advise	v	Attempt_suasion
LU	advise	v	Telling
LU	advocate	v	Attempt_suasion
LU	affable	a	Sociability
LU	affair	n	Personal_relationship
LU	affect	v	Feigning
LU	affect	v	Objective_influence
LU	affianced	a	Personal_relationship
LU	affidavit	n	Documents
LU	affiliated	a	Collaboration
LU	affirm	v	Affirm_or_deny
LU	affirmation	n	Affirm_or_deny
LU	affix	v	Attaching
LU	affixed	a	Being_attached
LU	affliction	n	Medical_conditions
LU	affluent	a	Wealthiness
LU	afford	v	Supply
LU	affordability	n	Expensiveness
LU	affordable	a	Expensiveness
LU	affray	n	Fighting_activity
LU	affront	n	Cause_emotion
LU	affront	v	Cause_emotion
LU	affronted	a	Emotion_directed
LU	afraid	a	Fear
LU	afternoon	n	Calendric_unit
LU	afterward	r	Time_vector
LU	afterwards	r	Time_vector
LU	agape	a	Experiencer_focus
LU	age	n	Age
LU	age	n	Calendric_unit
LU	age	v	Aging
LU	agency	n	Organization
LU	agenda	n	Timetable
LU	agent	n	Active_substance
LU	agent	n	Intentionally_act
LU	agent	n	People_by_vocation
LU	agglutinate	v	Attaching
LU	agglutinate	v	Becoming_attached
LU	aggrandizement	n	Cause_expansion
LU	aggravate	v	Experiencer_obj
LU	aggravating	a	Stimulus_focus
LU	aggravation	n	Stimulus_focus
LU	aggrieve	v	Experiencer_obj
LU	aging	a	Aging
LU	agitated	a	Emotion_directed
LU	agitation	n	Emotion_directed
LU	agnomen	n	Being_named
LU	agonize	v	Emotion_active
LU	agonize	v	Experiencer_obj
LU	agonized	a	Emotion_directed
LU	agonizing	a	Stimulus_focus
LU	agony	n	Emotion_directed
LU	agree	v	Agree_or_refuse_to_act
LU	agree	v	Be_in_agreement_on_assessment
LU	agree	v	Compatibility
LU	agree	v	Make_agreement_on_action
LU	agreeable	a	Stimulus_focus
LU	agreement	n	Be_in_agreement_on_action
LU	agreement	n	Be_in_agreement_on_assessment
LU	agreement	n	Documents
LU	agreement	n	Make_agreement_on_action
LU	ahead	r	Non-gradable_proximity
LU	ahead	r	Relative_time
LU	aid	v	Assistance
LU	aid [act]	n	Assistance
LU	aid [entity]	n	Assistance
LU	aid and abet	v	Assistance
LU	ail	v	Perception_body
LU	ailment	n	Medical_conditions
LU	aim	n	Aiming
LU	aim	n	Purpose
LU	aim	v	Aiming
LU	aim	v	Purpose
LU	air	v	Expressing_publicly
LU	air force	n	Military
LU	aircraft	n	Vehicle
LU	airfield	n	Locale_by_use
LU	airlift	v	Bringing
LU	airman	n	Member_of_military
LU	airplane	n	Vehicle
LU	airport	n	Buildings
LU	airstrike	n	Attack
LU	aka	a	Being_named
LU	alarm	n	Noise_makers
LU	alarm	v	Experiencer_obj
LU	alarmed	a	Emotion_directed
LU	alarming	a	Stimulus_focus
LU	alb	n	Clothing
LU	albino	a	Body_description_part
LU	albino	n	Body_description_part
LU	alcohol	n	Intoxicants
LU	alcoholic	n	Addiction
LU	alcoholism	n	Addiction
LU	alert	a	Attention
LU	alert	n	Be_on_alert
LU	alert	n	Warning
LU	alias	n	Being_named
LU	alienating	a	Stimulus_focus
LU	alight	a	Fire_burning
LU	alight	v	Disembarking
LU	alike	a	Similarity
LU	alive	a	Dead_or_alive
LU	all	a	Quantified_mass
LU	all the time	r	Frequency
LU	allegation	n	Statement
LU	allege	v	Statement
LU	alleged	a	Unattributed_information
LU	allegedly	r	Unattributed_information
LU	allergic	a	Health_response
LU	allergist	n	Medical_professionals
LU	allergy	n	Health_response
LU	alleviate	v	Cure
LU	alleviation	n	Cure
LU	alliance	n	Alliance
LU	allonym	n	Being_named
LU	allopathy	n	Medical_specialties
LU	allow	v	Prevent_or_allow_possession
LU	allow	v	Preventing_or_letting
LU	allow	v	Prohibiting_or_licensing
LU	allow	v	Statement
LU	almond	n	Food
LU	alone	a	Accompaniment
LU	already	r	Time_vector
LU	also known as	a	Being_named
LU	altar	n	Building_subparts
LU	alter	v	Cause_change
LU	alteration	n	Cause_change
LU	altercation	n	Hostile_encounter
LU	altercation	n	Quarreling
LU	altered	a	Change_post-state
LU	alternative	n	Alternatives
LU	aluminum	n	Substance
LU	always	r	Frequency
LU	amalgamate	v	Amalgamation
LU	amalgamate	v	Cause_to_amalgamate
LU	amass	v	Amassing
LU	amass	v	Come_together
LU	amass	v	Gathering_up
LU	amateur	a	Expertise
LU	amateur	n	Expertise
LU	amaze	v	Experiencer_obj
LU	amazing	a	Desirability
LU	amazing	a	Stimulus_focus
LU	ambiguous	a	Linguistic_meaning
LU	ambition	n	Desiring
LU	amble	v	Self_motion
LU	ambrosial	a	Chemical-sense_description
LU	ambulance	n	Vehicle
LU	ambush	n	Attack
LU	ambush	v	Attack
LU	ameliorate	v	Improvement_or_decline
LU	amelioration	n	Improvement_or_decline
LU	amends	n	Reparation
LU	amerce	v	Fining
LU	american	a	Origin
LU	amiable	a	Social_interaction_evaluation
LU	amigo	n	Personal_relationship
LU	ammo	n	Ammunition
LU	ammunition	n	Ammunition
LU	amnesia	n	Medical_conditions
LU	amorous	a	Biological_urge
LU	amount	n	Quantified_mass
LU	amount	n	Quantity
LU	amount	v	Amounting_to
LU	amount	v	Being_in_category
LU	amphetamine	n	Intoxicants
LU	amphora	n	Containers
LU	ample	a	Size
LU	ample	a	Sufficiency
LU	ampule	n	Containers
LU	amputate	v	Removing
LU	amuse	v	Cause_to_experience
LU	amused	a	Emotion_directed
LU	amusement	n	Emotion_directed
LU	amusing	a	Stimulus_focus
LU	analyse	v	Scrutiny
LU	analysis	n	Scrutiny
LU	analyst	n	Scrutiny
LU	analytic	a	Scrutiny
LU	ancestor	n	Kinship
LU	ancestral	a	Kinship
LU	anchor	v	Attaching
LU	anchored	a	Being_attached
LU	ancient	a	Age
LU	ancient	a	Temporal_collocation
LU	anesthesiologist	n	Medical_professionals
LU	anger	n	Emotion_directed
LU	anger	v	Experiencer_obj
LU	angle	v	Motion_directional
LU	angle	v	Path_shape
LU	angry	a	Emotion_directed
LU	anguish	n	Emotion_directed
LU	anguished	a	Emotion_directed
LU	angular	a	Body_description_holistic
LU	anhydrate	v	Cause_to_be_dry
LU	animal	n	Animals
LU	ankle	n	Body_parts
LU	anklet	n	Accoutrements
LU	annihilate	v	Destroying
LU	annihilate	v	Killing
LU	annihilation	n	Destroying
LU	annihilation	n	Killing
LU	announce	v	Omen
LU	announce	v	Statement
LU	announcement	n	Statement
LU	annoy	v	Experiencer_obj
LU	annoyance	n	Emotion_directed
LU	annoyance	n	Stimulus_focus
LU	annoyed	a	Annoyance
LU	annoying	a	Stimulus_focus
LU	annual	a	Frequency
LU	anoint	v	Filling
LU	anoint	v	Rite
LU	anorexia	n	Medical_conditions
LU	another	a	Increment
LU	another	n	Increment
LU	answer	n	Communication_response
LU	answer	n	Resolve_problem
LU	answer	v	Communication_response
LU	antagonize	v	Experiencer_obj
LU	antecedent	a	Relative_time
LU	antechamber	n	Building_subparts
LU	antenna	n	Body_parts
LU	anteroom	n	Building_subparts
LU	anthropologist	n	People_by_vocation
LU	anticipate	v	Expectation
LU	antipathy	n	Experiencer_focus
LU	antler	n	Body_parts
LU	antonym	n	Word_relations
LU	anus	n	Body_parts
LU	anxious	a	Emotion_directed
LU	any	a	Quantified_mass
LU	anyhow	r	Presentation_of_mitigation
LU	anyway	r	Presentation_of_mitigation
LU	apartment	n	Building_subparts
LU	ape	v	Imitating
LU	apex	n	Part_orientational
LU	apocalypse	n	Catastrophe
LU	appalled	a	Emotion_directed
LU	appalling	a	Desirability
LU	appalling	a	Stimulus_focus
LU	apparatus	n	Gizmo
LU	apparel	n	Clothing
LU	appeal	n	Appeal
LU	appeal	n	Request
LU	appeal	v	Appeal
LU	appeal	v	Experiencer_obj
LU	appear	v	Arriving
LU	appear	v	Becoming_visible
LU	appear	v	Circumscribed_existence
LU	appear	v	Coming_to_be
LU	appear	v	Give_impression
LU	appear	v	Performers_and_roles
LU	appear	v	Publishing
LU	appellant	n	Appeal
LU	appellate	a	Appeal
LU	append	v	Attaching
LU	appendage	n	Body_parts
LU	applaud	v	Judgment
LU	apple	n	Food
LU	appliance	n	Gizmo
LU	application	n	Using
LU	apply	v	Come_into_effect
LU	apply	v	Using
LU	appoint	v	Appointing
LU	appraisal	n	Assessing
LU	appraise	v	Assessing
LU	appreciate	v	Judgment
LU	appreciate	v	Regard
LU	appreciation	n	Judgment
LU	appreciative	a	Judgment
LU	appreciative	a	Regard
LU	apprehend	v	Arrest
LU	apprehend	v	Grasp
LU	apprehension	n	Arrest
LU	apprehension	n	Fear
LU	apprehensive	a	Experiencer_focus
LU	apprise	v	Telling
LU	approach	n	Arriving
LU	approach	n	Means
LU	approach	v	Arriving
LU	approbation	n	Judgment
LU	appropriate	a	Suitability
LU	approval	n	Deny_or_grant_permission
LU	approve	v	Deny_or_grant_permission
LU	approve	v	Judgment
LU	approving	a	Judgment
LU	approximately	r	Proportional_quantity
LU	apron	n	Clothing
LU	arch	v	Body_movement
LU	archaeologist	n	People_by_vocation
LU	archipelago	n	Natural_features
LU	architect	n	People_by_vocation
LU	archive	v	Placing
LU	arduous	a	Difficulty
LU	area	n	Dimension
LU	area	n	Fields
LU	area	n	Locale
LU	arena	n	Buildings
LU	argue	v	Evidence
LU	argue	v	Quarreling
LU	argue	v	Reasoning
LU	argument	n	Evidence
LU	argument	n	Quarreling
LU	argument	n	Reasoning
LU	arise	v	Coming_to_be
LU	arm	n	Body_parts
LU	arm	n	Shaped_part
LU	armband	n	Accoutrements
LU	armed	a	Bearing_arms
LU	armed forces	n	Military
LU	armlet	n	Accoutrements
LU	armor	n	Armor
LU	arms	n	Weapon
LU	army	n	Aggregate
LU	army	n	Military
LU	aroma	n	Chemical-sense_description
LU	aroma	n	Sensation
LU	aromatic	a	Chemical-sense_description
LU	around	r	Dimension
LU	arousal	n	Biological_urge
LU	arouse	v	Cause_to_start
LU	arouse	v	Experiencer_obj
LU	aroused	a	Biological_urge
LU	arraign	v	Arraignment
LU	arraignment	n	Arraignment
LU	arrange	v	Arranging
LU	arrange	v	Placing
LU	arrange	v	Scheduling
LU	arrangement	n	Arranging
LU	array	n	Diversity
LU	array	v	Arranging
LU	arrest	n	Arrest
LU	arrest	v	Arrest
LU	arrest	v	Cause_to_end
LU	arrival	n	Arriving
LU	arrive	v	Arriving
LU	arrive	v	Personal_success
LU	arsenal	n	Weapon
LU	arson	n	Arson
LU	arson	n	Offenses
LU	arsonist	n	Arson
LU	art	n	Craft
LU	art	n	Fields
LU	artery	n	Roadways
LU	arthritis	n	Medical_conditions
LU	article	n	Text
LU	articulate	v	Expressing_publicly
LU	artifact	n	Artifact
LU	artificial	a	Artificiality
LU	artillery	n	Weapon
LU	artist	n	Create_physical_artwork
LU	artist	n	People_by_vocation
LU	artistic	a	Fields
LU	as	r	Relative_time
LU	as	r	Temporal_collocation
LU	as hell	r	Degree
LU	as of late	r	Temporal_collocation
LU	as of yet	r	Continued_state_of_affairs
LU	as yet	r	Continued_state_of_affairs
LU	ascend	v	Intentional_traversing
LU	ascend	v	Path_shape
LU	ascend	v	Traversing
LU	ascent	n	Path_shape
LU	ascent	n	Traversing
LU	ascertain	v	Coming_to_believe
LU	ashamed	a	Emotion_directed
LU	ashtray	n	Containers
LU	asian	a	Race_descriptor
LU	ask	v	Questioning
LU	ask	v	Request
LU	asleep	a	Sleep
LU	aspect	n	Distinctiveness
LU	asphalt	v	Filling
LU	asphalted	a	Abounding_with
LU	asphyxia	n	Medical_conditions
LU	asphyxiate	v	Death
LU	asphyxiate	v	Killing
LU	aspiration	n	Desiring
LU	aspire	v	Desiring
LU	assail	v	Attack
LU	assailant	n	Attack
LU	assassin	n	Killing
LU	assassinate	v	Killing
LU	assassination	n	Killing
LU	assault	n	Attack
LU	assault	n	Offenses
LU	assault	v	Attack
LU	assault rifle	n	Weapon
LU	assay	v	Scrutiny
LU	assemblage	n	Aggregate
LU	assemble	v	Assemble
LU	assemble	v	Building
LU	assemble	v	Come_together
LU	assemble	v	Creating
LU	assemble	v	Gathering_up
LU	assembly	n	Aggregate
LU	assembly	n	Building
LU	assembly line	n	Manufacturing
LU	assert	v	Statement
LU	assertion	n	Statement
LU	assess	v	Assessing
LU	assessment	n	Assessing
LU	assessment	n	Examination
LU	assets	n	Possession
LU	assignment	n	Being_obligated
LU	assist	v	Assistance
LU	assistance	n	Assistance
LU	assistant	n	Subordinates_and_superiors
LU	associate	n	Co-association
LU	associate	n	Collaboration
LU	associate	v	Condition_symptom_relation
LU	associate	v	Relating_concepts
LU	associated	a	Cognitive_connection
LU	associated	a	Membership
LU	association	n	Organization
LU	assorted	a	Diversity
LU	assortment	n	Aggregate
LU	assortment	n	Diversity
LU	assume	v	Adopt_selection
LU	assurance	n	Telling
LU	assure	v	Evidence
LU	assure	v	Telling
LU	assured	a	Likelihood
LU	assyrian	a	Origin
LU	asthma	n	Medical_conditions
LU	astonish	v	Experiencer_obj
LU	astonished	a	Emotion_directed
LU	astonishing	a	Desirability
LU	astonishing	a	Stimulus_focus
LU	astonishment	n	Emotion_directed
LU	astound	v	Experiencer_obj
LU	astounded	a	Emotion_directed
LU	astounding	a	Desirability
LU	astounding	a	Stimulus_focus
LU	astute	a	Mental_property
LU	astuteness	n	Mental_property
LU	asymptomatic	a	Condition_symptom_relation
LU	at a minimum	r	Presentation_of_mitigation
LU	at any rate	r	Presentation_of_mitigation
LU	at large	a	Detaining
LU	at least	r	Presentation_of_mitigation
LU	at least	r	Proportional_quantity
LU	at most	r	Proportional_quantity
LU	at present	r	Temporal_collocation
LU	at the least	r	Presentation_of_mitigation
LU	at the time	r	Temporal_collocation
LU	at times	r	Frequency
LU	at variance	a	Compatibility
LU	atelier	n	Building_subparts
LU	athlete	n	People_by_vocation
LU	atoll	n	Natural_features
LU	atomic bomb	n	Weapon
LU	atomic weapon	n	Weapon
LU	atone	v	Atonement
LU	atonement	n	Atonement
LU	atoner	n	Atonement
LU	atrocious	a	Desirability
LU	atrocious	a	Social_interaction_evaluation
LU	atropine	n	Substance
LU	attach	v	Attaching
LU	attach	v	Becoming_attached
LU	attached	a	Being_attached
LU	attachment [act]	n	Attaching
LU	attachment [item]	n	Attaching
LU	attack	n	Attack
LU	attack	n	Judgment_communication
LU	attack	v	Attack
LU	attack	v	Firefighting
LU	attack	v	Judgment_communication
LU	attacker	n	Attack
LU	attempt	n	Attempt
LU	attempt	v	Attempt
LU	attempt	v	Medical_intervention
LU	attend	v	Attending
LU	attend	v	Attention
LU	attend	v	Perception_active
LU	attendance	n	Attending
LU	attendant	n	People_by_vocation
LU	attention	n	Attention
LU	attentive	a	Attention
LU	attest	v	Affirm_or_deny
LU	attest	v	Evidence
LU	attest	v	Statement
LU	attic	n	Building_subparts
LU	attire	n	Clothing
LU	attired	a	Wearing
LU	attorney	n	People_by_vocation
LU	attract	v	Cause_motion
LU	auction	n	Commerce_sell
LU	auction	v	Commerce_sell
LU	audacious	a	Daring
LU	audaciousness	n	Daring
LU	audacity	n	Daring
LU	audible	a	Obviousness
LU	auditorium	n	Buildings
LU	augmentation	n	Cause_expansion
LU	augur	v	Omen
LU	aunt	n	Appellations
LU	aunt	n	Kinship
LU	auntie	n	Kinship
LU	austere	a	Frugality
LU	austere	a	Gradable_artistic_quality
LU	austerity	n	Frugality
LU	author	v	Text_creation
LU	authoritarian	a	Strictness
LU	authority	n	Authority
LU	authority	n	Leadership
LU	authorization	n	Documents
LU	authorize	v	Deny_or_grant_permission
LU	autobahn	n	Roadways
LU	autobiography	n	Text
LU	autochthonous	a	Indigenous_origin
LU	automatic weapon	n	Weapon
LU	automobile	n	Vehicle
LU	autumn	n	Calendric_unit
LU	avail oneself	v	Using
LU	avalanche	n	Quantified_mass
LU	avenge	v	Revenge
LU	avenger	n	Revenge
LU	avenue	n	Roadways
LU	aver	v	Statement
LU	average	a	Desirability
LU	average	a	Typicality
LU	avert	v	Preventing_or_letting
LU	avoid	v	Avoiding
LU	avoid	v	Preventing_or_letting
LU	avoidance	n	Avoiding
LU	avow	v	Statement
LU	avowal	n	Statement
LU	await	v	Expectation
LU	awake	a	Being_awake
LU	awake	v	Waking_up
LU	awaken	v	Cause_to_wake
LU	aware	a	Awareness
LU	awareness	n	Awareness
LU	awesome	a	Desirability
LU	awful	a	Desirability
LU	awful	a	Expertise
LU	azure	a	Color
LU	babble	n	Communication_noise
LU	babble	n	Sounds
LU	babble	v	Communication_manner
LU	babble	v	Make_noise
LU	baby	n	People_by_age
LU	bachelor	n	Personal_relationship
LU	back	a	Part_orientational
LU	back	n	Body_parts
LU	back	n	Part_orientational
LU	back	v	Funding
LU	back	v	Self_motion
LU	back	v	Taking_sides
LU	back of beyond	n	Isolated_places
LU	back out	v	Going_back_on_a_commitment
LU	back then	n	Temporal_collocation
LU	backcountry	n	Isolated_places
LU	backfire	n	Fire_burning
LU	backfire	n	Setting_back_burn
LU	backing	n	Taking_sides
LU	backpack	n	Containers
LU	backwater	n	Isolated_places
LU	backwoods	n	Isolated_places
LU	bacterial meningitis	n	Medical_conditions
LU	bad	a	Desirability
LU	bad	a	Expertise
LU	bad	a	Morality_evaluation
LU	bad apple	n	People_by_morality
LU	bad idea	n	Desirable_event
LU	badge	n	Accoutrements
LU	badger	v	Manipulate_into_doing
LU	badinage	n	Chatting
LU	baffle	v	Experiencer_obj
LU	baffled	a	Emotion_directed
LU	bafflement	n	Emotion_directed
LU	baffling	a	Stimulus_focus
LU	bag	n	Containers
LU	bag	n	Measure_volume
LU	bag	v	Hunting_success_or_failure
LU	bag	v	Placing
LU	bag	v	Theft
LU	bagful	n	Measure_volume
LU	bail	n	Bail_decision
LU	bake	v	Absorb_heat
LU	bake	v	Apply_heat
LU	bake	v	Cooking_creation
LU	baking	n	Apply_heat
LU	baking	n	Cooking_creation
LU	balaclava	n	Accoutrements
LU	balanced	a	Precariousness
LU	ball	n	Shapes
LU	ball	n	Social_event
LU	ball up	v	Bungling
LU	ballad	n	Text
LU	ballgown	n	Clothing
LU	ballistic missile	n	Weapon
LU	balloon	v	Change_position_on_a_scale
LU	balloon	v	Operate_vehicle
LU	ballpark figure	n	Estimated_value
LU	ballroom	n	Building_subparts
LU	ban	n	Prohibiting_or_licensing
LU	ban	v	Prohibiting_or_licensing
LU	banana	n	Food
LU	band	n	Aggregate
LU	band	v	Come_together
LU	band together	v	Amalgamation
LU	band together	v	Come_together
LU	bandanna	n	Accoutrements
LU	bang	n	Sounds
LU	bang	v	Cause_impact
LU	bang	v	Impact
LU	bang	v	Motion_noise
LU	bang	v	Sex
LU	bang away	v	Work
LU	bangle	n	Accoutrements
LU	bank	n	Businesses
LU	bank	n	Relational_natural_features
LU	bank (on)	v	Reliance_on_expectation
LU	bankroll	v	Funding
LU	bankrupt	a	Wealthiness
LU	banquet	n	Social_event
LU	banquet room	n	Building_subparts
LU	banter	n	Chatting
LU	baptism	n	Rite
LU	baptist	n	People_by_religion
LU	baptize	v	Name_conferral
LU	baptize	v	Rite
LU	bar	n	Buildings
LU	bar	n	Natural_features
LU	bar	v	Prohibiting_or_licensing
LU	bar mitzvah	n	Rite
LU	barbaric	a	Social_interaction_evaluation
LU	barbecue	n	Social_event
LU	barbecue	v	Absorb_heat
LU	barbecue	v	Apply_heat
LU	barbiturate	n	Intoxicants
LU	bare	a	Wearing
LU	bare	v	Wearing
LU	bare-armed	a	Wearing
LU	bare-breasted	a	Wearing
LU	bare-chested	a	Wearing
LU	barefoot	a	Wearing
LU	barefooted	a	Wearing
LU	bareheaded	a	Wearing
LU	barelegged	a	Wearing
LU	barely	r	Proportional_quantity
LU	barge	v	Self_motion
LU	barge	v	Sending
LU	bark	n	Sounds
LU	bark	v	Communication_noise
LU	bark	v	Make_noise
LU	barn	n	Buildings
LU	baron	n	Leadership
LU	barony	n	Political_locales
LU	barracks	n	Buildings
LU	barrel	n	Containers
LU	barrel	n	Measure_volume
LU	barricade	v	Change_accessibility
LU	bartender	n	People_by_vocation
LU	base	a	Morality_evaluation
LU	base	n	Infrastructure
LU	base	n	Locale_by_use
LU	base	n	Part_orientational
LU	baseline	n	Rank
LU	basement	n	Building_subparts
LU	bash	n	Social_event
LU	bash	v	Cause_harm
LU	basic	a	Being_necessary
LU	basil	n	Food
LU	basilica	n	Buildings
LU	basin	n	Containers
LU	basis	n	Reason
LU	basket	n	Containers
LU	bat	v	Body_movement
LU	batch	n	Aggregate
LU	bathe	v	Grooming
LU	bathhouse	n	Locale_by_use
LU	bathrobe	n	Clothing
LU	bathroom	n	Building_subparts
LU	batter	v	Abusing
LU	batter	v	Cause_harm
LU	battery	n	Offenses
LU	battle	n	Firefighting
LU	battle	n	Hostile_encounter
LU	battle	v	Firefighting
LU	battle	v	Hostile_encounter
LU	battlefield	n	Locale_by_event
LU	bawl	v	Communication_noise
LU	bay	n	Natural_features
LU	bayonet	v	Cause_harm
LU	bayou	n	Natural_features
LU	be	v	Performers_and_roles
LU	be killing	v	Perception_body
LU	be like	v	Statement
LU	be supposed (to)	v	Required_event
LU	be supposed to	v	Desirable_event
LU	beach	n	Natural_features
LU	beak	n	Body_parts
LU	beaker	n	Containers
LU	bear	v	Bringing
LU	bear	v	Change_direction
LU	bear	v	Giving_birth
LU	bear	v	Path_shape
LU	bear	v	Tolerating
LU	bear arms	v	Bearing_arms
LU	beard	n	Body_parts
LU	bearded	a	Body_description_part
LU	bearing	n	Conduct
LU	beat	a	Biological_urge
LU	beat	n	Temporal_pattern
LU	beat	v	Beat_opponent
LU	beat	v	Cause_harm
LU	beat up	v	Cause_harm
LU	beau	n	Personal_relationship
LU	beautiful	a	Aesthetics
LU	beck	n	Natural_features
LU	beckon	v	Gesture
LU	becloud	v	Eclipse
LU	beclouded	a	Eclipse
LU	become	v	Becoming
LU	become	v	Suitability
LU	bed	v	Sex
LU	bedecked	a	Abounding_with
LU	bedroom	n	Building_subparts
LU	bedsore	n	Body_mark
LU	beef	n	Food
LU	beef up	v	Cause_change_of_strength
LU	beefy	a	Body_description_holistic
LU	beep	n	Sounds
LU	beep	v	Cause_to_make_noise
LU	beep	v	Make_noise
LU	beer	n	Food
LU	befall	v	Catastrophe
LU	befog	v	Eclipse
LU	befogged	a	Eclipse
LU	beforehand	r	Time_vector
LU	befriend	v	Forming_relationships
LU	befriend	v	Personal_relationship
LU	befuddled	a	Emotion_directed
LU	beg	v	Attempt_suasion
LU	beg	v	Request
LU	beg off	v	Withdraw_from_participation
LU	beget	v	Giving_birth
LU	begin	v	Activity_start
LU	begin	v	Process_start
LU	beginner	n	Activity_start
LU	beginning	n	Temporal_subregion
LU	beguile	v	Experiencer_obj
LU	beguiling	a	Stimulus_focus
LU	behave	v	Conduct
LU	behavior	n	Conduct
LU	behead	v	Killing
LU	beheading	n	Killing
LU	behind	r	Relative_time
LU	behind bars	r	Being_incarcerated
LU	behoove	v	Being_obligatory
LU	beige	a	Color
LU	bejewelled	a	Abounding_with
LU	belated	a	Relative_time
LU	belch	v	Excreting
LU	beleaguer	v	Besieging
LU	belfry	n	Building_subparts
LU	belief	n	Opinion
LU	belief	n	Religious_belief
LU	believe	v	Awareness
LU	believe	v	Certainty
LU	believe	v	Opinion
LU	believe	v	Religious_belief
LU	believe	v	Trust
LU	believe (in)	v	Taking_sides
LU	believer	n	Opinion
LU	belittle	v	Judgment_communication
LU	belittlement	n	Judgment_communication
LU	belittling	n	Judgment_communication
LU	bell	n	Noise_makers
LU	belligerent	n	Irregular_combatants
LU	bellow	n	Sounds
LU	bellow	v	Communication_noise
LU	bellow	v	Make_noise
LU	belly	n	Body_parts
LU	belly-ache	v	Complaining
LU	belong	v	Membership
LU	belong	v	Possession
LU	belongings	n	Possession
LU	belt	n	Accoutrements
LU	belt	n	Locale_by_characteristic_entity
LU	belt	v	Cause_harm
LU	ben	n	Building_subparts
LU	bend	v	Body_movement
LU	bend	v	Change_posture
LU	bend	v	Path_shape
LU	bend	v	Posture
LU	bend	v	Reshaping
LU	benediction	n	Text
LU	benefit	n	Conferring_benefit
LU	benefit	n	Social_event
LU	benefit	v	Conferring_benefit
LU	bent	a	Posture
LU	bent	a	Purpose
LU	bequeath	v	Giving
LU	bequest	n	Giving
LU	berate	v	Judgment_direct_address
LU	beret	n	Accoutrements
LU	berg	n	Natural_features
LU	berry	n	Food
LU	beseech	v	Request
LU	besiege	v	Besieging
LU	besiegement	n	Besieging
LU	bespattered	a	Abounding_with
LU	best	v	Required_event
LU	best thing since sliced bread	n	Desirability
LU	bestow	v	Placing
LU	bet	v	Wagering
LU	bethink oneself	v	Memory
LU	betide	v	Catastrophe
LU	betoken	v	Omen
LU	betroth	v	Forming_relationships
LU	betrothal	n	Forming_relationships
LU	betrothed	a	Personal_relationship
LU	betrothed	n	Personal_relationship
LU	better	v	Required_event
LU	better	v	Surpassing
LU	bevy	n	Aggregate
LU	bewilder	v	Experiencer_obj
LU	bewildered	a	Emotion_directed
LU	bewildering	a	Stimulus_focus
LU	bewilderment	n	Emotion_directed
LU	bewitch	v	Experiencer_obj
LU	bewitching	a	Stimulus_focus
LU	beyond compare	a	Beyond_compare
LU	bi-annual	a	Frequency
LU	bi-monthly	a	Frequency
LU	bias	n	Partiality
LU	bias	v	Partiality
LU	biased	a	Partiality
LU	bicker	v	Quarreling
LU	bickering	n	Quarreling
LU	bicycle	n	Vehicle
LU	bicycle	v	Operate_vehicle
LU	bide its time	v	Waiting
LU	biennial	a	Frequency
LU	biff	v	Cause_harm
LU	big	a	Size
LU	big	a	Trendiness
LU	big around	a	Measurable_attributes
LU	big mouth	n	Volubility
LU	big name	n	Fame
LU	big-boned	a	Body_description_holistic
LU	bike	n	Vehicle
LU	bike	v	Bringing
LU	bike	v	Operate_vehicle
LU	bikini	n	Clothing
LU	bilious	a	Biological_urge
LU	bill	n	Body_parts
LU	bill	v	Billing
LU	billet	v	Placing
LU	billions	n	Quantified_mass
LU	bin	n	Containers
LU	bin	v	Placing
LU	bind	n	Predicament
LU	bind	v	Attaching
LU	bind	v	Becoming_attached
LU	bind	v	Imposing_obligation
LU	binding	a	Being_in_effect
LU	binding	a	Being_obligatory
LU	bioactive	a	Active_substance
LU	biocompatible	a	Compatibility
LU	biodefense	n	Defending
LU	biography	n	Text
LU	biological	a	Weapon
LU	biological weapon	n	Weapon
LU	biologist	n	People_by_vocation
LU	biotechnology	n	Artifact
LU	bioterrorism	n	Terrorism
LU	bioterrorist	n	Terrorism
LU	bird	n	Vehicle
LU	biretta	n	Accoutrements
LU	birth	n	Giving_birth
LU	birth	v	Giving_birth
LU	birthday	n	Commemorative
LU	birthmark	n	Body_mark
LU	biscuit	n	Food
LU	bisect	v	Separating
LU	bishop	n	Appellations
LU	bishop	n	Leadership
LU	bitch	v	Complaining
LU	bite	n	Measure_by_action
LU	bitter	a	Chemical-sense_description
LU	bitterness	n	Emotion_directed
LU	bitty	a	Size
LU	bivouac	n	Residence
LU	bivouac	v	Residence
LU	blabber	v	Communication_manner
LU	black	a	Color
LU	black	a	Level_of_light
LU	black	a	Race_descriptor
LU	black out	v	Fall_asleep
LU	black-haired	a	Body_description_part
LU	blackhead	n	Body_mark
LU	blackmail	v	Manipulate_into_doing
LU	blame	n	Judgment
LU	blame	v	Judgment
LU	blame	v	Judgment_communication
LU	blameworthy	a	Praiseworthiness
LU	blanch	v	Absorb_heat
LU	blanch	v	Apply_heat
LU	bland	a	Chemical-sense_description
LU	blanket	v	Distributed_position
LU	blanketed	a	Abounding_with
LU	blare	n	Sounds
LU	blare	v	Cause_to_make_noise
LU	blare	v	Make_noise
LU	blast	n	Explosion
LU	blast	n	Sounds
LU	blast	v	Cause_to_make_noise
LU	blast	v	Destroying
LU	blast	v	Judgment_communication
LU	blast	v	Make_noise
LU	blast	v	Sound_movement
LU	blasted	a	Intoxication
LU	blatant	a	Prominence
LU	blaze	n	Fire_burning
LU	blaze	v	Fire_burning
LU	blazer	n	Clothing
LU	bleat	n	Sounds
LU	bleat	v	Communication_noise
LU	bleat	v	Make_noise
LU	blemish	n	Body_mark
LU	blend	v	Amalgamation
LU	blend	v	Cause_to_amalgamate
LU	bless	v	Rite
LU	blessing	n	Rite
LU	blind	n	Front_for
LU	blink	v	Body_movement
LU	blister	n	Body_mark
LU	blizzard	n	Weather
LU	block	n	Measure_linear_extent
LU	block	v	Eclipse
LU	block	v	Hiding_objects
LU	block	v	Hindering
LU	block off	v	Change_accessibility
LU	blockade	n	Change_accessibility
LU	blockade	v	Change_accessibility
LU	blocked	a	Having_or_lacking_access
LU	blockhouse	n	Buildings
LU	blond	a	Hair_configuration
LU	blonde	a	Hair_configuration
LU	blonde	n	Body_description_part
LU	blood on hands	n	Guilt_or_innocence
LU	blood pressure cuff	n	Medical_instruments
LU	blood-bath	n	Killing
LU	blood-curdling	a	Stimulus_focus
LU	bloodshed	n	Killing
LU	blot out	v	Eclipse
LU	blotch	n	Body_mark
LU	blotto	a	Intoxication
LU	blouse	n	Clothing
LU	blow	v	Breathing
LU	blow	v	Bungling
LU	blow	v	Detonate_explosive
LU	blow	v	Explosion
LU	blow	v	Motion
LU	blow cool	v	Losing_it
LU	blow it	v	Bungling
LU	blow out	v	Putting_out_fire
LU	blow up	v	Cause_expansion
LU	blow up	v	Destroying
LU	blow up	v	Detonate_explosive
LU	blow up	v	Explosion
LU	bludgeon	v	Cause_harm
LU	blue	a	Color
LU	blue	a	Emotion_directed
LU	blue-eyed	a	Body_description_part
LU	blunt	a	Candidness
LU	blunt	a	Sharpness
LU	blunt	v	Cause_to_be_sharp
LU	bluntness	n	Candidness
LU	blusher	n	Body_decoration
LU	bluster	v	Communication_manner
LU	board	n	Artifact
LU	board	n	Controller_object
LU	board	n	Organization
LU	board	v	Board_vehicle
LU	board	v	Temporary_stay
LU	board [computer]	n	Part_piece
LU	board [forum]	n	Information_display
LU	board [game]	n	Artifact
LU	board [white/black/chalk]	n	Information_display
LU	boast	n	Bragging
LU	boast	v	Bragging
LU	boastful	a	Bragging
LU	boat	n	Vehicle
LU	boat	v	Operate_vehicle
LU	boater	n	Accoutrements
LU	boatload	n	Measure_volume
LU	bob	v	Body_movement
LU	bode	v	Omen
LU	bodice	n	Clothing
LU	body	n	Aggregate
LU	body	n	Body_parts
LU	bodyguard	n	People_by_vocation
LU	bog	n	Biological_area
LU	boggle	v	Experiencer_obj
LU	bogus	a	Artificiality
LU	boil	n	Body_mark
LU	boil	v	Absorb_heat
LU	boil	v	Apply_heat
LU	boil	v	Cause_change_of_phase
LU	boil	v	Cause_harm
LU	boil	v	Emotion_heat
LU	boil down	v	Summarizing
LU	boiling	n	Apply_heat
LU	bollix	v	Bungling
LU	bollix up	v	Bungling
LU	bolster	v	Supporting
LU	bolt	n	Connectors
LU	bolt	v	Fleeing
LU	bolt	v	Quitting_a_place
LU	bolted	a	Being_attached
LU	bomb	n	Weapon
LU	bomb	v	Attack
LU	bombard	v	Attack
LU	bombardment	n	Attack
LU	bombing	n	Attack
LU	bond	n	Bail_decision
LU	bond	n	Connectors
LU	bond	n	Social_connection
LU	bond	v	Attaching
LU	bone	v	Emptying
LU	bone	v	Sex
LU	bone-weary	a	Biological_urge
LU	bonfire	n	Fire_burning
LU	bonnet	n	Accoutrements
LU	bony	a	Body_description_holistic
LU	boo	v	Judgment
LU	book	n	Aggregate
LU	book	n	Part_ordered_segments
LU	book	n	Records
LU	book	n	Text
LU	book	v	Arrest
LU	book	v	Reserving
LU	booking	n	Reserving
LU	booklet	n	Text
LU	boom	n	Sounds
LU	boom	v	Make_noise
LU	boondocks	n	Isolated_places
LU	boonies	n	Isolated_places
LU	boorish	a	Social_interaction_evaluation
LU	boot	n	Clothing
LU	boot	v	Change_operational_state
LU	bootlace	n	Clothing_parts
LU	bop	v	Self_motion
LU	border	n	Boundary
LU	border	v	Adjacency
LU	border	v	Locative_relation
LU	bordering	a	Adjacency
LU	bore	v	Experiencer_obj
LU	bored	a	Emotion_directed
LU	boredom	n	Emotion_directed
LU	boring	a	Stimulus_focus
LU	born	v	Being_born
LU	borough	n	Political_locales
LU	borrow	v	Borrowing
LU	boss	n	Leadership
LU	botch	v	Bungling
LU	botch up	v	Bungling
LU	both	a	Quantified_mass
LU	bothersome	a	Stimulus_focus
LU	bottle	n	Containers
LU	bottle	n	Measure_volume
LU	bottle	v	Placing
LU	bottom	a	Part_orientational
LU	bottom	n	Part_orientational
LU	boudoir	n	Building_subparts
LU	boulevard	n	Roadways
LU	bound	a	Being_attached
LU	bound	a	Being_obligated
LU	bound	a	Likelihood
LU	bound	v	Self_motion
LU	boundary	n	Boundary
LU	bouquet	n	Chemical-sense_description
LU	bouquet	n	Sensation
LU	bout	n	Hostile_encounter
LU	boutique	n	Businesses
LU	boutique	n	Locale_by_use
LU	bow	n	Weapon
LU	bow-legged	a	Body_description_part
LU	bow-tie	n	Clothing
LU	bowl	n	Containers
LU	bowl	n	Measure_volume
LU	bowler	n	Accoutrements
LU	box	n	Containers
LU	box	n	Measure_volume
LU	box	v	Placing
LU	boxful	n	Measure_volume
LU	boy	n	Attention_getting
LU	boy	n	People_by_age
LU	boyfriend	n	Personal_relationship
LU	bra	n	Clothing
LU	brace	n	Cardinal_numbers
LU	brace	v	Change_resistance
LU	bracelet	n	Accoutrements
LU	bracket	v	Attaching
LU	bracket	v	Categorization
LU	bracket	v	Locative_relation
LU	brag	v	Bragging
LU	braggart	n	Bragging
LU	braid	n	Clothing_parts
LU	braid	n	Hair_configuration
LU	braid	v	Rope_manipulation
LU	braided	a	Hair_configuration
LU	brainless	a	Mental_property
LU	braise	v	Absorb_heat
LU	braise	v	Apply_heat
LU	brake	n	Vehicle_subpart
LU	braless	a	Wearing
LU	brand	n	Type
LU	brand	v	Labeling
LU	brand name	n	Being_named
LU	brassiere	n	Clothing
LU	brawl	n	Hostile_encounter
LU	brawl	v	Hostile_encounter
LU	brawny	a	Body_description_holistic
LU	bray	n	Sounds
LU	bray	v	Communication_noise
LU	bray	v	Make_noise
LU	breach	n	Compliance
LU	breach	v	Compliance
LU	bread	n	Food
LU	breadth	n	Dimension
LU	breadth	n	Diversity
LU	break	n	Opportunity
LU	break	v	Breaking_apart
LU	break	v	Breaking_off
LU	break	v	Cause_harm
LU	break	v	Cause_to_fragment
LU	break	v	Compliance
LU	break	v	Experience_bodily_harm
LU	break	v	Render_nonfunctional
LU	break apart	v	Breaking_apart
LU	break apart	v	Cause_to_fragment
LU	break down	v	Breaking_apart
LU	break down	v	Cause_to_fragment
LU	break out	v	Breaking_out_captive
LU	break out	v	Catching_fire
LU	break out	v	Process_start
LU	break up	v	Cause_to_fragment
LU	break-up	n	Personal_relationship
LU	breakaway	a	Offshoot
LU	breakfast	v	Ingestion
LU	breakneck	a	Speed_description
LU	breast	n	Body_parts
LU	breastplate	n	Clothing_parts
LU	breath	n	Breathing
LU	breathe	v	Breathing
LU	breathe fresh life	v	Rejuvenation
LU	breathe new life	v	Rejuvenation
LU	breathtaking	a	Stimulus_focus
LU	breeches	n	Clothing
LU	breed	n	Type
LU	bridge	n	Roadways
LU	brief	a	Duration_description
LU	brief	n	Documents
LU	brief	v	Telling
LU	briefcase	n	Containers
LU	briefs	n	Clothing
LU	brig	n	Prison
LU	bright	a	Color_qualities
LU	bright	a	Level_of_light
LU	bright	a	Location_of_light
LU	brilliance	n	Mental_property
LU	brilliant	a	Location_of_light
LU	brilliant	a	Mental_property
LU	brim	n	Clothing_parts
LU	brim	n	Shaped_part
LU	brimming	a	Abounding_with
LU	bring	v	Bringing
LU	bring	v	Causation
LU	bring about	v	Accomplishment
LU	bring about	v	Causation
LU	bring about	v	Cause_to_start
LU	bring forth	v	Giving_birth
LU	bring in	v	Food_gathering
LU	bring on	v	Causation
LU	bring to attention	v	Cause_to_perceive
LU	bring to mind	v	Evoking
LU	bring together	v	Cause_to_amalgamate
LU	bring together	v	Gathering_up
LU	bro	n	Attention_getting
LU	broad	a	Dimension
LU	broad	a	Diversity
LU	broad	a	Measurable_attributes
LU	broad-minded	a	Mental_property
LU	brochure	n	Text
LU	broil	v	Absorb_heat
LU	broil	v	Apply_heat
LU	broiling	n	Apply_heat
LU	broke	a	Wealthiness
LU	broken	a	Being_operational
LU	bronchitis	n	Medical_conditions
LU	bronchoscope	n	Medical_instruments
LU	bronze	n	Physical_artworks
LU	brooch	n	Accoutrements
LU	brood	n	Aggregate
LU	brood	v	Cogitation
LU	brook	n	Natural_features
LU	brother	n	Appellations
LU	brother	n	Co-association
LU	brother	n	Kinship
LU	brother-in-law	n	Kinship
LU	brotherhood	n	Organization
LU	brow	n	Body_parts
LU	brown	a	Color
LU	brown	v	Absorb_heat
LU	brown	v	Apply_heat
LU	bruise	v	Cause_harm
LU	bruise	v	Experience_bodily_harm
LU	brunette	n	Body_description_part
LU	brush	v	Filling
LU	brush	v	Impact
LU	brush	v	Placing
LU	brush [hair]	v	Grooming
LU	brush [teeth]	v	Grooming
LU	brush fire	n	Fire_burning
LU	brushed	a	Abounding_with
LU	brusque	a	Volubility
LU	brutality	n	Violence
LU	bubble	v	Fluidic_motion
LU	bucket	n	Containers
LU	bucketful	n	Measure_volume
LU	buckle	n	Clothing_parts
LU	buckle	n	Fastener
LU	buckle	v	Closure
LU	buddhist	n	People_by_religion
LU	buddy	n	Attention_getting
LU	buddy	n	Personal_relationship
LU	buff	a	Color
LU	buff	n	Expertise
LU	buffet	v	Cause_harm
LU	buggy	n	Vehicle
LU	build	v	Building
LU	building	n	Buildings
LU	bulky	a	Size
LU	bull-headed	a	Mental_property
LU	bullet	n	Ammunition
LU	bulletin	n	Text
LU	bulletproof vest	n	Armor
LU	bullseye	n	Hit_or_miss
LU	bullshit	v	Prevarication
LU	bullshit artist	n	Prevarication
LU	bully	v	Manipulate_into_doing
LU	bulwark	n	Protecting
LU	bulwark	v	Change_resistance
LU	bumbling	a	Bungling
LU	bump	v	Impact
LU	bump uglies	v	Sex
LU	bunch	n	Aggregate
LU	bungalow	n	Buildings
LU	bungle	v	Bungling
LU	bungler	n	Bungling
LU	bungling	a	Bungling
LU	bunker	n	Buildings
LU	burble	n	Sounds
LU	burble	v	Communication_noise
LU	burble	v	Make_noise
LU	burglary	n	Offenses
LU	burn	n	Natural_features
LU	burn	v	Cause_harm
LU	burn	v	Emotion_heat
LU	burn	v	Experience_bodily_harm
LU	burn	v	Fire_burning
LU	burn	v	Perception_body
LU	burn out	v	Fire_going_out
LU	burn up	v	Subjective_temperature
LU	burp	v	Excreting
LU	burrow	v	Self_motion
LU	bury	v	Burying
LU	bus	n	Vehicle
LU	bus	v	Bringing
LU	bus	v	Ride_vehicle
LU	bush	n	Biological_area
LU	bushed	a	Biological_urge
LU	bushel	n	Measure_volume
LU	business	n	Businesses
LU	business card	n	Documents
LU	businessperson	n	People_by_vocation
LU	buskin	n	Clothing
LU	busload	n	Measure_volume
LU	bust	n	Arrest
LU	bust	v	Arrest
LU	bust out	v	Escaping
LU	busted	a	Being_operational
LU	bustle	v	Lively_place
LU	bustle	v	Self_motion
LU	busy	a	Gradable_artistic_quality
LU	busy	a	Lively_place
LU	butcher	v	Killing
LU	butchery	n	Killing
LU	butt	v	Cause_harm
LU	butte	n	Natural_features
LU	butter	n	Food
LU	butter	v	Filling
LU	buttered	a	Abounding_with
LU	buttery	n	Building_subparts
LU	buttocks	n	Body_parts
LU	button	n	Clothing_parts
LU	button	n	Controller_object
LU	button	n	Fastener
LU	button	v	Closure
LU	button (one's) lip	v	Becoming_silent
LU	buttress	v	Change_resistance
LU	buttress	v	Supporting
LU	buy	v	Commerce_buy
LU	buyer	n	Commerce_buy
LU	buzz	n	Sounds
LU	buzz	v	Lively_place
LU	buzz	v	Motion_noise
LU	bw	n	Hostile_encounter
LU	by-name	n	Being_named
LU	by-pass	v	Compliance
LU	bypass	n	Roadways
LU	byway	n	Roadways
LU	byzantine	a	Origin
LU	byzantine	a	System_complexity
LU	cab	n	Vehicle
LU	cabbage	n	Food
LU	cabin	n	Buildings
LU	cable	v	Communication_means
LU	cable	v	Contacting
LU	cache	n	Cache
LU	cache	v	Storing
LU	cackle	n	Sounds
LU	cackle	v	Communication_noise
LU	cackle	v	Make_noise
LU	caconym	n	Being_named
LU	cage	v	Placing
LU	cajole	v	Attempt_suasion
LU	cajole	v	Manipulate_into_doing
LU	cake	n	Food
LU	calamitous	a	Catastrophe
LU	calamity	n	Catastrophe
LU	calcium	n	Substance
LU	calendar year	n	Calendric_unit
LU	calibrate	v	Adjusting
LU	calibration	n	Adjusting
LU	caliph	n	Leadership
LU	call	n	Contacting
LU	call	n	Request
LU	call	n	Visiting
LU	call	v	Claim_ownership
LU	call	v	Communication_means
LU	call	v	Contacting
LU	call	v	Deserving
LU	call	v	Labeling
LU	call	v	Name_conferral
LU	call	v	Referring_by_name
LU	call	v	Request
LU	call	v	Simple_naming
LU	call forth	v	Cause_to_start
LU	call in	v	Contacting
LU	call name	v	Cause_emotion
LU	call to mind	v	Evoking
LU	call up	v	Contacting
LU	callus	n	Body_mark
LU	calm	a	Experiencer_focus
LU	calm	v	Experiencer_obj
LU	calming	a	Stimulus_focus
LU	calve	v	Giving_birth
LU	calving	n	Giving_birth
LU	camisole	n	Clothing
LU	camouflage	v	Hiding_objects
LU	camp	n	Residence
LU	camp	v	Residence
LU	campaign	n	Military_operation
LU	campanile	n	Buildings
LU	camped	a	Residence
LU	camper	n	Residence
LU	campfire	n	Fire_burning
LU	campus	n	Locale_by_use
LU	can	n	Containers
LU	can	n	Measure_volume
LU	can	v	Capability
LU	can	v	Firing
LU	can	v	Likelihood
LU	can	v	Possibility
LU	can	v	Preserving
LU	canadian	a	Origin
LU	canal	n	Locale_by_use
LU	cancer	n	Medical_conditions
LU	candid	a	Candidness
LU	candida	n	Medical_conditions
LU	candour	n	Candidness
LU	cane	v	Cause_harm
LU	cane	v	Corporal_punishment
LU	caning	n	Corporal_punishment
LU	canister	n	Containers
LU	cannabis	n	Intoxicants
LU	cannon	n	Weapon
LU	canny	a	Mental_property
LU	canoe	n	Vehicle
LU	canoe	v	Operate_vehicle
LU	canteen	n	Containers
LU	canter	v	Self_motion
LU	canyon	n	Natural_features
LU	cap	n	Accoutrements
LU	cap	v	Closure
LU	capability	n	Capability
LU	capable	a	Capability
LU	capacious	a	Size
LU	capacity	n	Capability
LU	cape	n	Clothing
LU	caper	v	Self_motion
LU	capital	a	Severity_of_offense
LU	capital	n	Money
LU	capital	n	Relational_political_locales
LU	capitulate	v	Giving_in
LU	captain	n	Appellations
LU	captain	n	Leadership
LU	captivate	v	Experiencer_obj
LU	captivated	a	Mental_stimulus_exp_focus
LU	captivating	a	Mental_stimulus_stimulus_focus
LU	captivating	a	Stimulus_focus
LU	captivity	n	Being_in_captivity
LU	capture	n	Taking_captive
LU	capture	v	Conquering
LU	capture	v	Taking_captive
LU	car	n	Vehicle
LU	car bomb	n	Improvised_explosive_device
LU	carafe	n	Containers
LU	caravan	n	Buildings
LU	caravan	v	Operate_vehicle
LU	caravanserai	n	Buildings
LU	cardigan	n	Clothing
LU	cardiologist	n	Medical_professionals
LU	cardiology	n	Medical_specialties
LU	care	v	Desiring
LU	carefully	r	Mental_property
LU	careless	a	Mental_property
LU	carelessly	r	Mental_property
LU	carelessness	n	Mental_property
LU	caress	n	Manipulation
LU	caress	v	Manipulation
LU	cargo	n	Store
LU	carjack	v	Piracy
LU	carjacking	n	Piracy
LU	carload	n	Measure_volume
LU	carnage	n	Killing
LU	carpenter	n	People_by_vocation
LU	carriage	n	Vehicle
LU	carrot	n	Food
LU	carry	v	Bearing_arms
LU	carry	v	Bringing
LU	carry	v	Carry_goods
LU	carry on	v	Activity_ongoing
LU	carry oneself	v	Conduct
LU	carry out	v	Intentionally_act
LU	carry to term	v	Giving_birth
LU	carryall	n	Containers
LU	cart	n	Containers
LU	cart	n	Vehicle
LU	cart	v	Bringing
LU	cartel	n	Organization
LU	carton	n	Containers
LU	cartridge	n	Containers
LU	carve	v	Create_representation
LU	carve	v	Cutting
LU	cascade	n	Natural_features
LU	cascade	n	System
LU	cascade	v	Fluidic_motion
LU	case	n	Containers
LU	case	n	Criminal_investigation
LU	case	n	Instance
LU	case	n	Measure_volume
LU	case	n	Reasoning
LU	case	n	Trial
LU	cash	n	Money
LU	cask	n	Containers
LU	casket	n	Containers
LU	casserole	n	Containers
LU	cast	v	Behind_the_scenes
LU	cast	v	Cause_motion
LU	cast	v	Communicate_categorization
LU	cast	v	Create_physical_artwork
LU	cast	v	Create_representation
LU	cast	v	Encoding
LU	cast off	v	Getting_vehicle_underway
LU	cast off	v	Vehicle_departure_initial_stage
LU	castigate	v	Judgment_communication
LU	castigation	n	Judgment_direct_address
LU	castigatory	a	Judgment_direct_address
LU	castle	n	Buildings
LU	casualty	n	Catastrophe
LU	cat	n	Animals
LU	cataclysm	n	Catastrophe
LU	catacomb	n	Building_subparts
LU	catalyze	v	Biological_mechanisms
LU	catapult	v	Cause_motion
LU	cataract	n	Medical_conditions
LU	cataract	n	Natural_features
LU	catastrophe	n	Catastrophe
LU	catastrophic	a	Catastrophe
LU	catch	v	Catching_fire
LU	catch	v	Come_down_with
LU	catch	v	Hunting_success_or_failure
LU	catch fire	v	Catching_fire
LU	catch on fire	v	Setting_fire
LU	categorization	n	Categorization
LU	categorize	v	Categorization
LU	category	n	Categorization
LU	cater	v	Assistance
LU	caterwaul	v	Make_noise
LU	catheter	n	Medical_instruments
LU	catnap	n	Sleep
LU	catnap	v	Sleep
LU	cauldron	n	Containers
LU	causative	a	Causation
LU	causative agent	n	Active_substance
LU	cause	n	Causation
LU	cause	n	Condition_symptom_relation
LU	cause	v	Causation
LU	cause	v	Condition_symptom_relation
LU	caution	n	Statement
LU	caution	v	Statement
LU	cave	n	Natural_features
LU	cave	v	Giving_in
LU	cave in	v	Giving_in
LU	cavern	n	Natural_features
LU	caw	n	Sounds
LU	caw	v	Make_noise
LU	cay	n	Natural_features
LU	cease	v	Activity_stop
LU	cease	v	Process_stop
LU	ceiling	n	Architectural_part
LU	celebration	n	Social_event
LU	cell	n	Building_subparts
LU	cellar	n	Building_subparts
LU	cellar	v	Storing
LU	cello	n	Noise_makers
LU	cement	n	Substance
LU	cement	v	Attaching
LU	cemetery	n	Locale_by_use
LU	censer	n	Containers
LU	censure	n	Judgment_communication
LU	censure	v	Judgment_communication
LU	center	n	Locale_by_use
LU	center	n	Part_inner_outer
LU	centered	a	Emphasizing
LU	centimeter	n	Measure_linear_extent
LU	central	a	Part_inner_outer
LU	centrifuge	n	Gizmo
LU	century	n	Calendric_unit
LU	century	n	Measure_duration
LU	cereal	n	Food
LU	certain	a	Certainty
LU	certain	a	Idiosyncrasy
LU	certain	a	Likelihood
LU	certain	a	Specific_individual
LU	certainly	r	Likelihood
LU	certainty	n	Certainty
LU	certainty	n	Likelihood
LU	certificate	n	Documents
LU	certify	v	Verification
LU	cessation	n	Process_stop
LU	cf	v	Reference_text
LU	chafe	v	Cause_bodily_experience
LU	chafe	v	Emotion_heat
LU	chafe	v	Perception_body
LU	chagrin	n	Emotion_directed
LU	chagrined	a	Emotion_directed
LU	chain	n	Accoutrements
LU	chain	n	Businesses
LU	chain	n	Connectors
LU	chain	v	Attaching
LU	chained	a	Being_attached
LU	chair	v	Leadership
LU	chairman	n	Appellations
LU	chairman	n	Leadership
LU	chairperson	n	Appellations
LU	chairperson	n	Leadership
LU	chalet	n	Buildings
LU	chalice	n	Containers
LU	challenge	n	Competition
LU	challenge	n	Difficulty
LU	challenge	v	Statement
LU	challenging	a	Difficulty
LU	chamber	n	Building_subparts
LU	chance	a	Coincidence
LU	chance	n	Alternatives
LU	chance	n	Coincidence
LU	chance	n	Daring
LU	chance	n	Likelihood
LU	chance	n	Opportunity
LU	chance	n	Probability
LU	chance	v	Coincidence
LU	chance	v	Daring
LU	chance (across)	v	Becoming_aware
LU	chance (on)	v	Becoming_aware
LU	chancellery	n	Building_subparts
LU	chances	n	Probability
LU	change	n	Undergo_change
LU	change	v	Cause_change
LU	change	v	Change_tool
LU	change	v	Exchange
LU	change	v	Exchange_currency
LU	change	v	Replacing
LU	change	v	Undergo_change
LU	changeable	a	Undergo_change
LU	changed	a	Change_post-state
LU	channel	n	Natural_features
LU	chant	v	Communication_manner
LU	chaos	n	Chaos
LU	chap	n	People
LU	chapel	n	Building_subparts
LU	chapter	n	Part_ordered_segments
LU	char	v	Absorb_heat
LU	char	v	Apply_heat
LU	character	n	People
LU	character	n	Performers_and_roles
LU	characteristic	a	Distinctiveness
LU	characteristic	n	Condition_symptom_relation
LU	characterization	n	Communicate_categorization
LU	characterize	v	Communicate_categorization
LU	characterize	v	Condition_symptom_relation
LU	characterize	v	Distinctiveness
LU	charge	n	Attack
LU	charge	n	Imposing_obligation
LU	charge	n	Judgment_communication
LU	charge	n	Leadership
LU	charge	n	Notification_of_charges
LU	charge	v	Attack
LU	charge	v	Imposing_obligation
LU	charge	v	Judgment_communication
LU	charge	v	Notification_of_charges
LU	charity	n	Giving
LU	charm	v	Experiencer_obj
LU	charm [count]	n	Stimulus_focus
LU	charm [mass]	n	Stimulus_focus
LU	charming	a	Stimulus_focus
LU	charter	n	Documents
LU	charter	v	Renting
LU	chase	v	Cotheme
LU	chastise	v	Judgment_direct_address
LU	chastisement	n	Judgment_direct_address
LU	chasuble	n	Clothing
LU	chat	n	Chatting
LU	chat	v	Chatting
LU	chateau	n	Buildings
LU	chatter	n	Sounds
LU	chatter	v	Communication_manner
LU	chatter	v	Impact
LU	chatter	v	Make_noise
LU	chatterbox	n	Volubility
LU	chatty	a	Volubility
LU	cheap	a	Expensiveness
LU	cheat	v	Manipulate_into_doing
LU	check	v	Inspecting
LU	check	v	Preventing_or_letting
LU	check	v	Scrutiny
LU	checkroom	n	Building_subparts
LU	cheek	n	Body_parts
LU	cheep	n	Sounds
LU	cheep	v	Make_noise
LU	cheer	v	Experiencer_obj
LU	cheering	a	Stimulus_focus
LU	cheese	n	Food
LU	cheesecake	n	Food
LU	chef	n	People_by_vocation
LU	chemical	a	Weapon
LU	chemical	n	Substance
LU	chemical weapon	n	Weapon
LU	chemise	n	Clothing
LU	chemist	n	People_by_vocation
LU	chest	n	Body_parts
LU	chest	n	Containers
LU	chest of drawers	n	Containers
LU	chew	v	Grinding
LU	chic	a	Trendiness
LU	chicken	n	Food
LU	chide	v	Judgment_direct_address
LU	chief	a	First_rank
LU	chief	n	Appellations
LU	chief	n	Leadership
LU	chief executive officer	n	Leadership
LU	chieftain	n	Leadership
LU	child	n	Appellations
LU	child	n	Kinship
LU	child	n	People_by_age
LU	child abuse	n	Offenses
LU	child's play	n	Difficulty
LU	chill	v	Cause_temperature_change
LU	chill	v	Change_of_temperature
LU	chilling	a	Stimulus_focus
LU	chilly	a	Ambient_temperature
LU	chin	n	Body_parts
LU	chinese	a	Origin
LU	chip	n	Part_piece
LU	chip	v	Breaking_off
LU	chip	v	Cause_to_fragment
LU	chip	v	Damaging
LU	chiropractic	n	Medical_specialties
LU	chiropractor	n	Medical_professionals
LU	chirp	n	Sounds
LU	chirp	v	Communication_noise
LU	chirp	v	Make_noise
LU	chirrup	v	Communication_noise
LU	chit-chat	n	Chatting
LU	chock-a-block	a	Abounding_with
LU	chock-full	a	Abounding_with
LU	chocolate	n	Food
LU	choice	n	Alternatives
LU	choice	n	Choosing
LU	choker	n	Accoutrements
LU	cholangitis	n	Medical_conditions
LU	cholecystitis	n	Medical_conditions
LU	cholecystoscope	n	Medical_instruments
LU	cholera	n	Medical_conditions
LU	choose	v	Choosing
LU	chop	v	Cause_harm
LU	chop	v	Cutting
LU	chopper	n	Vehicle
LU	christen	v	Name_conferral
LU	christen	v	Rite
LU	christening	n	Rite
LU	christian	n	People_by_religion
LU	chronic	a	Duration_description
LU	chronicle	n	Text
LU	chronicle	v	Recording
LU	chronicle	v	Text_creation
LU	chubby	a	Body_description_holistic
LU	chuck	v	Cause_motion
LU	chuckle	n	Sounds
LU	chuckle	v	Communication_noise
LU	chuckle	v	Make_noise
LU	chug	v	Motion_noise
LU	chum	n	Personal_relationship
LU	chummy	a	Personal_relationship
LU	chunk	n	Part_piece
LU	church	n	Buildings
LU	churlish	a	Social_interaction_evaluation
LU	cigarette	n	Intoxicants
LU	cinch	v	Attaching
LU	circle	n	Aggregate
LU	circle	n	Shapes
LU	circle	v	Motion
LU	circle	v	Traversing
LU	circlet	n	Accoutrements
LU	circuit	n	Path_traveled
LU	circular	a	Shapes
LU	circumcise	v	Rite
LU	circumcision	n	Rite
LU	circumference	n	Dimension
LU	circumspect	a	Candidness
LU	circumvent	v	Compliance
LU	cirque	n	Natural_features
LU	cirrhosis	n	Medical_conditions
LU	citadel	n	Buildings
LU	citation	n	Citing
LU	cite	v	Adducing
LU	cite	v	Citing
LU	cite	v	Judgment_communication
LU	citizen	n	People_by_jurisdiction
LU	citizenry	n	People_by_jurisdiction
LU	city	n	Locale_by_use
LU	city	n	Political_locales
LU	city hall	n	Buildings
LU	city-state	n	Political_locales
LU	civil	a	Social_interaction_evaluation
LU	civilian	n	Noncombatant
LU	civvie	n	Noncombatant
LU	clack	n	Sounds
LU	clack	v	Make_noise
LU	clack	v	Motion_noise
LU	clad	a	Wearing
LU	claim	n	Claim_ownership
LU	claim	n	Statement
LU	claim	v	Claim_ownership
LU	claim	v	Predicting
LU	claim	v	Statement
LU	clamber	v	Self_motion
LU	clammy	a	Being_wet
LU	clan	n	Kinship
LU	clandestine	a	Secrecy_status
LU	clang	n	Sounds
LU	clang	v	Cause_impact
LU	clang	v	Cause_to_make_noise
LU	clang	v	Impact
LU	clang	v	Make_noise
LU	clang	v	Motion_noise
LU	clank	v	Motion_noise
LU	clap	v	Body_movement
LU	claque	n	Aggregate
LU	clarity	n	Obviousness
LU	clash	n	Hostile_encounter
LU	clash	n	Sounds
LU	clash	v	Cause_impact
LU	clash	v	Cause_to_make_noise
LU	clash	v	Compatibility
LU	clash	v	Hostile_encounter
LU	clash	v	Impact
LU	clash	v	Make_noise
LU	clasp	n	Clothing_parts
LU	clasp	v	Manipulation
LU	class	n	Aggregate
LU	class	n	Biological_classification
LU	class	n	Type
LU	class	v	Categorization
LU	classification	n	Categorization
LU	classify	v	Categorization
LU	clatter	n	Sounds
LU	clatter	v	Cause_impact
LU	clatter	v	Impact
LU	clatter	v	Make_noise
LU	clatter	v	Motion_noise
LU	clause	n	Terms_of_agreement
LU	claw	n	Body_parts
LU	claw	v	Cause_harm
LU	claw	v	Manipulation
LU	cleanse	v	Emptying
LU	cleanse	v	Grooming
LU	clear	a	Obviousness
LU	clear	v	Deny_or_grant_permission
LU	clear	v	Emptying
LU	clear	v	Removing
LU	clear	v	Verdict
LU	clear up	v	Resolve_problem
LU	clearly	r	Obviousness
LU	cleave	v	Cause_to_fragment
LU	clemency	n	Clemency
LU	clerk	n	People_by_vocation
LU	clerk	v	Being_employed
LU	click	n	Sounds
LU	click	v	Cause_impact
LU	click	v	Impact
LU	click	v	Make_noise
LU	click	v	Motion_noise
LU	client	n	Commerce_buy
LU	cliff	n	Natural_features
LU	climate	n	Weather
LU	climb	v	Change_position_on_a_scale
LU	climb	v	Intentional_traversing
LU	climb	v	Self_motion
LU	clink	n	Sounds
LU	clink	v	Cause_impact
LU	clink	v	Impact
LU	clink	v	Motion_noise
LU	clique	n	Aggregate
LU	cloak	n	Clothing
LU	cloak	v	Distributed_position
LU	cloak	v	Eclipse
LU	cloaked	a	Abounding_with
LU	cloaked	a	Eclipse
LU	cloakroom	n	Building_subparts
LU	clod	n	Part_piece
LU	clog	n	Clothing
LU	clomp	v	Self_motion
LU	clone	n	Duplication
LU	clone	v	Duplication
LU	close	a	Attention
LU	close	a	Gradable_proximity
LU	close	a	Margin_of_resolution
LU	close	a	Social_connection
LU	close	v	Body_movement
LU	close	v	Closure
LU	close	v	Locale_closure
LU	close (to)	a	Proportional_quantity
LU	close down	v	Business_closure
LU	close its doors	v	Business_closure
LU	closed	a	Openness
LU	closely	r	Attention
LU	closeness	n	Social_connection
LU	closet	n	Building_subparts
LU	clot	v	Cause_change_of_consistency
LU	clot	v	Change_of_consistency
LU	clothed	a	Wearing
LU	clothes	n	Clothing
LU	clothing	n	Clothing
LU	clough	n	Natural_features
LU	clout	v	Cause_harm
LU	club	n	Organization
LU	club	n	Weapon
LU	club	v	Cause_harm
LU	cluck	v	Communication_noise
LU	clue	n	Criminal_investigation
LU	clump	n	Aggregate
LU	clump	n	Part_piece
LU	clump	v	Motion_noise
LU	clunk	v	Impact
LU	clunk	v	Motion_noise
LU	cluster	n	Aggregate
LU	clutch	n	Aggregate
LU	clutch	v	Manipulation
LU	cluttered	a	Gradable_artistic_quality
LU	co-occur	v	Simultaneity
LU	co-occurrence	n	Simultaneity
LU	co-religionist	n	Co-association
LU	co-star	n	Performers_and_roles
LU	co-star	v	Performers_and_roles
LU	co-star (in)	v	Performers_and_roles
LU	co-worker	n	Co-association
LU	coach	n	Vehicle
LU	coach	v	Education_teaching
LU	coagulate	v	Cause_change_of_consistency
LU	coagulate	v	Change_of_consistency
LU	coagulation	n	Change_of_consistency
LU	coalesce	v	Amalgamation
LU	coalesce	v	Cause_to_amalgamate
LU	coalesce	v	Coming_to_be
LU	coalition	n	Alliance
LU	coast	n	Relational_natural_features
LU	coast	v	Motion
LU	coast	v	Ride_vehicle
LU	coast	v	Self_motion
LU	coast guard	n	Military
LU	coastal	a	Natural_features
LU	coat	n	Clothing
LU	coat	v	Distributed_position
LU	coat	v	Filling
LU	coated	a	Abounding_with
LU	coatless	a	Wearing
LU	coax	v	Subjective_influence
LU	cobber	n	Personal_relationship
LU	cocaine	n	Intoxicants
LU	cock	v	Body_movement
LU	coddle	v	Absorb_heat
LU	coddle	v	Apply_heat
LU	code	n	Law
LU	codeine	n	Intoxicants
LU	codename	n	Being_named
LU	codenamed	a	Being_named
LU	codeword	n	Communication
LU	coffee	n	Food
LU	coffer	n	Containers
LU	coffin	n	Containers
LU	cognizant	a	Awareness
LU	cognomen	n	Being_named
LU	cohabit	v	Personal_relationship
LU	cohabitation	n	Personal_relationship
LU	cohere	v	Compatibility
LU	cohort	n	Aggregate
LU	coif	n	Accoutrements
LU	coil	n	Shapes
LU	coil	v	Go_into_shape
LU	coil	v	Manipulate_into_shape
LU	coin	v	Achieving_first
LU	coinage	n	Achieving_first
LU	coincide	v	Simultaneity
LU	coincidence	n	Coincidence
LU	coke	n	Intoxicants
LU	cold	a	Ambient_temperature
LU	cold	a	Subjective_temperature
LU	cold	a	Temperature
LU	cold	n	Ambient_temperature
LU	cold	n	Medical_conditions
LU	cold sore	n	Body_mark
LU	colitis	n	Medical_conditions
LU	collaborate	v	Collaboration
LU	collaboration	n	Collaboration
LU	collaborator	n	Collaboration
LU	collapse	v	Endeavor_failure
LU	collar	n	Clothing_parts
LU	collar	v	Arrest
LU	colleague	n	Co-association
LU	collect	v	Commerce_collect
LU	collect	v	Gathering_up
LU	collection	n	Aggregate
LU	collection	n	Commerce_collect
LU	collection	n	Product_line
LU	collective	a	Commonality
LU	college	n	Locale_by_use
LU	collide	v	Cause_impact
LU	collide	v	Impact
LU	collision	n	Impact
LU	collocate	n	Word_relations
LU	collocate	v	Word_relations
LU	colloquy	n	Chatting
LU	collude	v	Collaboration
LU	collusion	n	Collaboration
LU	colombian	a	Origin
LU	colonist	n	Colonization
LU	colonize	v	Colonization
LU	colonoscope	n	Medical_instruments
LU	colony	n	Aggregate
LU	colony	n	Colonization
LU	color	n	Color
LU	color	n	Race_descriptor
LU	color	n	Stimulus_focus
LU	colored	a	Color
LU	colossal	a	Size
LU	comb	v	Grooming
LU	comb	v	Scouring
LU	comb	v	Scrutiny
LU	combat	n	Hostile_encounter
LU	combatant	n	Irregular_combatants
LU	combination	n	Aggregate
LU	combination	n	Amalgamation
LU	combination	n	Cause_to_amalgamate
LU	combination	n	Key
LU	combine	v	Amalgamation
LU	combine	v	Cause_to_amalgamate
LU	combust	v	Catching_fire
LU	come	v	Arriving
LU	come	v	Motion
LU	come	v	Transition_to_a_situation
LU	come (across)	v	Becoming_aware
LU	come (upon)	v	Becoming_aware
LU	come back	v	Communication_response
LU	come back	v	Resurrection
LU	come back around	v	Waking_up
LU	come clean	v	Reveal_secret
LU	come down (with)	v	Come_down_with
LU	come forward	v	Reveal_secret
LU	come from	v	Origin
LU	come into effect	v	Come_into_effect
LU	come into existence	v	Coming_to_be
LU	come into the world	v	Being_born
LU	come off	v	Successful_action
LU	come on heels	v	Relative_time
LU	come to	v	Waking_up
LU	come to a close	v	Process_end
LU	come to a end	v	Process_end
LU	come to be	v	Coming_to_be
LU	come together	v	Amalgamation
LU	come together	v	Come_together
LU	come up	v	Coming_up_with
LU	come up	v	Sidereal_appearance
LU	comeback	n	Communication_response
LU	comedy	n	Text
LU	comfort	n	Experiencer_focus
LU	comfort	v	Experiencer_obj
LU	comforting	a	Stimulus_focus
LU	comical	a	Stimulus_focus
LU	coming	a	Relative_time
LU	command	n	Control
LU	command	n	Leadership
LU	command	n	Request
LU	command	v	Control
LU	command	v	Leadership
LU	command	v	Request
LU	command IED	n	Distant_operated_IED
LU	commandant	n	Leadership
LU	commandeer	v	Taking
LU	commander	n	Appellations
LU	commander	n	Leadership
LU	commando	n	Member_of_military
LU	commence	v	Activity_start
LU	commence	v	Process_start
LU	commencement	n	Process_start
LU	commend	v	Judgment_communication
LU	commendable	a	Judgment_communication
LU	commendable	a	Praiseworthiness
LU	commendation	n	Judgment_communication
LU	commendatory	a	Judgment_communication
LU	comment	n	Statement
LU	comment	v	Statement
LU	commerce	n	Commerce_scenario
LU	commingle	v	Amalgamation
LU	commingle	v	Cause_to_amalgamate
LU	commission	n	Being_obligated
LU	commission	n	Committing_crime
LU	commission	n	Hiring
LU	commission	v	Employing
LU	commission	v	Hiring
LU	commissioner	n	Appellations
LU	commissioner	n	Leadership
LU	commit	v	Commitment
LU	commit	v	Committing_crime
LU	commit	v	Imposing_obligation
LU	commit	v	Institutionalization
LU	commit to memory	v	Memorization
LU	commitment	n	Commitment
LU	commitment	n	Institutionalization
LU	committee	n	Organization
LU	common	a	Capital_stock
LU	common	a	Commonality
LU	common	a	Condition_symptom_relation
LU	common	a	Frequency
LU	common	a	Social_desirability
LU	common	a	Typicality
LU	common sense	n	Mental_property
LU	commonplace	a	Typicality
LU	commonwealth	n	Political_locales
LU	communicate	v	Communication
LU	communication [act]	n	Communication
LU	communication [entity]	n	Communication
LU	communion	n	Rite
LU	community	n	Aggregate
LU	commutation	n	Commutation
LU	commute	v	Commutation
LU	commute	v	Travel
LU	companion	n	Personal_relationship
LU	companionable	a	Sociability
LU	company	n	Businesses
LU	comparable	a	Evaluative_comparison
LU	compare	v	Evaluative_comparison
LU	compassion	n	Experiencer_focus
LU	compassion	n	Others_situation_as_stimulus
LU	compassion	n	Social_interaction_evaluation
LU	compassionate	a	Social_interaction_evaluation
LU	compatibility	n	Compatibility
LU	compatible	a	Compatibility
LU	compete	v	Competition
LU	competence	n	Expertise
LU	competent	a	Expertise
LU	competition	n	Competition
LU	competitive	a	Competition
LU	competitor	n	Competition
LU	complain	v	Complaining
LU	complaint	n	Complaining
LU	complement	n	Rest
LU	complement	v	Rest
LU	complete	a	Completeness
LU	complete	a	Process_completed_state
LU	complete	v	Activity_finish
LU	completeness	n	Completeness
LU	completion	n	Activity_finish
LU	complex	a	System_complexity
LU	complex	n	Locale_by_use
LU	complex	n	System
LU	compliance	n	Compliance
LU	compliant	a	Compliance
LU	compliment	n	Judgment_direct_address
LU	compliment	v	Judgment_direct_address
LU	comply	v	Compliance
LU	component	n	Ingredients
LU	comport	v	Compatibility
LU	comportment	n	Conduct
LU	compose	v	Activity_prepare
LU	compose	v	Behind_the_scenes
LU	compose	v	Text_creation
LU	compound	n	Locale_by_use
LU	compound	v	Cause_to_amalgamate
LU	comprehend	v	Awareness
LU	comprehend	v	Grasp
LU	comprehensible	a	Grasp
LU	comprehension	n	Awareness
LU	compress	v	Cause_expansion
LU	compression	n	Cause_expansion
LU	compromise	n	Make_compromise
LU	compromise	v	Make_compromise
LU	compromise	v	Sacrificing_for
LU	compulsive	a	Addiction
LU	compulsory	a	Being_obligatory
LU	comrade	n	Co-association
LU	con	v	Manipulate_into_doing
LU	concatenate	v	Attaching
LU	conceal	v	Eclipse
LU	conceal	v	Hiding_objects
LU	concealed	a	Eclipse
LU	concealed	a	Secrecy_status
LU	concealer	n	Body_decoration
LU	concede	v	Affirm_or_deny
LU	conceive	v	Awareness
LU	conceive	v	Categorization
LU	conceive	v	Coming_up_with
LU	conception	n	Awareness
LU	concern	n	Emotion_directed
LU	concern	n	Point_of_dispute
LU	concern	v	Cause_emotion
LU	concern	v	Topic
LU	concerned	a	Emotion_directed
LU	concerned	a	Participation
LU	concession	n	Statement
LU	conciliate	v	Experiencer_obj
LU	conclude	v	Activity_finish
LU	conclude	v	Coming_to_believe
LU	conclude	v	Process_end
LU	conclusion	n	Coming_to_believe
LU	concoct	v	Coming_up_with
LU	concoct	v	Cooking_creation
LU	concoction	n	Coming_up_with
LU	concur	v	Be_in_agreement_on_assessment
LU	concurrency	n	Simultaneity
LU	concurrent	a	Simultaneity
LU	condemn	v	Judgment_communication
LU	condemn	v	Sentencing
LU	condemnation	n	Judgment_communication
LU	condensation	n	Change_of_phase
LU	condense	v	Cause_expansion
LU	condense	v	Change_of_phase
LU	condition	n	Medical_conditions
LU	condition	n	State_of_entity
LU	condition	n	Terms_of_agreement
LU	condominium	n	Buildings
LU	condone	v	Forgiveness
LU	conduct	n	Conduct
LU	conduct	v	Conduct
LU	conduct	v	Cotheme
LU	conduct	v	Intentionally_act
LU	confederate	n	Collaboration
LU	confer	v	Discussion
LU	confer (upon)	v	Giving
LU	conference	n	Discussion
LU	confess	v	Reveal_secret
LU	confession	n	Reveal_secret
LU	confession	n	Rite
LU	confide	v	Reveal_secret
LU	confide	v	Telling
LU	confidence	n	Certainty
LU	confident	a	Certainty
LU	confidential	a	Secrecy_status
LU	confine	v	Inhibit_movement
LU	confinement	n	Inhibit_movement
LU	confirm	v	Affirm_or_deny
LU	confirm	v	Evidence
LU	confirm	v	Rite
LU	confirm	v	Statement
LU	confirm	v	Verification
LU	confirmation	n	Affirm_or_deny
LU	confirmation	n	Documents
LU	confirmation	n	Rite
LU	confirmation	n	Verification
LU	confiscate	v	Removing
LU	conflagration	n	Fire_burning
LU	conflate	v	Cause_to_amalgamate
LU	conflict	n	Hostile_encounter
LU	conflict	v	Compatibility
LU	conflicting	a	Compatibility
LU	conform	v	Compliance
LU	conformity	n	Compliance
LU	confront	v	Confronting_problem
LU	confront	v	Hostile_encounter
LU	confrontation	n	Hostile_encounter
LU	confuse	v	Experiencer_obj
LU	confusing	a	Stimulus_focus
LU	congeal	v	Cause_change_of_consistency
LU	congeal	v	Change_of_consistency
LU	congratulate	v	Judgment_direct_address
LU	congregate	v	Come_together
LU	congressman	n	Appellations
LU	congressman	n	Leadership
LU	congresswoman	n	Appellations
LU	congresswoman	n	Leadership
LU	congruent	a	Compatibility
LU	congruous	a	Compatibility
LU	conjecture	n	Statement
LU	conjecture	v	Statement
LU	conjunction	n	Simultaneity
LU	conjunctivitis	n	Medical_conditions
LU	conjure	v	Evoking
LU	connect	v	Attaching
LU	connect	v	Make_cognitive_connection
LU	connect	v	Relating_concepts
LU	connected	a	Being_attached
LU	connected	a	Cognitive_connection
LU	connected	a	Social_connection
LU	connection	n	Make_cognitive_connection
LU	connection	n	Social_connection
LU	connector	n	Connectors
LU	connoisseur	n	Expertise
LU	conquer	v	Conquering
LU	conscious	a	Awareness
LU	conscious	a	Being_awake
LU	consciousness	n	Awareness
LU	consecrate	v	Rite
LU	consecration	n	Rite
LU	consent	v	Commitment
LU	consequence	n	Causation
LU	consequence	n	Condition_symptom_relation
LU	consequent	a	Causation
LU	consequential	a	Causation
LU	conservative	n	People_along_political_spectrum
LU	conservatory	n	Buildings
LU	consider	v	Categorization
LU	consider	v	Cogitation
LU	considerable	a	Importance
LU	considerate	a	Social_interaction_evaluation
LU	consideration	n	Cogitation
LU	consist	v	Medical_intervention
LU	consistent	a	Compatibility
LU	console	v	Experiencer_obj
LU	consolidate	v	Amalgamation
LU	consolidate	v	Cause_to_amalgamate
LU	consoling	a	Stimulus_focus
LU	consonant	a	Compatibility
LU	conspicuous	a	Prominence
LU	conspiracy	n	Collaboration
LU	conspiracy	n	Offenses
LU	conspire	v	Collaboration
LU	constantly	r	Frequency
LU	constitute	v	Being_in_category
LU	constrain	v	Hindering
LU	constrain	v	Inhibit_movement
LU	constraint	n	Inhibit_movement
LU	construct	v	Building
LU	construction	n	Building
LU	construction [entity]	n	Building
LU	construe	v	Categorization
LU	consultant	n	People_by_vocation
LU	consultation	n	Discussion
LU	consume	v	Expend_resource
LU	consume	v	Ingestion
LU	contact	n	Communication
LU	contact	n	Contacting
LU	contact	n	Spatial_contact
LU	contact	v	Contacting
LU	contact	v	Spatial_contact
LU	contain	v	Containing
LU	contain	v	Inclusion
LU	container	n	Containers
LU	contemplate	v	Cogitation
LU	contemplation	n	Cogitation
LU	contempt	n	Judgment
LU	contemptuous	a	Judgment
LU	contend	v	Statement
LU	contented	a	Emotion_directed
LU	contention	n	Statement
LU	contiguity	n	Adjacency
LU	contiguous	a	Adjacency
LU	continent	n	Natural_features
LU	continental	a	Natural_features
LU	continue	v	Activity_ongoing
LU	continue	v	Process_continue
LU	contraband	a	Smuggling
LU	contraband	n	Smuggling
LU	contract	n	Being_obligated
LU	contract	n	Documents
LU	contract	v	Change_position_on_a_scale
LU	contract	v	Come_down_with
LU	contract	v	Expansion
LU	contract	v	Hiring
LU	contraction	n	Cause_expansion
LU	contraction	n	Change_position_on_a_scale
LU	contraction	n	Expansion
LU	contractual	a	Documents
LU	contradict	v	Evidence
LU	contrail	n	Leaving_traces
LU	contraption	n	Gizmo
LU	contrary	a	Compliance
LU	contrary	n	Word_relations
LU	contravene	v	Compliance
LU	contravention	n	Compliance
LU	contribute	v	Condition_symptom_relation
LU	contribute	v	Giving
LU	contribution	n	Giving
LU	contrite	a	Contrition
LU	contrition	n	Contrition
LU	contrivance	n	Coming_up_with
LU	contrive	v	Coming_up_with
LU	control	n	Being_in_control
LU	control	n	Control
LU	control	n	Controller_object
LU	control	n	Experimentation
LU	control	v	Being_in_control
LU	control	v	Control
LU	control	v	Firefighting
LU	control group	n	Experimentation
LU	control panel	n	Artifact
LU	convalesce	v	Recovery
LU	convalescence	n	Recovery
LU	convene	v	Assemble
LU	convene	v	Come_together
LU	convene	v	Gathering_up
LU	convention	n	Be_in_agreement_on_action
LU	convention	n	Custom
LU	conventional	a	Typicality
LU	conversance	n	Expertise
LU	conversant	a	Expertise
LU	conversation	n	Chatting
LU	converse	v	Chatting
LU	conversion	n	Cause_change
LU	conversion	n	Undergo_transformation
LU	convert	v	Cause_change
LU	convert	v	Exchange_currency
LU	convert	v	Undergo_transformation
LU	convertible	n	Vehicle
LU	convey	v	Bringing
LU	convey	v	Communication
LU	convey	v	Successfully_communicate_message
LU	convict	v	Verdict
LU	conviction	n	Verdict
LU	convince	v	Eventive_cognizer_affecting
LU	convince	v	Suasion
LU	convinced	a	Certainty
LU	convoy	n	Convoy
LU	coo	n	Sounds
LU	coo	v	Communication_noise
LU	coo	v	Make_noise
LU	cook	n	Cooking_creation
LU	cook	n	People_by_vocation
LU	cook	v	Absorb_heat
LU	cook	v	Apply_heat
LU	cook	v	Cooking_creation
LU	cook up	v	Coming_up_with
LU	cook up	v	Cooking_creation
LU	cookie	n	Food
LU	cooking	n	Apply_heat
LU	cooking	n	Cooking_creation
LU	cool	a	Ambient_temperature
LU	cool	a	Desirability
LU	cool	a	Experiencer_focus
LU	cool	a	Popularity
LU	cool	a	Stimulus_focus
LU	cool	a	Subjective_temperature
LU	cool	a	Temperature
LU	cool	a	Trendiness
LU	cool	v	Cause_temperature_change
LU	cool	v	Change_of_temperature
LU	cool down	v	Cause_temperature_change
LU	cool off	v	Change_of_temperature
LU	cooler	n	Containers
LU	coombe	n	Natural_features
LU	cooperate	v	Collaboration
LU	cooperation	n	Collaboration
LU	coot	n	People_by_age
LU	cop	v	Arrest
LU	cop	v	Theft
LU	cope	n	Clothing
LU	copse	n	Biological_area
LU	copulate	v	Sex
LU	copy	n	Duplication
LU	copy	v	Duplication
LU	copy	v	Imitating
LU	copyright infringement	n	Offenses
LU	cord	n	Connectors
LU	cordial	a	Social_interaction_evaluation
LU	cordillera	n	Natural_features
LU	cordon off	v	Change_accessibility
LU	core	n	Gizmo
LU	core	v	Emptying
LU	coronate	v	Change_of_leadership
LU	coronet	n	Accoutrements
LU	corporation	n	Businesses
LU	corps	n	Aggregate
LU	corpulent	a	Body_description_holistic
LU	correct	a	Correctness
LU	correct	a	Suitability
LU	correct	v	Resolve_problem
LU	correctional institution	n	Prison
LU	correctness	n	Correctness
LU	correspondent	n	People_by_vocation
LU	corridor	n	Building_subparts
LU	corridor	n	Connecting_architecture
LU	corrie	n	Natural_features
LU	corroborate	v	Evidence
LU	corrode	v	Corroding
LU	corrode	v	Corroding_caused
LU	corrupt	a	Morality_evaluation
LU	corset	n	Clothing
LU	coruscate	v	Light_movement
LU	coruscate	v	Location_of_light
LU	coruscation	n	Light_movement
LU	coruscation	n	Location_of_light
LU	cossie	n	Clothing
LU	cost	n	Expensiveness
LU	cost	v	Expensiveness
LU	costly	a	Expensiveness
LU	costume	n	Clothing
LU	costumed	a	Wearing
LU	coterie	n	Aggregate
LU	cottage	n	Buildings
LU	cottons	n	Clothing
LU	couch	v	Encoding
LU	cough	n	Sounds
LU	cough	v	Make_noise
LU	could	v	Possibility
LU	count	v	Be_subset_of
LU	count	v	Being_in_category
LU	count	v	Categorization
LU	count	v	Importance
LU	count	v	Reliance
LU	count (on)	v	Reliance_on_expectation
LU	counter	n	Architectural_part
LU	counter	v	Communication_response
LU	counter	v	Thwarting
LU	counter-attack	n	Counterattack
LU	counter-attack	v	Counterattack
LU	counter-offensive	n	Counterattack
LU	counterfeit	a	Artificiality
LU	counterfeit	v	Feigning
LU	counterfeit	v	Forging
LU	country	n	Locale_by_use
LU	country	n	Political_locales
LU	countryman	n	Co-association
LU	countryside	n	Locale_by_use
LU	county	n	Political_locales
LU	county seat	n	Relational_political_locales
LU	coup	n	Change_of_leadership
LU	couple	n	Cardinal_numbers
LU	couple	n	Personal_relationship
LU	course	n	Path_traveled
LU	course	n	Roadways
LU	course	v	Fluidic_motion
LU	course of action	n	Means
LU	court	n	Judicial_body
LU	court	n	Locale_by_use
LU	court	v	Personal_relationship
LU	courteous	a	Social_interaction_evaluation
LU	courtyard	n	Locale_by_use
LU	cousin	n	Appellations
LU	cousin	n	Kinship
LU	cove	n	Natural_features
LU	covenant	n	Commitment
LU	covenant	v	Commitment
LU	cover	n	Protecting
LU	cover	v	Distributed_position
LU	cover	v	Eclipse
LU	cover	v	Filling
LU	cover	v	Hiding_objects
LU	cover	v	Topic
LU	coverall	n	Clothing
LU	covered	a	Abounding_with
LU	covered	a	Eclipse
LU	covert	a	Secrecy_status
LU	covet	v	Desiring
LU	covetous	a	Desiring
LU	covetous	a	Emotion_directed
LU	covey	n	Aggregate
LU	cow	n	Animals
LU	cower	v	Posture
LU	cowl	n	Clothing
LU	cowl	n	Clothing_parts
LU	coy	a	Candidness
LU	crack	a	Expertise
LU	crack	n	Intoxicants
LU	crack	v	Cause_harm
LU	cracker	n	Food
LU	crackers	a	Mental_property
LU	crackle	v	Motion_noise
LU	craft	n	Craft
LU	crafty	a	Mental_property
LU	crag	n	Natural_features
LU	cram	v	Education_teaching
LU	cram	v	Filling
LU	cram	v	Placing
LU	crammed	a	Abounding_with
LU	crane	v	Body_movement
LU	crank	v	Cause_change_of_position_on_a_scale
LU	crap	n	Desirability
LU	crappy	a	Desirability
LU	crash	n	Impact
LU	crash	v	Cause_impact
LU	crash	v	Impact
LU	crash	v	Motion_noise
LU	crash-test	v	Operational_testing
LU	crate	n	Containers
LU	crate	v	Placing
LU	crater	n	Natural_features
LU	cravat	n	Clothing
LU	crave	v	Desiring
LU	craving	n	Desiring
LU	crawl	n	Self_motion
LU	crawl	v	Abounding_with
LU	crawl	v	Self_motion
LU	crawling	a	Abounding_with
LU	crazy	a	Mental_property
LU	creak	n	Sounds
LU	creak	v	Cause_to_make_noise
LU	creak	v	Make_noise
LU	creak	v	Motion_noise
LU	creamer	n	Containers
LU	crease	v	Body_movement
LU	create	v	Cause_to_start
LU	create	v	Creating
LU	create	v	Intentionally_create
LU	creation	n	Intentionally_create
LU	credence	n	Trust
LU	credence [lend]	n	Evidence
LU	creditable	a	Praiseworthiness
LU	credulous	a	Trust
LU	creek	n	Natural_features
LU	creep	v	Self_motion
LU	crepitate	v	Make_noise
LU	crest	n	Part_orientational
LU	crest	v	Arriving
LU	crest	v	Path_shape
LU	crestfallen	a	Emotion_directed
LU	crevasse	n	Natural_features
LU	crew	n	Aggregate
LU	crew	n	Team
LU	crime	n	Committing_crime
LU	criminal	a	Legality
LU	crimson	a	Color
LU	crinkle	v	Body_movement
LU	crinoline	n	Clothing
LU	crisis	n	Catastrophe
LU	crisscross	v	Path_shape
LU	crisscross	v	Traversing
LU	critic	n	Judgment_communication
LU	critical	a	Importance
LU	critical	a	Judgment
LU	critical	a	Judgment_communication
LU	criticism	n	Judgment_communication
LU	criticize	v	Judgment_communication
LU	critique	n	Judgment_communication
LU	critique	v	Judgment_communication
LU	croak	v	Communication_noise
LU	croak	v	Death
LU	croak	v	Make_noise
LU	croak it	v	Death
LU	crock	n	Containers
LU	croissant	n	Food
LU	croon	v	Communication_noise
LU	croon	v	Make_noise
LU	crop	n	Aggregate
LU	cropped	a	Hair_configuration
LU	cross	a	Emotion_directed
LU	cross	n	Court_examination
LU	cross	v	Body_movement
LU	cross	v	Path_shape
LU	cross	v	Traversing
LU	cross-examination	n	Court_examination
LU	cross-examine	v	Court_examination
LU	cross-eyed	a	Body_description_part
LU	crossbow	n	Weapon
LU	crosswalk	n	Roadways
LU	crouch	v	Change_posture
LU	crouch	v	Posture
LU	crouch down	v	Change_posture
LU	crouched	a	Posture
LU	crow	v	Communication_noise
LU	crowd	n	Aggregate
LU	crowd	v	Filling
LU	crowd	v	Mass_motion
LU	crowded	a	Abounding_with
LU	crown	n	Accoutrements
LU	crown	n	Body_parts
LU	crown	v	Change_of_leadership
LU	crown prince	n	Leadership
LU	crucial	a	Importance
LU	crucible	n	Containers
LU	crucifixion	n	Killing
LU	crucify	v	Killing
LU	cruel	a	Social_interaction_evaluation
LU	cruelty	n	Social_interaction_evaluation
LU	cruet	n	Containers
LU	cruise	n	Ride_vehicle
LU	cruise	v	Operate_vehicle
LU	cruise	v	Ride_vehicle
LU	cruise	v	Self_motion
LU	crumble	v	Breaking_apart
LU	crumble	v	Grinding
LU	crumbled	a	Ground_up
LU	crumple	v	Body_movement
LU	crumple	v	Reshaping
LU	crunch	n	Sounds
LU	crunch	v	Grinding
LU	crunch	v	Impact
LU	crunch	v	Make_noise
LU	crunch	v	Motion_noise
LU	crush	n	Personal_relationship
LU	crush	v	Cause_harm
LU	crush	v	Experiencer_obj
LU	crush	v	Grinding
LU	crush	v	Reshaping
LU	crushed	a	Emotion_directed
LU	crushed	a	Ground_up
LU	cry	n	Vocalizations
LU	cry	v	Communication_noise
LU	cry	v	Make_noise
LU	cryptosporidiosis	n	Medical_conditions
LU	crystal (clear)	n	Degree
LU	cuban	a	Origin
LU	cube	n	Shapes
LU	cube	v	Cutting
LU	cudgel	v	Cause_harm
LU	cuff	n	Clothing_parts
LU	cuff	v	Cause_harm
LU	cuff-link	n	Clothing_parts
LU	cufflink	n	Accoutrements
LU	cul-de-sac	n	Roadways
LU	culottes	n	Clothing
LU	cultivate	v	Agriculture
LU	culturally	r	Domain
LU	cummerbund	n	Clothing
LU	cunning	a	Mental_property
LU	cup	n	Containers
LU	cup	n	Measure_volume
LU	curable	a	Cure
LU	curative	a	Cure
LU	curative	n	Cure
LU	curdle	v	Cause_change_of_consistency
LU	curdle	v	Change_of_consistency
LU	cure	n	Cure
LU	cure	v	Cure
LU	cure	v	Preserving
LU	curious	a	Mental_property
LU	curious	a	Mental_stimulus_exp_focus
LU	curious	a	Typicality
LU	curl	n	Hair_configuration
LU	curl	v	Go_into_shape
LU	curl	v	Hair_configuration
LU	curl	v	Manipulate_into_shape
LU	curl	v	Reshaping
LU	curly	a	Hair_configuration
LU	current	a	Temporal_collocation
LU	current	n	Electricity
LU	currently	r	Temporal_collocation
LU	curt	a	Volubility
LU	curtail	v	Cause_change_of_position_on_a_scale
LU	curtail	v	Hindering
LU	curtsy	n	Body_movement
LU	curtsy	v	Body_movement
LU	curve	n	Shapes
LU	cuspidor	n	Containers
LU	custody	n	Detaining
LU	custody	n	Possession
LU	custom	n	Custom
LU	customary	a	Custom
LU	cut	a	Hair_configuration
LU	cut	n	Cause_change_of_position_on_a_scale
LU	cut	n	Hair_configuration
LU	cut	v	Cause_change_of_position_on_a_scale
LU	cut	v	Cause_harm
LU	cut	v	Change_direction
LU	cut	v	Change_operational_state
LU	cut	v	Cutting
LU	cut	v	Experience_bodily_harm
LU	cut	v	Intentional_traversing
LU	cut	v	Removing
LU	cut off	v	Change_operational_state
LU	cut short	v	Change_event_duration
LU	cutpurse	n	Theft
LU	cutting-edge	a	Stage_of_progress
LU	cw	n	Hostile_encounter
LU	cycle	v	Operate_vehicle
LU	cylinder	n	Containers
LU	cynical	a	Mental_property
LU	dab	v	Filling
LU	dab	v	Placing
LU	dabbed	a	Abounding_with
LU	dacha	n	Buildings
LU	dad	n	Kinship
LU	daddy	n	Kinship
LU	daft	a	Mental_property
LU	daily	a	Frequency
LU	daily	r	Frequency
LU	dale	n	Natural_features
LU	damage	n	Damaging
LU	damage	v	Condition_symptom_relation
LU	damage	v	Damaging
LU	damages	n	Fining
LU	damn	v	Judgment_communication
LU	damnation	n	Judgment
LU	damp	a	Being_wet
LU	dampen	v	Cause_to_be_wet
LU	dance	n	Social_event
LU	dance	v	Self_motion
LU	dancer	n	People_by_vocation
LU	danger	n	Being_at_risk
LU	danger	n	Risky_situation
LU	dangerous	a	Risky_situation
LU	dare	v	Daring
LU	dark	a	Attitude_description
LU	dark	a	Color_qualities
LU	dark	a	Level_of_light
LU	dark	a	Morality_evaluation
LU	dark	a	Openness
LU	dart	v	Self_motion
LU	dash	n	Self_motion
LU	dash	v	Self_motion
LU	dash off	v	Text_creation
LU	data	n	Information
LU	date	n	Food
LU	date	n	Location_in_time
LU	date	n	Social_event_collective
LU	date	v	Origin
LU	date	v	Personal_relationship
LU	daub	v	Filling
LU	daub	v	Placing
LU	daughter	n	Kinship
LU	daughter-in-law	n	Kinship
LU	dawn	n	Calendric_unit
LU	dawning	n	Temporal_subregion
LU	day	n	Calendric_unit
LU	day	n	Location_in_time
LU	day	n	Measure_duration
LU	day	n	Timespan
LU	daybreak	n	Calendric_unit
LU	dazzle	v	Experiencer_obj
LU	deactivate	v	Change_operational_state
LU	dead	a	Dead_or_alive
LU	dead	n	Dead_or_alive
LU	deadly	a	Killing
LU	deal	n	Be_in_agreement_on_action
LU	deal	n	Make_agreement_on_action
LU	deal	n	Quantified_mass
LU	deal	v	Resolve_problem
LU	dear	a	Stimulus_focus
LU	death	n	Death
LU	debacle	n	Catastrophe
LU	debark	v	Disembarking
LU	debate	n	Discussion
LU	debate	v	Discussion
LU	debone	v	Emptying
LU	debug	v	Emptying
LU	debus	v	Disembarking
LU	decade	n	Calendric_unit
LU	decade	n	Measure_duration
LU	decamp	v	Departing
LU	decamp	v	Setting_out
LU	decanter	n	Containers
LU	decapitate	v	Killing
LU	decapitation	n	Killing
LU	decay	n	Nuclear_process
LU	decay	n	Rotting
LU	decay	v	Nuclear_process
LU	decay	v	Rotting
LU	decayed	a	Being_rotted
LU	decease	v	Death
LU	deceased	a	Dead_or_alive
LU	deceit	n	Deception_success
LU	deceive	v	Intentional_deception
LU	deceive	v	Manipulate_into_doing
LU	deceive	v	Prevarication
LU	decent	a	Desirability
LU	decent	a	Morality_evaluation
LU	deception	n	Deception_success
LU	deception	n	Intentional_deception
LU	deception	n	Prevarication
LU	deceptive	a	Prevarication
LU	decide	v	Deciding
LU	decide	v	Eventive_cognizer_affecting
LU	decision	n	Deciding
LU	decisive	a	Importance
LU	decisive	a	Margin_of_resolution
LU	decisiveness	n	Margin_of_resolution
LU	deck	n	Building_subparts
LU	deck	v	Distributed_position
LU	decked	a	Abounding_with
LU	decked out	a	Wearing
LU	declaration	n	Statement
LU	declare	v	Statement
LU	decline	n	Change_position_on_a_scale
LU	decline	n	Improvement_or_decline
LU	decline	v	Agree_or_refuse_to_act
LU	decline	v	Change_position_on_a_scale
LU	decline	v	Improvement_or_decline
LU	declivity	n	Natural_features
LU	decolletage	n	Clothing_parts
LU	decompose	v	Rotting
LU	decontaminate	v	Emptying
LU	decontamination	n	Emptying
LU	decorate	v	Distributed_position
LU	decorated	a	Abounding_with
LU	decouple	v	Becoming_detached
LU	decouple	v	Detaching
LU	decrease	n	Change_position_on_a_scale
LU	decrease	v	Cause_change_of_position_on_a_scale
LU	decrease	v	Change_position_on_a_scale
LU	decree	v	Legal_rulings
LU	decry	v	Judgment_communication
LU	deduce	v	Coming_to_believe
LU	deduction	n	Coming_to_believe
LU	deed	n	Documents
LU	deed	n	Intentionally_act
LU	deem	v	Categorization
LU	deem	v	Legal_rulings
LU	deep	a	Dimension
LU	deep	a	Measurable_attributes
LU	deep fry	v	Absorb_heat
LU	deep fry	v	Apply_heat
LU	deface	v	Damaging
LU	defeat	n	Beat_opponent
LU	defeat	v	Beat_opponent
LU	defecate	v	Excreting
LU	defect	v	Quitting_a_place
LU	defection	n	Quitting_a_place
LU	defend	v	Defending
LU	defend	v	Justifying
LU	defender	n	Defending
LU	defense	n	Defending
LU	defenses	n	Defending
LU	defensive	a	Defending
LU	defer	v	Change_event_time
LU	deficient	a	Position_on_a_scale
LU	defile	n	Natural_features
LU	define	v	Categorization
LU	define	v	Communicate_categorization
LU	definition	n	Communicate_categorization
LU	deforest	v	Emptying
LU	deform	v	Cause_change
LU	deformation	n	Reshaping
LU	defraud	v	Manipulate_into_doing
LU	defrost	v	Cause_change_of_phase
LU	defrost	v	Change_of_phase
LU	defrost	v	Emptying
LU	defrosted	a	Substance_by_phase
LU	degenerate	a	Morality_evaluation
LU	degenerate	n	People_by_morality
LU	degrease	v	Emptying
LU	degree	n	Quantified_mass
LU	degree	n	Quantity
LU	degree	n	Rank
LU	dehumidification	n	Cause_to_be_dry
LU	dehumidify	v	Cause_to_be_dry
LU	dehydrate	v	Becoming_dry
LU	dehydrate	v	Cause_to_be_dry
LU	dehydrated	a	Being_dry
LU	deify	v	Judgment
LU	dejected	a	Emotion_directed
LU	dejection	n	Emotion_directed
LU	delay	n	Change_event_time
LU	delay	v	Change_event_time
LU	delay	v	Hindering
LU	delay [duration]	n	Change_event_time
LU	delectable	a	Chemical-sense_description
LU	delegation	n	Organization
LU	delete	v	Erasing
LU	deliberate	v	Cogitation
LU	deliberate	v	Jury_deliberation
LU	deliberation	n	Cogitation
LU	deliberation	n	Jury_deliberation
LU	delicious	a	Chemical-sense_description
LU	delight	n	Emotion_directed
LU	delight	n	Emotions_of_mental_activity
LU	delight	n	Stimulus_focus
LU	delight	v	Experiencer_focus
LU	delight	v	Experiencer_obj
LU	delight (in)	v	Emotions_of_mental_activity
LU	delighted	a	Emotion_directed
LU	delightful	a	Stimulus_focus
LU	delinquent	n	People_by_morality
LU	deliver	v	Delivery
LU	delivery	n	Delivery
LU	dell	n	Natural_features
LU	delouse	v	Emptying
LU	delta	n	Relational_natural_features
LU	deluge	n	Quantified_mass
LU	demand	n	Request
LU	demand	v	Have_as_requirement
LU	demand	v	Request
LU	demeanor	n	Conduct
LU	demise	n	Death
LU	demolish	v	Beat_opponent
LU	demolish	v	Destroying
LU	demolish	v	Experiencer_obj
LU	demolished	a	Emotion_directed
LU	demolition	n	Destroying
LU	demonstrate	v	Cause_to_perceive
LU	demonstrate	v	Evidence
LU	demonstrate	v	Protest
LU	demonstrate	v	Reasoning
LU	demonstration	n	Evidence
LU	demonstration	n	Protest
LU	demonstration	n	Reasoning
LU	den	n	Building_subparts
LU	denial	n	Affirm_or_deny
LU	denial	n	Statement
LU	denigrate	v	Judgment_communication
LU	denigration	n	Judgment_communication
LU	denigrative	a	Judgment_communication
LU	denotation	n	Linguistic_meaning
LU	denote	v	Linguistic_meaning
LU	denounce	v	Judgment_communication
LU	denouncement	n	Judgment_communication
LU	dent	v	Damaging
LU	dent	v	Reshaping
LU	dentistry	n	Medical_specialties
LU	denude	v	Emptying
LU	denunciation	n	Judgment_communication
LU	denunciative	a	Judgment_communication
LU	denunciatory	a	Judgment_communication
LU	deny	v	Affirm_or_deny
LU	deny	v	Prevent_or_allow_possession
LU	depart	v	Departing
LU	departure	n	Departing
LU	depend	v	Contingency
LU	depend	v	Reliance
LU	dependence	n	Contingency
LU	dependence	n	Reliance
LU	dependency	n	Reliance
LU	dependent	a	Contingency
LU	depends	v	Contingency
LU	depict	v	Cause_to_perceive
LU	depict	v	Communicate_categorization
LU	depiction	n	Communicate_categorization
LU	deplane	v	Disembarking
LU	deplete	v	Expend_resource
LU	depleted	a	Used_up
LU	deplorable	a	Praiseworthiness
LU	deplore	v	Judgment
LU	deploy	v	Arranging
LU	deployment	n	Arranging
LU	deportment	n	Conduct
LU	depose	v	Change_of_leadership
LU	deposit	v	Placing
LU	deposition	n	Documents
LU	depot	n	Locale_by_use
LU	depraved	a	Morality_evaluation
LU	depravity	n	Morality_evaluation
LU	deprecate	v	Judgment_communication
LU	deprecation	n	Judgment_communication
LU	deprecative	a	Judgment_communication
LU	deprecatory	a	Judgment_communication
LU	depress	v	Experiencer_obj
LU	depressed	a	Change_position_on_a_scale
LU	depressed	a	Emotion_directed
LU	depressing	a	Stimulus_focus
LU	depression	n	Change_position_on_a_scale
LU	depression	n	Medical_conditions
LU	depression	n	Natural_features
LU	deprive	v	Prevent_or_allow_possession
LU	depth	n	Dimension
LU	derail	v	Thwarting
LU	deride	v	Judgment_communication
LU	derision	n	Judgment_communication
LU	derisive	a	Judgment
LU	dermatitis	n	Medical_conditions
LU	dermatologist	n	Medical_professionals
LU	dermatology	n	Medical_specialties
LU	descale	v	Emptying
LU	descend	v	Motion_directional
LU	descend	v	Path_shape
LU	descend	v	Traversing
LU	descend (on)	v	Arriving
LU	descendant	n	Kinship
LU	descent	n	Path_shape
LU	descent	n	Traversing
LU	describe	v	Communicate_categorization
LU	describe	v	Statement
LU	description	n	Communicate_categorization
LU	descry	v	Becoming_aware
LU	desert	n	Biological_area
LU	desert	v	Quitting_a_place
LU	desertion	n	Quitting_a_place
LU	deserve	v	Deserving
LU	desiccate	v	Cause_to_be_dry
LU	desiccated	a	Being_dry
LU	desiccation	n	Cause_to_be_dry
LU	design	n	Coming_up_with
LU	design	v	Coming_up_with
LU	designate	v	Appointing
LU	designate	v	Linguistic_meaning
LU	designated	a	Being_named
LU	designation	n	Referring_by_name
LU	designer	n	People_by_vocation
LU	desirable	a	Desirability
LU	desire	n	Desiring
LU	desire	v	Desiring
LU	desired	a	Desiring
LU	desirous	a	Desiring
LU	desist	v	Avoiding
LU	desist	v	Process_stop
LU	desolate	a	Emotion_directed
LU	despair	n	Emotion_directed
LU	despair	v	Experiencer_focus
LU	desperation	n	Experiencer_focus
LU	despicable	a	Praiseworthiness
LU	despise	v	Experiencer_focus
LU	despondency	n	Emotion_directed
LU	despondent	a	Emotion_directed
LU	despot	n	Leadership
LU	destined	a	Destiny
LU	destiny	n	Destiny
LU	destroy	v	Destroying
LU	destroy	v	Experiencer_obj
LU	destroy	v	Killing
LU	destruction	n	Destroying
LU	destructive	a	Destroying
LU	detach	v	Attaching
LU	detach	v	Becoming_detached
LU	detach	v	Detaching
LU	detached	a	Being_detached
LU	detachment	n	Temporary_group
LU	detail	n	Temporary_group
LU	detail	v	Statement
LU	details	n	Information
LU	detain	v	Detaining
LU	detain	v	Inhibit_movement
LU	detect	v	Becoming_aware
LU	detect	v	Perception_experience
LU	deteriorate	v	Improvement_or_decline
LU	deterioration	n	Improvement_or_decline
LU	determine	v	Coming_to_believe
LU	determine	v	Contingency
LU	determine	v	Control
LU	determine	v	Deciding
LU	determined	a	Purpose
LU	detest	v	Experiencer_focus
LU	detestable	a	Praiseworthiness
LU	detestation	n	Experiencer_focus
LU	dethrone	v	Change_of_leadership
LU	detonate	v	Detonate_explosive
LU	detonate	v	Explosion
LU	detonation	n	Detonate_explosive
LU	detonation	n	Explosion
LU	detour	v	Redirecting
LU	detrain	v	Disembarking
LU	devastate	v	Destroying
LU	devastate	v	Experiencer_obj
LU	devastated	a	Emotion_directed
LU	devastating	a	Stimulus_focus
LU	devastation	n	Destroying
LU	devein	v	Emptying
LU	develop	v	Cause_to_make_progress
LU	develop	v	Coming_to_be
LU	develop	v	Intentionally_create
LU	develop	v	Medical_conditions
LU	develop	v	Medical_intervention
LU	develop	v	Ontogeny
LU	develop	v	Processing_materials
LU	develop	v	Product_development
LU	develop	v	Progression
LU	developed	a	Stage_of_progress
LU	development	n	Cause_change_of_position_on_a_scale
LU	development	n	Coming_to_be
LU	development	n	Event
LU	development	n	Intentionally_create
LU	development	n	Locale_by_use
LU	development	n	Ontogeny
LU	development	n	Part_whole
LU	development	n	Processing_materials
LU	development	n	Product_development
LU	development	n	Progression
LU	device	n	Gizmo
LU	devious	a	Candidness
LU	devise	v	Coming_up_with
LU	devour	v	Expend_resource
LU	devour	v	Ingestion
LU	devour	v	Reading_perception
LU	dewy	a	Being_wet
LU	diabetes	n	Medical_conditions
LU	diadem	n	Accoutrements
LU	diagram	n	Physical_artworks
LU	dialog	n	Discussion
LU	diarrhea	n	Medical_conditions
LU	diary	n	Text
LU	dibs	n	Claim_ownership
LU	dice	v	Cutting
LU	dictate	v	Causation
LU	dictate	v	Contingency
LU	dictator	n	Leadership
LU	diddle	v	Manipulation
LU	die	v	Death
LU	die	v	Fire_going_out
LU	differ	v	Similarity
LU	difference	n	Non-commutative_statement
LU	difference	n	Similarity
LU	difference [count]	n	Similarity
LU	different	a	Identicality
LU	different	a	Similarity
LU	differentiate	v	Differentiation
LU	difficult	a	Difficulty
LU	difficulty	n	Difficulty
LU	dig	v	Seeking
LU	dilate	v	Cause_expansion
LU	dilate	v	Expansion
LU	diligent	a	Mental_property
LU	dim	a	Level_of_light
LU	dim	a	Mental_property
LU	dim-witted	a	Mental_property
LU	diminish	v	Cause_change_of_position_on_a_scale
LU	diminish	v	Change_position_on_a_scale
LU	dine	v	Ingestion
LU	dinero	n	Money
LU	dingle	n	Natural_features
LU	dining room	n	Building_subparts
LU	dinner	n	Social_event
LU	dinner-party	n	Social_event
LU	diocese	n	Political_locales
LU	dip	v	Change_position_on_a_scale
LU	dip	v	Dunking
LU	dip	v	Motion_directional
LU	dip	v	Path_shape
LU	diphtheria	n	Medical_conditions
LU	diploma	n	Documents
LU	diplomat	n	Leadership
LU	diplomatic	a	Social_interaction_evaluation
LU	direct	v	Aiming
LU	direct	v	Behind_the_scenes
LU	director	n	Appellations
LU	director	n	Behind_the_scenes
LU	director	n	Leadership
LU	director	n	People_by_vocation
LU	director general	n	Leadership
LU	dirt	n	Information
LU	dirt (poor)	n	Degree
LU	dirt nap	n	Dead_or_alive
LU	disable	v	Render_nonfunctional
LU	disagreeable	a	Stimulus_focus
LU	disagreement	n	Quarreling
LU	disallow	v	Deny_or_grant_permission
LU	disappear	v	Ceasing_to_be
LU	disappear	v	Departing
LU	disappearance	n	Ceasing_to_be
LU	disappearance	n	Departing
LU	disappoint	v	Experiencer_obj
LU	disappointed	a	Emotion_directed
LU	disappointing	a	Stimulus_focus
LU	disappointment	n	Emotion_directed
LU	disapproval	n	Judgment
LU	disapprove	v	Judgment
LU	disapproving	a	Judgment
LU	disarm	v	Emptying
LU	disarmament	n	Emptying
LU	disarray	n	Chaos
LU	disaster	n	Catastrophe
LU	disastrous	a	Catastrophe
LU	disburse	v	Commerce_pay
LU	disbursement	n	Commerce_pay
LU	discard	v	Removing
LU	discern	v	Becoming_aware
LU	discerning	a	Mental_property
LU	discernment	n	Mental_property
LU	discharge	v	Emanating
LU	discharge	v	Emitting
LU	discharge	v	Firing
LU	discharge	v	Use_firearm
LU	disciplinary	a	Rewards_and_punishments
LU	discipline	v	Rewards_and_punishments
LU	disclose	v	Reveal_secret
LU	disclosure	n	Reveal_secret
LU	disco	n	Buildings
LU	discomfit	v	Experiencer_obj
LU	discomfited	a	Emotion_directed
LU	discomfiting	a	Stimulus_focus
LU	discomfiture	n	Emotion_directed
LU	discomfort	n	Experiencer_focus
LU	discomfort	n	Perception_body
LU	discomforting	a	Stimulus_focus
LU	disconcert	v	Experiencer_obj
LU	disconcerted	a	Emotion_directed
LU	disconcerting	a	Stimulus_focus
LU	disconcertion	n	Emotion_directed
LU	disconnected	a	Being_detached
LU	disconsolate	a	Emotion_directed
LU	discontinuation	n	Process_stop
LU	discontinue	v	Activity_stop
LU	discontinue	v	Process_stop
LU	discotheque	n	Buildings
LU	discourage	v	Experiencer_obj
LU	discourage	v	Subjective_influence
LU	discouraged	a	Emotion_directed
LU	discouragement	n	Emotion_directed
LU	discouraging	a	Stimulus_focus
LU	discourteous	a	Social_interaction_evaluation
LU	discover	v	Achieving_first
LU	discover	v	Becoming_aware
LU	discoverer	n	Achieving_first
LU	discovery	n	Achieving_first
LU	discovery	n	Becoming_aware
LU	discreet	a	Candidness
LU	discrepancy	n	Similarity
LU	discrepant	a	Similarity
LU	discriminate	v	Differentiation
LU	discrimination	n	Differentiation
LU	discuss	v	Discussion
LU	discuss	v	Speak_on_topic
LU	discuss	v	Topic
LU	discussant	n	Discussion
LU	discussion	n	Discussion
LU	disdain	n	Judgment
LU	disdain	v	Judgment
LU	disdainful	a	Judgment
LU	disease	n	Medical_conditions
LU	disembark	v	Disembarking
LU	disembarkation	n	Disembarking
LU	disembowel	v	Emptying
LU	disgorge	v	Removing
LU	disgraceful	a	Disgraceful_situation
LU	disgruntled	a	Emotion_directed
LU	disgruntlement	n	Emotion_directed
LU	disgusting	a	Stimulus_focus
LU	dish	n	Containers
LU	dishearten	v	Experiencer_obj
LU	disheartened	a	Emotion_directed
LU	disheartening	a	Stimulus_focus
LU	dishonest	a	Candidness
LU	dishonorable	a	Morality_evaluation
LU	dishonorable	a	Praiseworthiness
LU	disillusioning	a	Stimulus_focus
LU	disingenuous	a	Artificiality
LU	disingenuous	a	Candidness
LU	dislike	n	Experiencer_focus
LU	dislike	v	Experiencer_focus
LU	dislodge	v	Removing
LU	dismantle	v	Destroying
LU	dismantlement	n	Destroying
LU	dismay	n	Emotion_directed
LU	dismayed	a	Emotion_directed
LU	dismaying	a	Stimulus_focus
LU	dismiss	v	Firing
LU	dismissal	n	Firing
LU	dismount	v	Disembarking
LU	dismounted IED	n	Improvised_explosive_device
LU	disobey	v	Compliance
LU	disorder	n	Chaos
LU	disorder	n	Medical_conditions
LU	disorientating	a	Stimulus_focus
LU	disorientation	n	Emotion_directed
LU	disoriented	a	Emotion_directed
LU	disparage	v	Judgment_communication
LU	disparagement	n	Judgment_communication
LU	disparaging	a	Judgment_communication
LU	disparate	a	Similarity
LU	disparity	n	Similarity
LU	dispatch	v	Killing
LU	dispatch	v	Sending
LU	dispenser	n	Containers
LU	dispersal	n	Dispersal
LU	disperse	v	Dispersal
LU	dispersion	n	Dispersal
LU	displease	v	Experiencer_obj
LU	displeased	a	Emotion_directed
LU	displeasing	a	Stimulus_focus
LU	displeasure	n	Emotion_directed
LU	disprefer	v	Preference
LU	disprove	v	Evidence
LU	disprove	v	Reasoning
LU	disputation	n	Quarreling
LU	dispute	n	Quarreling
LU	disquiet	n	Emotion_directed
LU	disquieted	a	Emotion_directed
LU	disrespect	n	Judgment
LU	disrespectful	a	Social_interaction_evaluation
LU	dissatisfied	a	Emotions_success_or_failure
LU	dissatisfied	a	Experiencer_focus
LU	dissect	v	Cause_to_fragment
LU	dissemble	v	Prevarication
LU	dissembler	n	Prevarication
LU	disseminate	v	Dispersal
LU	dissimilar	a	Similarity
LU	dissimilarity	n	Similarity
LU	dissimilarity [mass]	n	Similarity
LU	dissipate	v	Ceasing_to_be
LU	dissipation	n	Ceasing_to_be
LU	dissolution	n	Dispersal
LU	dissolve	v	Cause_to_fragment
LU	dissolve	v	Ceasing_to_be
LU	dissolve	v	Dispersal
LU	dissuade	v	Suasion
LU	distance	n	Range
LU	distant	a	Gradable_proximity
LU	distant	a	Locative_relation
LU	distasteful	a	Stimulus_focus
LU	distinct	a	Distinctiveness
LU	distinct	a	Identicality
LU	distinct	a	Similarity
LU	distinction	n	Similarity
LU	distinctive	a	Distinctiveness
LU	distinguish	v	Differentiation
LU	distinguishable	a	Differentiation
LU	distress	n	Emotion_directed
LU	distress	v	Experiencer_obj
LU	distressed	a	Emotion_directed
LU	distressing	a	Stimulus_focus
LU	distribute	v	Dispersal
LU	distribution	n	Dispersal
LU	district	n	Political_locales
LU	disturb	v	Experiencer_obj
LU	disturbing	a	Stimulus_focus
LU	dither	v	Waver_between_options
LU	dive	v	Path_shape
LU	diverse	a	Diversity
LU	diverseness	n	Diversity
LU	diversity	n	Diversity
LU	divert	v	Cause_to_experience
LU	divert	v	Redirecting
LU	diverticulosis	n	Medical_conditions
LU	divest	v	Emptying
LU	divide	v	Becoming_separated
LU	divide	v	Non-commutative_process
LU	divide	v	Separating
LU	division	n	Non-commutative_process
LU	divorce	n	Forming_relationships
LU	divorce	v	Forming_relationships
LU	divorced	a	Personal_relationship
LU	divorcee	n	Personal_relationship
LU	divulge	v	Reveal_secret
LU	divulgence	n	Reveal_secret
LU	do	v	Ingest_substance
LU	do	v	Intentionally_act
LU	do	v	Intentionally_affect
LU	do	v	Sex
LU	do	v	Thriving
LU	do	v	Touring
LU	do away with	v	Cause_to_end
LU	do duty	v	Take_place_of
LU	do in	v	Killing
LU	do it	v	Sex
LU	do it	v	Successful_action
LU	do something (to/with)	v	Intentionally_affect
LU	do something about	v	Resolve_problem
LU	do the trick	v	Successful_action
LU	do what (to/with)	v	Intentionally_affect
LU	do without	v	Forgoing
LU	doctor	n	Appellations
LU	doctor	n	Medical_interaction_scenario
LU	doctor	n	Medical_professionals
LU	document	n	Documents
LU	document	v	Recording
LU	dodge	n	Dodging
LU	dodge	v	Avoiding
LU	dodge	v	Dodging
LU	doff	v	Undressing
LU	dog	n	Animals
LU	dog	v	Cotheme
LU	dog-tired	a	Biological_urge
LU	doing	n	Intentionally_act
LU	dolled up	a	Wearing
LU	domain	n	Biological_classification
LU	domestic	a	Foreign_or_domestic_country
LU	domestic violence	n	Abusing
LU	dominant	a	Dominate_competitor
LU	dominant	a	Dominate_situation
LU	dominate	v	Being_in_control
LU	dominate	v	Dominate_competitor
LU	dominate	v	Dominate_situation
LU	domination	n	Being_in_control
LU	domination	n	Dominate_competitor
LU	domination	n	Dominate_situation
LU	dominion	n	Authority
LU	don	v	Dressing
LU	donate	v	Giving
LU	donation	n	Giving
LU	done	a	Activity_done_state
LU	done	a	Process_completed_state
LU	donnybrook	n	Fighting_activity
LU	donor	n	Giving
LU	doom	n	Destiny
LU	doomed	a	Destiny
LU	door	n	Connecting_architecture
LU	door	n	Vehicle_subpart
LU	dope	n	Information
LU	dope	n	Intoxicants
LU	dormitory	n	Buildings
LU	dose	n	Quantified_mass
LU	dot	v	Distributed_position
LU	dotted	a	Abounding_with
LU	double	v	Cause_change_of_position_on_a_scale
LU	double	v	Change_position_on_a_scale
LU	double agent	n	People_by_vocation
LU	double-check	v	Inspecting
LU	double-check	v	Scrutiny
LU	doublet	n	Clothing
LU	doubt	n	Certainty
LU	doubt	v	Certainty
LU	doubtful	a	Certainty
LU	dough	n	Money
LU	douse	v	Cause_to_be_wet
LU	douse	v	Filling
LU	douse	v	Putting_out_fire
LU	dovetail	v	Compatibility
LU	down	a	Being_operational
LU	down	a	Willingness
LU	down	r	Direction
LU	down	v	Downing
LU	down	v	Ingestion
LU	down the road	r	Time_vector
LU	downcast	a	Emotion_directed
LU	downed	a	Being_operational
LU	downer	n	Intoxicants
LU	downhearted	a	Emotion_directed
LU	downing	n	Downing
LU	downpour	n	Precipitation
LU	downsize	v	Firing
LU	downtown	n	Locale_by_use
LU	doyen	n	Leadership
LU	doyenne	n	Leadership
LU	doze	n	Sleep
LU	doze	v	Sleep
LU	doze off	v	Fall_asleep
LU	dozens	n	Quantified_mass
LU	dr	n	Appellations
LU	draft	n	Version_sequence
LU	draft	v	Text_creation
LU	drag	n	Ingest_substance
LU	drag	v	Cause_motion
LU	drag	v	Ingest_substance
LU	drag on	v	Process_continue
LU	drag out	v	Change_event_duration
LU	drain	v	Emptying
LU	drain	v	Removing
LU	drama	n	Text
LU	drape	v	Filling
LU	drape	v	Placing
LU	draped	a	Abounding_with
LU	draw	n	Finish_competition
LU	draw	v	Bearing_arms
LU	draw	v	Cause_motion
LU	draw	v	Create_physical_artwork
LU	draw	v	Create_representation
LU	draw blank	v	Remembering_information
LU	draw to a close	v	Process_end
LU	draw to a end	v	Process_end
LU	drawer	n	Containers
LU	drawing	n	Physical_artworks
LU	drawl	v	Communication_manner
LU	dread	n	Fear
LU	dread	v	Experiencer_focus
LU	dreadful	a	Desirability
LU	dreadful	a	Expertise
LU	dreadful	a	Stimulus_focus
LU	drench	v	Cause_to_be_wet
LU	drenched	a	Being_wet
LU	dress	n	Clothing
LU	dress	v	Dressing
LU	dress	v	Filling
LU	dress up	v	Dressing
LU	dressed	a	Wearing
LU	dressing	n	Food
LU	dressing room	n	Building_subparts
LU	dribble	v	Cause_fluidic_motion
LU	dribble	v	Fluidic_motion
LU	drift	v	Motion
LU	drift off	v	Fall_asleep
LU	drill	n	Practice
LU	drink	v	Ingestion
LU	drip	v	Cause_fluidic_motion
LU	drip	v	Fluidic_motion
LU	drive	v	Bringing
LU	drive	v	Cause_motion
LU	drive	v	Operate_vehicle
LU	drive	v	Self_motion
LU	drive	v	Subjective_influence
LU	drive-by	n	Attack
LU	driver	n	People_by_vocation
LU	driveway	n	Roadways
LU	drizzle	n	Precipitation
LU	drizzle	v	Filling
LU	drizzle	v	Placing
LU	drizzle	v	Precipitation
LU	drizzled	a	Abounding_with
LU	droll	a	Stimulus_focus
LU	drone	n	Sounds
LU	drone	v	Communication_noise
LU	drone	v	Make_noise
LU	drop	v	Body_movement
LU	drop	v	Cause_change_of_position_on_a_scale
LU	drop	v	Cause_motion
LU	drop	v	Change_position_on_a_scale
LU	drop	v	Change_posture
LU	drop	v	Giving_birth
LU	drop	v	Motion_directional
LU	drop	v	Path_shape
LU	drop in	v	Drop_in_on
LU	drown	v	Death
LU	drown	v	Killing
LU	drowse	n	Sleep
LU	drowse	v	Sleep
LU	drowsiness	n	Biological_urge
LU	drowsy	a	Biological_urge
LU	drudgery	n	Emotions_of_mental_activity
LU	drug	n	Intoxicants
LU	drug	v	Cause_harm
LU	drug lord	n	Leadership
LU	drum	n	Containers
LU	drum	n	Noise_makers
LU	drunk	a	Intoxication
LU	dry	a	Being_dry
LU	dry	v	Becoming_dry
LU	dry	v	Cause_to_be_dry
LU	dry	v	Preserving
LU	dry off	v	Cause_to_be_dry
LU	dry out	v	Cause_to_be_dry
LU	dry run	n	Practice
LU	dry up	v	Becoming_dry
LU	dry up	v	Cause_to_be_dry
LU	dual	a	Cardinal_numbers
LU	dub	v	Name_conferral
LU	dubious	a	Being_questionable
LU	dubious	a	Certainty
LU	duchess	n	Appellations
LU	duchess	n	Leadership
LU	duchy	n	Political_locales
LU	duck	v	Avoiding
LU	duck	v	Body_movement
LU	dude	n	Attention_getting
LU	dude	n	People
LU	duel	n	Hostile_encounter
LU	duel	v	Hostile_encounter
LU	duffel bag	n	Containers
LU	dull	a	Color_qualities
LU	dull	a	Sharpness
LU	dull	a	Stimulus_focus
LU	dull	v	Cause_to_be_sharp
LU	dump	v	Judgment_communication
LU	dumpy	a	Body_description_holistic
LU	dune	n	Natural_features
LU	dunk	v	Dunking
LU	dupe	v	Manipulate_into_doing
LU	duplicate	n	Duplication
LU	duplicate	v	Duplication
LU	duplication	n	Duplication
LU	durability	n	Level_of_force_resistance
LU	durable	a	Level_of_force_resistance
LU	dusk	n	Calendric_unit
LU	dust	v	Filling
LU	dust	v	Placing
LU	dust	v	Removing
LU	dust-up	n	Hostile_encounter
LU	dusted	a	Abounding_with
LU	dutch	a	Origin
LU	duty	n	Being_obligated
LU	dwell	v	Cogitation
LU	dwell	v	Residence
LU	dwell (on)	v	Topic
LU	dweller	n	Residence
LU	dwelling	n	Buildings
LU	dwindle	v	Change_position_on_a_scale
LU	dwindle	v	Proliferating_in_number
LU	dye	v	Processing_materials
LU	dying	a	Desiring
LU	dying	a	Dying
LU	dynamic	a	Dynamism
LU	dynamism	n	Dynamism
LU	dynamite	n	Weapon
LU	dysmenorrhoea	n	Medical_conditions
LU	e-mail	v	Contacting
LU	eager	a	Desiring
LU	ear	n	Body_parts
LU	earlier	a	Temporal_subregion
LU	earlobe	n	Body_parts
LU	early	a	Relative_time
LU	early	a	Temporal_collocation
LU	early	a	Temporal_subregion
LU	earn	v	Earnings_and_losses
LU	earnest	a	Candidness
LU	earnestness	n	Candidness
LU	earnings	n	Earnings_and_losses
LU	earring	n	Accoutrements
LU	earshot	n	Range
LU	earth	n	Locale
LU	earth-shattering	a	Stimulus_focus
LU	earthquake	n	Moving_in_place
LU	ease	n	Difficulty
LU	ease	v	Cure
LU	ease	v	Recovery
LU	east	a	Part_orientational
LU	east	n	Direction
LU	east	n	Directional_locative_relation
LU	east	n	Part_orientational
LU	east	r	Direction
LU	east	r	Directional_locative_relation
LU	eastern	a	Part_orientational
LU	easternmost	a	Part_orientational
LU	easy	a	Difficulty
LU	easy	a	Experiencer_focus
LU	eat	v	Ingestion
LU	eat up	v	Expend_resource
LU	eavesdrop	v	Perception_active
LU	ebony	a	Color
LU	echo	v	Sound_movement
LU	eclipse	n	Eclipse
LU	eclipse	v	Eclipse
LU	eclipse	v	Surpassing
LU	economic	a	Economy
LU	economical	a	Frugality
LU	economically	r	Domain
LU	economy	n	Economy
LU	economy	n	Frugality
LU	ecoterrorism	n	Terrorism
LU	ecoterrorism [environmentalism]	n	Terrorism
LU	ecoterrorist	n	Terrorism
LU	ecoterrorist [environmentalist]	n	Terrorism
LU	ecstasy	n	Intoxicants
LU	ecstatic	a	Emotion_directed
LU	eczema	n	Medical_conditions
LU	edge	n	Boundary
LU	edge	n	Part_edge
LU	edge	v	Change_position_on_a_scale
LU	edge	v	Path_shape
LU	edge	v	Self_motion
LU	edge	v	Surrounding
LU	edition	n	Text
LU	editor	n	People_by_vocation
LU	editorial	n	Text
LU	educate	v	Education_teaching
LU	education	n	Education_teaching
LU	educational	a	Education_teaching
LU	effect	n	Being_in_effect
LU	effect	n	Objective_influence
LU	effect	n	Subjective_influence
LU	effect	v	Accomplishment
LU	effect [into effect]	n	Execute_plan
LU	effective	a	Being_in_effect
LU	effective	a	Usefulness
LU	effects	n	Possession
LU	effort	n	Attempt
LU	effusive	a	Volubility
LU	egg	n	Food
LU	egyptian	a	Origin
LU	eighth	a	Ordinal_numbers
LU	eighth	n	Part_whole
LU	eject	v	Removing
LU	ejection	n	Removing
LU	elated	a	Emotion_directed
LU	elation	n	Emotion_directed
LU	elbow	n	Body_parts
LU	elbow	v	Cause_harm
LU	elderly	a	Age
LU	elderly	n	People_by_age
LU	elect	v	Change_of_leadership
LU	elect	v	Choosing
LU	election	n	Change_of_leadership
LU	electric	a	Electricity
LU	electric power	n	Electricity
LU	electrical	a	Electricity
LU	electrical power	n	Electricity
LU	electricity	n	Electricity
LU	electrifying	a	Stimulus_focus
LU	electrocute	v	Cause_harm
LU	electrocution	n	Cause_harm
LU	elegant	a	Aesthetics
LU	elegy	n	Text
LU	element	n	Ingredients
LU	elevated	a	Change_position_on_a_scale
LU	elevation	n	Change_position_on_a_scale
LU	elevator	n	Building_subparts
LU	elevator	n	Connecting_architecture
LU	elicit	v	Cause_to_start
LU	eliminate	v	Killing
LU	eliminate	v	Removing
LU	elimination	n	Removing
LU	ellipse	n	Shapes
LU	elsewhere	r	Locative_relation
LU	elude	v	Elusive_goal
LU	elude	v	Evading
LU	elusive	a	Evading
LU	emanate	v	Emanating
LU	emanate	v	Emitting
LU	embalm	v	Preserving
LU	embalming	n	Preserving
LU	embark	v	Board_vehicle
LU	embarkation	n	Board_vehicle
LU	embarkment	n	Board_vehicle
LU	embarrass	v	Experiencer_obj
LU	embarrassed	a	Emotion_directed
LU	embarrassing	a	Stimulus_focus
LU	embarrassment	n	Emotion_directed
LU	embed	v	Placing
LU	embellish	v	Filling
LU	embellished	a	Abounding_with
LU	embezzle	v	Theft
LU	embezzlement	n	Theft
LU	embezzler	n	Theft
LU	embitter	v	Experiencer_obj
LU	embittered	a	Emotion_directed
LU	embittering	a	Stimulus_focus
LU	embrace	v	Adopt_selection
LU	embroiled	a	Participation
LU	embus	v	Board_vehicle
LU	emerge	v	Coming_to_be
LU	emerge	v	Departing
LU	emerge	v	Path_shape
LU	emergence	n	Path_shape
LU	emergency	n	Emergency
LU	emigrant	n	Quitting_a_place
LU	emigrate	v	Quitting_a_place
LU	emigration	n	Quitting_a_place
LU	emigre	n	Quitting_a_place
LU	emit	v	Emitting
LU	emotion	n	Feeling
LU	emotionally	r	Domain
LU	empathize	v	Others_situation_as_stimulus
LU	empathy	n	Experiencer_focus
LU	emperor	n	Appellations
LU	emperor	n	Leadership
LU	emphasis	n	Emphasizing
LU	emphasize	v	Convey_importance
LU	emphasize	v	Emphasizing
LU	empire	n	Political_locales
LU	emplace	v	Placing
LU	emplane	v	Board_vehicle
LU	employ	n	Being_employed
LU	employ	v	Employing
LU	employ	v	Using
LU	employed	a	Being_employed
LU	employee	n	Employing
LU	employer	n	Employing
LU	employment	n	Being_employed
LU	employment	n	Employing
LU	employment	n	Unemployment_rate
LU	employment	n	Using
LU	empress	n	Appellations
LU	empress	n	Leadership
LU	emptiness	n	Fullness
LU	empty	a	Fullness
LU	empty	a	Stimulus_focus
LU	empty	n	Containers
LU	empty	v	Emptying
LU	empty	v	Removing
LU	emptying	n	Emptying
LU	en route	r	Self_motion
LU	enable	v	Preventing_or_letting
LU	enablement	n	Preventing_or_letting
LU	enchant	v	Experiencer_obj
LU	enchanting	a	Stimulus_focus
LU	encirclement	n	Besieging
LU	enclave	n	Locale_by_characteristic_entity
LU	enclose	v	Placing
LU	encounter	v	Becoming_aware
LU	encounter	v	Encounter
LU	encourage	v	Experiencer_obj
LU	encourage	v	Subjective_influence
LU	encouraging	a	Stimulus_focus
LU	encrust	v	Distributed_position
LU	encumber	v	Hindering
LU	encumbrance	n	Hindering
LU	end	n	Death
LU	end	n	Process_end
LU	end	n	Temporal_subregion
LU	end	v	Cause_to_end
LU	end	v	Process_end
LU	end [cessation]	n	Process_end
LU	end [final-subevent]	n	Process_end
LU	end up	v	Transition_to_state
LU	end up	v	Turning_out
LU	endanger	v	Endangering
LU	endangered	a	Run_risk
LU	endangerment	n	Endangering
LU	endeavor	n	Attempt
LU	endeavor	v	Attempt
LU	endocrinologist	n	Medical_professionals
LU	endocrinology	n	Medical_specialties
LU	endorse	v	Taking_sides
LU	endoscope	n	Medical_instruments
LU	endow	v	Bond_maturation
LU	endow	v	Giving
LU	endure	v	Tolerating
LU	enduring	a	Duration_description
LU	enemy	n	Friendly_or_hostile
LU	energetic	a	Dynamism
LU	energy	n	Dynamism
LU	energy	n	Electricity
LU	enervated	a	Biological_urge
LU	enforce	v	Enforcing
LU	enforcement	n	Enforcing
LU	engage	v	Experiencer_obj
LU	engage	v	Hostile_encounter
LU	engage	v	Intentionally_act
LU	engage	v	Participation
LU	engaged	a	Personal_relationship
LU	engagement	n	Forming_relationships
LU	engagement	n	Hostile_encounter
LU	engagement	n	Personal_relationship
LU	engender	v	Cause_to_start
LU	engine	n	Vehicle_subpart
LU	engineer	n	People_by_vocation
LU	englishwoman	n	People_by_origin
LU	engrossed	a	Mental_stimulus_exp_focus
LU	engrossing	a	Mental_stimulus_stimulus_focus
LU	engrossing	a	Stimulus_focus
LU	enhance	v	Cause_change_of_position_on_a_scale
LU	enjoin	v	Attempt_suasion
LU	enjoy	v	Emotions_of_mental_activity
LU	enjoyable	a	Stimulus_focus
LU	enjoyment	n	Emotions_of_mental_activity
LU	enlarge	v	Cause_expansion
LU	enlarge	v	Expansion
LU	enlargement	n	Cause_expansion
LU	enlargement	n	Expansion
LU	enlightened	a	Mental_property
LU	enlightenment	n	Mental_property
LU	enlist	v	Becoming_a_member
LU	enormous	a	Size
LU	enough	a	Sufficiency
LU	enough	n	Sufficiency
LU	enough	r	Sufficiency
LU	enrage	v	Experiencer_obj
LU	enraged	a	Emotion_directed
LU	enraging	a	Stimulus_focus
LU	enrich	v	Processing_materials
LU	enriched	a	Degree_of_processing
LU	enrichment	n	Processing_materials
LU	enroll	v	Becoming_a_member
LU	enroute	a	Self_motion
LU	ensemble	n	Clothing
LU	enshroud	v	Eclipse
LU	enshrouded	a	Eclipse
LU	entangled	a	Participation
LU	entanglement	n	Participation
LU	enter	v	Activity_start
LU	enter	v	Arriving
LU	enter	v	Becoming_a_member
LU	enter	v	Path_shape
LU	entertain	v	Cause_to_experience
LU	entertain	v	Experiencer_obj
LU	entertaining	a	Stimulus_focus
LU	enthrall	v	Experiencer_obj
LU	enthralled	a	Mental_stimulus_exp_focus
LU	enthralling	a	Mental_stimulus_stimulus_focus
LU	enthralling	a	Stimulus_focus
LU	enthrone	v	Change_of_leadership
LU	entice	v	Subjective_influence
LU	entire	a	Ranked_expectation
LU	entitle	v	Name_conferral
LU	entitle	v	Prohibiting_or_licensing
LU	entitled	a	Being_named
LU	entity	n	Entity
LU	entourage	n	Entourage
LU	entrain	v	Board_vehicle
LU	entrance	n	Arriving
LU	entreat	v	Request
LU	entreaty	n	Request
LU	entry	n	Arriving
LU	envelop	v	Distributed_position
LU	envelope	n	Containers
LU	envy	n	Experiencer_focus
LU	envy	v	Experiencer_focus
LU	ephemeral	a	Duration_description
LU	epic	a	Fame
LU	epic	a	Importance
LU	epic	a	Text
LU	epic	n	Text
LU	epidemiology	n	Medical_specialties
LU	epigram	n	Text
LU	epilogue	n	Text
LU	episode	n	Event
LU	epistle	n	Text
LU	epitome	n	Exemplar
LU	eponym	n	Being_named
LU	eponymous	a	Namesake
LU	equal	a	Being_up_to_it
LU	equal	v	Evaluative_comparison
LU	equation	n	Mathematical_relationship
LU	equip	v	Supply
LU	equipment	n	Gizmo
LU	equipment	n	Supply
LU	equivocate	v	Prevarication
LU	equivocation	n	Prevarication
LU	era	n	Calendric_unit
LU	erase	v	Erasing
LU	erect	v	Building
LU	ermines	n	Clothing
LU	ersatz	a	Artificiality
LU	erstwhile	a	Relative_time
LU	erupt	v	Process_start
LU	eruption	n	Process_start
LU	escalation	n	Change_position_on_a_scale
LU	escalator	n	Connecting_architecture
LU	escape	n	Departing
LU	escape	v	Avoiding
LU	escape	v	Departing
LU	escape	v	Elusive_goal
LU	escape	v	Escaping
LU	escapee	n	Quitting_a_place
LU	eschew	v	Avoiding
LU	escort	v	Cotheme
LU	espy	v	Becoming_aware
LU	essay	n	Text
LU	essential	a	Being_necessary
LU	establish	v	Intentionally_create
LU	establishment	n	Businesses
LU	establishment	n	Intentionally_create
LU	estate	n	Locale_by_ownership
LU	esteem	n	Judgment
LU	esteem	n	Regard
LU	esteem	v	Judgment
LU	estimable	a	Praiseworthiness
LU	estimate	n	Estimated_value
LU	estimate	v	Estimating
LU	estimation	n	Estimated_value
LU	estimation	n	Estimating
LU	estranged	a	Personal_relationship
LU	estuary	n	Relational_natural_features
LU	etch	v	Processing_materials
LU	eternal	a	Duration_description
LU	ethical	a	Morality_evaluation
LU	etui	n	Containers
LU	eucharist	n	Rite
LU	eulogy	n	Text
LU	european	a	Origin
LU	euthanasia	n	Killing
LU	euthanize	v	Killing
LU	evacuate	v	Emptying
LU	evacuate	v	Escaping
LU	evacuate	v	Excreting
LU	evacuate	v	Removing
LU	evacuation	n	Escaping
LU	evacuation	n	Removing
LU	evade	v	Avoiding
LU	evade	v	Elusive_goal
LU	evade	v	Evading
LU	evaluate	v	Assessing
LU	evaluation	n	Assessing
LU	evaporate	v	Cause_change_of_phase
LU	evaporate	v	Change_of_phase
LU	evaporation	n	Change_of_phase
LU	evasion	n	Avoiding
LU	evasion	n	Evading
LU	evasive	a	Candidness
LU	evasive	a	Evading
LU	eve	n	Calendric_unit
LU	evening	n	Calendric_unit
LU	evensong	n	Rite
LU	event	n	Event
LU	eventually	r	Time_vector
LU	every once in a while	r	Frequency
LU	every so often	r	Frequency
LU	everywhere	r	Locative_relation
LU	evict	v	Removing
LU	eviction	n	Removing
LU	evidence	n	Evidence
LU	evidence	v	Evidence
LU	evident	a	Obviousness
LU	evil	a	Morality_evaluation
LU	evildoer	n	People_by_morality
LU	evince	v	Evidence
LU	eviscerate	v	Emptying
LU	evocation	n	Evoking
LU	evocative	a	Evoking
LU	evoke	v	Evoking
LU	evolution	n	Coming_to_be
LU	evolve	v	Coming_to_be
LU	exact	a	Accuracy
LU	exact	a	Correctness
LU	exactly	r	Proportional_quantity
LU	exalt	v	Judgment
LU	exaltation	n	Judgment
LU	exam	n	Examination
LU	examination	n	Court_examination
LU	examination	n	Examination
LU	examination	n	Inspecting
LU	examination	n	Scrutiny
LU	examine	v	Court_examination
LU	examine	v	Examination
LU	examine	v	Inspecting
LU	example	n	Instance
LU	exasperate	v	Experiencer_obj
LU	exasperated	a	Emotion_directed
LU	exasperating	a	Stimulus_focus
LU	exasperation	n	Emotion_directed
LU	exceed	v	Surpassing
LU	excel	v	Expertise
LU	excellence	n	Desirability
LU	excellent	a	Desirability
LU	excellent	a	Expertise
LU	excellent	a	Usefulness
LU	exchange	n	Discussion
LU	exchange	n	Exchange
LU	exchange	v	Exchange
LU	exchange	v	Exchange_currency
LU	exchange	v	Replacing
LU	excise	v	Removing
LU	excite	v	Cause_to_start
LU	excite	v	Experiencer_obj
LU	excited	a	Emotion_directed
LU	excitement	n	Emotion_directed
LU	exciting	a	Stimulus_focus
LU	exclaim	v	Statement
LU	exclamation	n	Statement
LU	exclude	v	Exclude_member
LU	exclude	v	Inclusion
LU	excommunicate	v	Exclude_member
LU	excommunication	n	Exclude_member
LU	excoriate	v	Judgment_communication
LU	excoriation	n	Judgment_communication
LU	excrete	v	Emanating
LU	excrete	v	Emitting
LU	excursion	n	Travel
LU	excuse	v	Forgiveness
LU	execrable	a	Desirability
LU	execrable	a	Praiseworthiness
LU	execrate	v	Judgment_communication
LU	execration	n	Judgment_communication
LU	execrative	a	Judgment_communication
LU	execute	v	Execution
LU	execute	v	Intentionally_act
LU	execution	n	Execution
LU	executioner	n	Execution
LU	executive	n	Appellations
LU	executive	n	Leadership
LU	exemplar	n	Exemplar
LU	exemplary	a	Exemplariness
LU	exemplum	n	Text
LU	exercise	n	Exercising
LU	exercise	n	Practice
LU	exercise	n	Rite
LU	exercise	v	Exercising
LU	exercise	v	Using
LU	exhalation	n	Breathing
LU	exhalation [act]	n	Breathing
LU	exhale	v	Breathing
LU	exhale	v	Emitting
LU	exhaust	v	Expend_resource
LU	exhausted	a	Biological_urge
LU	exhausted	a	Used_up
LU	exhaustion	n	Biological_urge
LU	exhibit	v	Cause_to_perceive
LU	exhilarate	v	Experiencer_obj
LU	exhilarated	a	Emotion_directed
LU	exhilarating	a	Stimulus_focus
LU	exhilaration	n	Emotion_directed
LU	exhort	v	Attempt_suasion
LU	exist	v	Existence
LU	existence	n	Existence
LU	exit	n	Departing
LU	exit	v	Departing
LU	exit	v	Path_shape
LU	exodus	n	Departing
LU	exorbitant	a	Expensiveness
LU	expand	v	Cause_expansion
LU	expand	v	Expansion
LU	expanse	n	Shapes
LU	expansion	n	Cause_expansion
LU	expansion	n	Expansion
LU	expansive	a	Volubility
LU	expatiate	v	Speak_on_topic
LU	expect	v	Expectation
LU	expect	v	Opinion
LU	expectation	n	Expectation
LU	expedition	n	Travel
LU	expel	v	Exclude_member
LU	expel	v	Removing
LU	expend	v	Expend_resource
LU	expense	n	Expensiveness
LU	expensive	a	Expensiveness
LU	experience	n	Expertise
LU	experience	n	Perception_experience
LU	experience	v	Feeling
LU	experience	v	Perception_experience
LU	experience	v	Undergoing
LU	experienced	a	Expertise
LU	experiment	n	Experimentation
LU	experiment	v	Experimentation
LU	expert	a	Expertise
LU	expert	n	Expertise
LU	expertise	n	Expertise
LU	expiate	v	Atonement
LU	expiation	n	Atonement
LU	expiator	n	Atonement
LU	expiatory	a	Atonement
LU	expire	v	Breathing
LU	expire	v	Death
LU	explain	v	Explaining_the_facts
LU	explain	v	Justifying
LU	explain	v	Statement
LU	explanation	n	Explaining_the_facts
LU	explanation	n	Statement
LU	explicit	a	Candidness
LU	explode	v	Change_position_on_a_scale
LU	explode	v	Detonate_explosive
LU	explode	v	Explosion
LU	exploratory	a	Preliminaries
LU	explore	v	Scrutiny
LU	explosion	n	Change_position_on_a_scale
LU	explosion	n	Explosion
LU	explosive	a	Expansion
LU	explosive	a	Weapon
LU	explosive	n	Weapon
LU	export	v	Exporting
LU	export	v	Sending
LU	export [act]	n	Exporting
LU	export [entity]	n	Exporting
LU	exportation	n	Exporting
LU	exporter	n	Import_export_scenario
LU	expose	v	Reveal_secret
LU	expound	v	Speak_on_topic
LU	express	v	Encoding
LU	express	v	Expressing_publicly
LU	express	v	Sending
LU	expression	n	Encoding
LU	expression	n	Expressing_publicly
LU	expression	n	Facial_expression
LU	expressway	n	Roadways
LU	expulsion	n	Exclude_member
LU	expulsion	n	Removing
LU	expunge	v	Emptying
LU	expunge	v	Erasing
LU	expunge	v	Removing
LU	expurgate	v	Emptying
LU	expurgate	v	Removing
LU	exsiccate	v	Becoming_dry
LU	extend	v	Change_event_duration
LU	extend	v	Offering
LU	extended	a	Duration_description
LU	extension	n	Expansion
LU	extension	n	Linguistic_meaning
LU	extent	n	Quantity
LU	exterior	a	Part_inner_outer
LU	exterior	n	Part_inner_outer
LU	exterminate	v	Killing
LU	extermination	n	Killing
LU	extinguish	v	Putting_out_fire
LU	extol	v	Judgment_communication
LU	extract	v	Mining
LU	extract	v	Removing
LU	extraction	n	Removing
LU	extradite	v	Extradition
LU	extradition	n	Extradition
LU	extraordinary	a	Desirability
LU	extravagant	a	Frugality
LU	extrovert	n	Sociability
LU	exude	v	Emanating
LU	exude	v	Emitting
LU	eye	n	Body_parts
LU	eye	v	Perception_active
LU	eye-catching	a	Prominence
LU	eyeball	v	Scrutiny
LU	eyelid	n	Body_parts
LU	eyeliner	n	Body_decoration
LU	eyeshadow	n	Body_decoration
LU	eyot	n	Natural_features
LU	fable	n	Text
LU	fabricate	v	Manufacturing
LU	fabrication	n	Manufacturing
LU	fabulous	a	Desirability
LU	facade	n	Architectural_part
LU	face	n	Body_parts
LU	face	n	Facial_expression
LU	face	n	Part_orientational
LU	face	v	Confronting_problem
LU	facial	n	Grooming
LU	facility	n	Locale_by_use
LU	faction	n	Offshoot
LU	factor	n	Contingency
LU	factory	n	Locale_by_use
LU	fade	v	Ceasing_to_be
LU	fail	v	Endeavor_failure
LU	fail	v	Success_or_failure
LU	fail	v	Successful_action
LU	failed	a	Successful_action
LU	failing	n	Success_or_failure
LU	failure	n	Success_or_failure
LU	faint	v	Fall_asleep
LU	fair	a	Aesthetics
LU	fair	a	Body_description_part
LU	fair	a	Desirability
LU	fair	a	Fairness_evaluation
LU	fair	a	Legality
LU	fair	a	Quantified_mass
LU	fair	a	Weather
LU	fair	n	Social_event
LU	fairly	r	Fairness_evaluation
LU	faith	n	Religious_belief
LU	faith	n	Trust
LU	faithful	n	People_by_religion
LU	faithful	n	Religious_belief
LU	fake	a	Artificiality
LU	fake	n	Forging
LU	fake	v	Feigning
LU	fake	v	Forging
LU	fall	n	Change_position_on_a_scale
LU	fall	v	Change_position_on_a_scale
LU	fall	v	Conquering
LU	fall	v	Motion_directional
LU	fall (on)	v	Becoming_aware
LU	fall (upon)	v	Attack
LU	fall for	v	Fall_for
LU	falls	n	Natural_features
LU	false	a	Artificiality
LU	falsify	v	Forging
LU	fame	n	Fame
LU	familiar	a	Expertise
LU	familiar	a	Familiarity
LU	familiar	a	Personal_relationship
LU	family	n	Aggregate
LU	family	n	Biological_classification
LU	family	n	Kinship
LU	family name	n	Being_named
LU	family practitioner	n	Medical_professionals
LU	family room	n	Building_subparts
LU	famished	a	Biological_urge
LU	famous	a	Fame
LU	fancy	v	Desiring
LU	fang	n	Body_parts
LU	fantastic	a	Desirability
LU	fantastic	a	Expertise
LU	fantastic	a	Usefulness
LU	fanzine	n	Text
LU	far	a	Gradable_proximity
LU	far	a	Negation
LU	far	r	Degree
LU	far left	n	People_along_political_spectrum
LU	far-left	n	People_along_political_spectrum
LU	fare	v	Thriving
LU	farm	n	Locale_by_use
LU	farm	v	Agriculture
LU	farm (out)	v	Being_employed
LU	farmer	n	People_by_vocation
LU	farmhouse	n	Buildings
LU	farming	n	Agriculture
LU	fart	v	Excreting
LU	fascinate	v	Experiencer_obj
LU	fascinated	a	Mental_stimulus_exp_focus
LU	fascinating	a	Mental_stimulus_stimulus_focus
LU	fascinating	a	Stimulus_focus
LU	fashion	n	Trendiness
LU	fashion	v	Building
LU	fashionable	a	Trendiness
LU	fast	a	Rate_description
LU	fast	a	Speed_description
LU	fast	a	Taking_time
LU	fasten	v	Attaching
LU	fasten	v	Becoming_attached
LU	fasten	v	Closure
LU	fastened	a	Being_attached
LU	fat	a	Body_description_holistic
LU	fat	n	Food
LU	fatal	a	Killing
LU	fatality	n	Killing
LU	fate	n	Destiny
LU	fated	a	Destiny
LU	father	n	Appellations
LU	father	n	Kinship
LU	father	v	Giving_birth
LU	father-in-law	n	Kinship
LU	fathom	v	Grasp
LU	fatigue	n	Biological_urge
LU	fatigued	a	Biological_urge
LU	fault	n	Judgment
LU	fault	v	Judgment
LU	favor	v	Partiality
LU	favor	v	Preference
LU	fax	v	Communication_means
LU	fax	v	Contacting
LU	fax	v	Sending
LU	faze	v	Experiencer_obj
LU	fazed	a	Experiencer_focus
LU	fear	n	Fear
LU	fear	v	Experiencer_focus
LU	feast	n	Social_event
LU	feast	v	Ingestion
LU	feature	v	Performers_and_roles
LU	fed up	a	Emotion_directed
LU	fed up	a	Experiencer_focus
LU	fed-up	a	Emotion_directed
LU	federal	a	Political_locales
LU	feed	v	Capacity
LU	feed	v	Ingestion
LU	feel	n	Sensation
LU	feel	v	Feeling
LU	feel	v	Give_impression
LU	feel	v	Opinion
LU	feel	v	Perception_active
LU	feel	v	Perception_experience
LU	feel	v	Seeking
LU	feel (for)	v	Others_situation_as_stimulus
LU	feel like	v	Desiring
LU	feeler	n	Body_parts
LU	feeling	n	Sensation
LU	feelings	n	Feeling
LU	feign	v	Feigning
LU	fell	n	Natural_features
LU	fellow	a	Co-association
LU	fellow	n	People
LU	felonious	a	Morality_evaluation
LU	felonious	a	Severity_of_offense
LU	felony	n	Offenses
LU	female	a	Body_description_holistic
LU	fen	n	Biological_area
LU	ferry	n	Vehicle
LU	ferry	v	Bringing
LU	fertilizer	n	Substance
LU	fess up	v	Reveal_secret
LU	fester	v	Rotting
LU	festival	n	Social_event
LU	festoon	v	Distributed_position
LU	festooned	a	Abounding_with
LU	festschrift	n	Text
LU	fetch	v	Bringing
LU	fete	n	Social_event
LU	fetter	v	Attaching
LU	feverish	a	Experiencer_focus
LU	feverishly	r	Experiencer_focus
LU	few	a	Quantified_mass
LU	few	n	Quantified_mass
LU	fez	n	Accoutrements
LU	fiancé	n	Personal_relationship
LU	fiancée	n	Personal_relationship
LU	fiasco	n	Bungling
LU	fib	n	Prevarication
LU	fib	v	Prevarication
LU	fiction	n	Text
LU	fidget	v	Body_movement
LU	fiefdom	n	Political_locales
LU	field	n	Fields
LU	field	n	Locale_by_event
LU	field	n	Locale_by_use
LU	fiend	n	Addiction
LU	fifth	a	Ordinal_numbers
LU	fifth	n	Part_whole
LU	fight	n	Hostile_encounter
LU	fight	n	Quarreling
LU	fight	v	Firefighting
LU	fight	v	Hostile_encounter
LU	fight	v	Quarreling
LU	fighter	n	Irregular_combatants
LU	fighting	n	Hostile_encounter
LU	figure	v	Opinion
LU	figure out	v	Coming_to_believe
LU	filch	v	Theft
LU	file	v	Grooming
LU	file	v	Placing
LU	file	v	Removing
LU	file	v	Self_motion
LU	file	v	Submitting_documents
LU	filial	a	Kinship
LU	fill	v	Distributed_position
LU	fill	v	Filling
LU	filled	a	Abounding_with
LU	fillet	v	Cutting
LU	film	v	Behind_the_scenes
LU	film	v	Distributed_position
LU	film-maker	n	Behind_the_scenes
LU	fin	n	Body_parts
LU	final	a	Ordinal_numbers
LU	final	a	Process_end
LU	final	a	Version_sequence
LU	finale	n	Process_end
LU	finally	r	Time_vector
LU	finance	n	Fields
LU	finance	v	Funding
LU	financially	r	Domain
LU	find	v	Achieving_first
LU	find	v	Arriving
LU	find	v	Becoming_aware
LU	find	v	Being_located
LU	find	v	Coming_to_believe
LU	find	v	Coming_up_with
LU	find	v	Locating
LU	find	v	Regard
LU	find	v	Verdict
LU	find (oneself)	v	Becoming_aware
LU	find out	v	Becoming_aware
LU	finding	n	Documents
LU	finding	n	Verdict
LU	fine	a	Desirability
LU	fine	a	Emotion_directed
LU	fine	a	Usefulness
LU	fine	n	Fining
LU	fine	v	Fining
LU	finery	n	Clothing
LU	finger	n	Body_parts
LU	finger	v	Appointing
LU	finger	v	Indicating
LU	finger	v	Manipulation
LU	fingernail	n	Body_parts
LU	fingertip	n	Body_parts
LU	finish	v	Activity_finish
LU	finished	a	Activity_done_state
LU	finished	a	Process_completed_state
LU	fink	n	People_by_morality
LU	fink	n	Reporting
LU	fink	v	Reporting
LU	finnish	a	Origin
LU	fire	n	Attack
LU	fire	n	Fire_burning
LU	fire	n	Shoot_projectiles
LU	fire	v	Firing
LU	fire	v	Shoot_projectiles
LU	fire	v	Use_firearm
LU	fire break	n	Fire_break
LU	fire department	n	Law_enforcement_agency
LU	fire fighter	n	People_by_vocation
LU	fire fighter	n	Team
LU	fire fighting	n	Firefighting
LU	fire line	n	Fire_break
LU	fire off	v	Shoot_projectiles
LU	firearm	n	Weapon
LU	firefight	n	Hostile_encounter
LU	firefighter	n	People_by_vocation
LU	firefighter	n	Team
LU	firehouse	n	Locale_by_use
LU	fireplace	n	Architectural_part
LU	firing	n	Firing
LU	firing point	n	Firing_point
LU	firing squad	n	Execution
LU	firm	n	Businesses
LU	first	a	Ordinal_numbers
LU	first	r	First_experience
LU	first name	n	Being_named
LU	first-rate	a	Desirability
LU	fish	n	Food
LU	fish	v	Hunting
LU	fishnet	n	Clothing
LU	fishy	a	Being_questionable
LU	fissile	a	Nuclear_process
LU	fission	n	Nuclear_process
LU	fission	v	Nuclear_process
LU	fistfight	n	Hostile_encounter
LU	fit	a	Suitability
LU	fit	v	Capacity
LU	fit	v	Suitability
LU	fit together	v	Building
LU	fitting	a	Suitability
LU	fix	n	Predicament
LU	fix	v	Activity_prepare
LU	fix	v	Attaching
LU	fix	v	Bail_decision
LU	fix	v	Cooking_creation
LU	fix	v	Resolve_problem
LU	fix up	v	Supply
LU	fizz	v	Motion_noise
LU	fizzle	v	Make_noise
LU	fjord	n	Natural_features
LU	flabbergast	v	Experiencer_obj
LU	flabbergasted	a	Emotion_directed
LU	flabby	a	Body_description_holistic
LU	flagellate	v	Cause_harm
LU	flagon	n	Containers
LU	flak jacket	n	Armor
LU	flake	n	Part_piece
LU	flake	v	Grinding
LU	flaked	a	Ground_up
LU	flame	v	Light_movement
LU	flame	v	Location_of_light
LU	flame-thrower	n	Weapon
LU	flames	n	Fire_burning
LU	flannels	n	Clothing
LU	flap	v	Body_movement
LU	flare	v	Light_movement
LU	flare	v	Location_of_light
LU	flash	n	Light_movement
LU	flash	n	Location_of_light
LU	flash	v	Light_movement
LU	flash	v	Location_of_light
LU	flashing	a	Location_of_light
LU	flashy	a	Prominence
LU	flask	n	Containers
LU	flat	n	Building_subparts
LU	flat-footed	a	Body_description_part
LU	flatten	v	Reshaping
LU	flatter	v	Manipulate_into_doing
LU	flavour	n	Sensation
LU	flavourful	a	Chemical-sense_description
LU	flavourless	a	Chemical-sense_description
LU	flavoursome	a	Chemical-sense_description
LU	flaxen	a	Hair_configuration
LU	flee	v	Evading
LU	flee	v	Fleeing
LU	flesh	n	Body_parts
LU	flex	v	Body_movement
LU	flexibility	n	Level_of_force_resistance
LU	flexible	a	Level_of_force_resistance
LU	flicker	n	Light_movement
LU	flicker	n	Location_of_light
LU	flicker	v	Light_movement
LU	flicker	v	Location_of_light
LU	flight	n	Architectural_part
LU	flight	n	Fleeing
LU	flight	n	Ride_vehicle
LU	flight attendant	n	People_by_vocation
LU	flight test	n	Operational_testing
LU	flight test	v	Operational_testing
LU	flight-test	v	Operational_testing
LU	flight-testing	n	Operational_testing
LU	flimsiness	n	Level_of_force_resistance
LU	flimsy	a	Level_of_force_resistance
LU	fling	v	Body_movement
LU	fling	v	Cause_motion
LU	flip out	v	Losing_it
LU	flip-flop	v	Waver_between_options
LU	flip-flops	n	Clothing
LU	flipper	n	Body_parts
LU	flit	v	Self_motion
LU	float	v	Motion
LU	flock	n	Aggregate
LU	flock	v	Mass_motion
LU	floe	n	Natural_features
LU	flog	v	Cause_harm
LU	flog	v	Corporal_punishment
LU	flog	v	Theft
LU	flogging	n	Corporal_punishment
LU	flood	n	Quantified_mass
LU	flood	v	Filling
LU	flood	v	Mass_motion
LU	floor	n	Architectural_part
LU	floor	n	Building_subparts
LU	floor	v	Experiencer_obj
LU	flop	v	Endeavor_failure
LU	flop	v	Moving_in_place
LU	floss	v	Grooming
LU	flotilla	n	Aggregate
LU	flounce	v	Self_motion
LU	flourish	v	Thriving
LU	flout	v	Compliance
LU	flow	v	Fluidic_motion
LU	flu	n	Medical_conditions
LU	flub	v	Bungling
LU	fluctuate	v	Change_position_on_a_scale
LU	fluctuation	n	Change_position_on_a_scale
LU	fluff	v	Bungling
LU	fluke	n	Body_parts
LU	flummox	v	Experiencer_obj
LU	flummoxed	a	Emotion_directed
LU	fluoroscope	n	Medical_instruments
LU	flush	v	Emptying
LU	flush	v	Removing
LU	fluster	v	Experiencer_obj
LU	flustered	a	Emotion_directed
LU	flutter	v	Body_movement
LU	flux	v	Cause_change_of_phase
LU	flux	v	Cause_to_amalgamate
LU	fly	v	Bringing
LU	fly	v	Motion
LU	fly	v	Operate_vehicle
LU	fly	v	Ride_vehicle
LU	fly	v	Self_motion
LU	fly in the face of	v	Compatibility
LU	fly the coop	v	Escaping
LU	fly-over country	n	Isolated_places
LU	flyover	n	Roadways
LU	fob off	v	Giving
LU	focus	v	Emphasizing
LU	focused	a	Emphasizing
LU	foil	v	Thwarting
LU	foist	v	Giving
LU	fold	v	Cause_to_amalgamate
LU	fold	v	Endeavor_failure
LU	fold	v	Finish_competition
LU	fold	v	Go_into_shape
LU	fold	v	Reshaping
LU	fold [protein]	v	Go_into_shape
LU	fold [to demands]	v	Giving_in
LU	folder	n	Containers
LU	folk	n	People
LU	folks	n	People
LU	follow	v	Compliance
LU	follow	v	Cotheme
LU	follow	v	Grasp
LU	follow	v	Relative_time
LU	following	a	Relative_time
LU	fond	a	Experiencer_focus
LU	food	n	Food
LU	fool	v	Intentional_deception
LU	fool	v	Manipulate_into_doing
LU	fool	v	Prevarication
LU	foolish	a	Mental_property
LU	foolishness	n	Mental_property
LU	foot	n	Body_parts
LU	foot	n	Measure_linear_extent
LU	foot	n	Part_orientational
LU	foothill	n	Relational_natural_features
LU	footwear	n	Clothing
LU	foozle	v	Bungling
LU	forage	v	Seeking
LU	forbear	v	Forgoing
LU	forbearance	n	Forgoing
LU	forbearing	a	Forgoing
LU	forbid	v	Deny_or_grant_permission
LU	forbid	v	Prohibiting_or_licensing
LU	force	n	Aggregate
LU	force	n	Being_in_effect
LU	force	n	Level_of_force_exertion
LU	force	n	Military
LU	force	v	Causation
LU	force	v	Cause_motion
LU	force [into force]	n	Execute_plan
LU	forceful	a	Level_of_force_exertion
LU	forceps	n	Medical_instruments
LU	ford	v	Intentional_traversing
LU	ford	v	Path_shape
LU	forearm	n	Body_parts
LU	forebear	n	Kinship
LU	forebode	v	Omen
LU	forecast	v	Predicting
LU	forefather	n	Kinship
LU	forefinger	n	Body_parts
LU	forefoot	n	Body_parts
LU	forehead	n	Body_parts
LU	foreign	a	Foreign_or_domestic_country
LU	foreigner	n	People_by_origin
LU	foreleg	n	Body_parts
LU	forelimb	n	Body_parts
LU	foremost	a	First_rank
LU	forename	n	Being_named
LU	forepaw	n	Body_parts
LU	foresee	v	Expectation
LU	foreseeable	a	Expectation
LU	foreshadow	v	Omen
LU	foreshadowing	n	Omen
LU	forest	n	Biological_area
LU	forestall	v	Preventing_or_letting
LU	forestall	v	Thwarting
LU	foretell	v	Omen
LU	foretell	v	Predicting
LU	foretoken	n	Omen
LU	foretoken	v	Omen
LU	forewarn	v	Warning
LU	forge	v	Forging
LU	forgery [act]	n	Forging
LU	forgery [entity]	n	Forging
LU	forget	v	Abandonment
LU	forget	v	Remembering_experience
LU	forget	v	Remembering_information
LU	forget	v	Remembering_to_do
LU	forgetful	a	Mental_property
LU	forgive	v	Forgiveness
LU	forgiveness	n	Forgiveness
LU	forgo	v	Avoiding
LU	forgo	v	Forgoing
LU	form	n	Type
LU	form	v	Coming_to_be
LU	form	v	Creating
LU	form	v	Reshaping
LU	format	v	Arranging
LU	formation	n	Creating
LU	formation	n	Pattern
LU	former	a	Time_vector
LU	formerly	r	Time_vector
LU	formidable	a	Stimulus_focus
LU	formula	n	Mathematical_relationship
LU	formulate	v	Coming_up_with
LU	formulation	n	Encoding
LU	fort	n	Buildings
LU	forthcoming	a	Candidness
LU	forthright	a	Candidness
LU	forthrightness	n	Candidness
LU	fortification	n	Buildings
LU	fortify	v	Cause_change_of_strength
LU	fortnight	n	Calendric_unit
LU	fortnight	n	Measure_duration
LU	fortnightly	a	Frequency
LU	fortress	n	Buildings
LU	fortuitous	a	Luck
LU	fortunate	a	Luck
LU	fortunately	r	Luck
LU	fortune	n	Destiny
LU	fortune	n	Luck
LU	forty winks	n	Sleep
LU	forty-four	n	Weapon
LU	forward	r	Direction
LU	forward	v	Sending
LU	foul	a	Morality_evaluation
LU	foul up	v	Bungling
LU	found	a	Circumscribed_existence
LU	found	v	Intentionally_create
LU	foundation	n	Architectural_part
LU	foundation	n	Body_decoration
LU	founder	v	Bungling
LU	founder	v	Business_closure
LU	fourteen	n	Cardinal_numbers
LU	fourth	a	Ordinal_numbers
LU	foxy	a	Mental_property
LU	foyer	n	Building_subparts
LU	fracas	n	Fighting_activity
LU	fracture	v	Cause_harm
LU	fracture	v	Cause_to_fragment
LU	fragile	a	Level_of_force_resistance
LU	fragility	n	Level_of_force_resistance
LU	fragment	n	Part_piece
LU	fragment	n	Part_whole
LU	fragment	v	Breaking_apart
LU	fragment	v	Cause_to_fragment
LU	fragrance	n	Chemical-sense_description
LU	fragrance	n	Sensation
LU	fragrant	a	Chemical-sense_description
LU	frail	a	Level_of_force_resistance
LU	frame	v	Encoding
LU	frank	a	Candidness
LU	fratricide	n	Killing
LU	fraud	n	Offenses
LU	fray	n	Fighting_activity
LU	freak out	v	Losing_it
LU	freaked	a	Fear
LU	freckle	n	Body_mark
LU	free	a	Expensiveness
LU	free	v	Breaking_out_captive
LU	free-for-all	n	Fighting_activity
LU	freebase	n	Intoxicants
LU	freedom	n	Change_of_leadership
LU	freeway	n	Roadways
LU	freeze	n	Activity_pause
LU	freeze	v	Activity_pause
LU	freeze	v	Cause_change_of_phase
LU	freeze	v	Change_of_phase
LU	freezing	a	Ambient_temperature
LU	freezing	a	Subjective_temperature
LU	freezing	a	Temperature
LU	french	a	Origin
LU	frenetic	a	Lively_place
LU	frequency	n	Frequency
LU	frequent	a	Condition_symptom_relation
LU	frequent	a	Frequency
LU	frequently	r	Frequency
LU	fresh	a	Age
LU	fret	v	Emotion_active
LU	friend	n	Personal_relationship
LU	friendly	a	Friendly_or_hostile
LU	friendly	a	Sociability
LU	friendly	a	Social_interaction_evaluation
LU	friendly	n	Friendly_or_hostile
LU	friendship	n	Personal_relationship
LU	frighten	v	Experiencer_obj
LU	frightened	a	Emotion_directed
LU	frightened	a	Fear
LU	frightening	a	Stimulus_focus
LU	frigid	a	Temperature
LU	fringe	n	Clothing_parts
LU	frisk	v	Inspecting
LU	frisk	v	Scrutiny
LU	frock	n	Clothing
LU	frolic	v	Self_motion
LU	front	a	Part_orientational
LU	front	n	Front_for
LU	front	n	Part_orientational
LU	front	v	Front_for
LU	frown	n	Facial_expression
LU	frown	v	Making_faces
LU	frozen	a	Substance_by_phase
LU	frugal	a	Frugality
LU	frugality	n	Frugality
LU	fruit	n	Food
LU	frustrate	v	Experiencer_obj
LU	frustrate	v	Preventing_or_letting
LU	frustrate	v	Thwarting
LU	frustrated	a	Annoyance
LU	fry	v	Absorb_heat
LU	fry	v	Apply_heat
LU	fry	v	Cooking_creation
LU	frying	n	Apply_heat
LU	frying	n	Cooking_creation
LU	fuck	v	Sex
LU	fuck up	v	Bungling
LU	fuck-up [event]	n	Bungling
LU	fuck-up [person]	n	Bungling
LU	fuel	v	Supply
LU	fugitive	n	Fugitive
LU	fulfill	v	Experiencer_obj
LU	fulfill	v	Meet_specifications
LU	fulfilled	a	Emotions_success_or_failure
LU	fulfilled	a	Experiencer_focus
LU	fulfilling	a	Stimulus_focus
LU	fulfillment	n	Experiencer_focus
LU	full	a	Abounding_with
LU	full	a	Biological_urge
LU	full	a	Completeness
LU	full	a	Feeling
LU	full	a	Fullness
LU	full	a	Stimulus_focus
LU	full name	n	Being_named
LU	fullness	n	Fullness
LU	fully	r	Degree
LU	fumble	n	Bungling
LU	fumble	v	Bungling
LU	fumble	v	Manipulation
LU	fumble	v	Seeking
LU	fume	v	Emotion_heat
LU	function	n	Being_operational
LU	function	n	Contingency
LU	function	n	Inherent_purpose
LU	function	n	Mathematical_relationship
LU	function	n	Social_event
LU	function	n	Tool_purpose
LU	functional	a	Being_operational
LU	fund	n	Money
LU	fund	v	Funding
LU	fundamental	a	Importance
LU	funds	n	Money
LU	funny	a	Stimulus_focus
LU	furious	a	Emotion_directed
LU	furlong	n	Measure_linear_extent
LU	furlough	n	Temporary_leave
LU	furnish	v	Supply
LU	further	a	Increment
LU	fury	n	Emotion_directed
LU	fusable	a	Nuclear_process
LU	fuse	v	Amalgamation
LU	fuse	v	Attaching
LU	fuse	v	Cause_to_amalgamate
LU	fuse	v	Nuclear_process
LU	fused	a	Being_attached
LU	fusion	n	Nuclear_process
LU	fuss	v	Emotion_active
LU	future	a	Temporal_collocation
LU	future	n	Alternatives
LU	g-string	n	Clothing
LU	gab	v	Chatting
LU	gabble	v	Communication_manner
LU	gadget	n	Gizmo
LU	gag	v	Placing
LU	gaggle	n	Aggregate
LU	gain	n	Change_position_on_a_scale
LU	gain	v	Change_of_quantity_of_possession
LU	gain	v	Change_position_on_a_scale
LU	gain	v	Getting
LU	gains	n	Cause_to_make_progress
LU	gala	n	Social_event
LU	gall	v	Experiencer_obj
LU	gallery	n	Locale_by_use
LU	galling	a	Stimulus_focus
LU	gallivant	v	Self_motion
LU	gallon	n	Measure_volume
LU	galore	a	Abundance
LU	galosh	n	Clothing
LU	galvanize	v	Processing_materials
LU	galvanize	v	Subjective_influence
LU	gambol	v	Self_motion
LU	gang	n	Aggregate
LU	gang together	v	Come_together
LU	gap	n	Natural_features
LU	gape	v	Perception_active
LU	garage	n	Buildings
LU	garage	v	Placing
LU	garb	n	Clothing
LU	garbage	n	Desirability
LU	garbed	a	Wearing
LU	garden	n	Locale_by_use
LU	gardener	n	People_by_vocation
LU	garment	n	Clothing
LU	garnish	v	Distributed_position
LU	garret	n	Building_subparts
LU	garrotte	n	Weapon
LU	garrotte	v	Killing
LU	garrulous	a	Volubility
LU	garter	n	Clothing
LU	gas	n	Substance
LU	gas	n	Substance_by_phase
LU	gas mask	n	Accoutrements
LU	gaseous	a	Substance_by_phase
LU	gash	v	Cause_harm
LU	gasp	n	Sounds
LU	gasp	v	Breathing
LU	gasp	v	Communication_noise
LU	gasp	v	Make_noise
LU	gastroenterologist	n	Medical_professionals
LU	gastroenterology	n	Medical_specialties
LU	gastroscope	n	Medical_instruments
LU	gat	n	Weapon
LU	gate	n	Connecting_architecture
LU	gather	v	Come_together
LU	gather	v	Coming_to_believe
LU	gather	v	Food_gathering
LU	gather	v	Gathering_up
LU	gaunt	a	Body_description_holistic
LU	gauntlet	n	Clothing
LU	gawk	v	Perception_active
LU	gaze	n	Perception_active
LU	gaze	v	Perception_active
LU	gazebo	n	Buildings
LU	gear	n	Gizmo
LU	gear up	v	Activity_prepare
LU	geezer	n	People_by_age
LU	gem	n	Desirability
LU	general	n	Appellations
LU	general	n	Leadership
LU	generally	r	Frequency
LU	generate	v	Cause_to_start
LU	generate	v	Creating
LU	generate	v	Giving_birth
LU	generate	v	Intentionally_create
LU	generation	n	Intentionally_create
LU	generation	n	Stage_of_progress
LU	generous	a	Stinginess
LU	genial	a	Social_interaction_evaluation
LU	genocide	n	Killing
LU	gent	n	People
LU	gentleman	n	People
LU	genuine	a	Artificiality
LU	genus	n	Biological_classification
LU	geographically	r	Domain
LU	german	n	People_by_origin
LU	gerontologist	n	Medical_professionals
LU	gesticulate	v	Gesture
LU	gesture	v	Gesture
LU	get	v	Arriving
LU	get	v	Board_vehicle
LU	get	v	Bringing
LU	get	v	Come_down_with
LU	get	v	Disembarking
LU	get	v	Getting
LU	get	v	Giving_birth
LU	get	v	Grasp
LU	get	v	Intentional_deception
LU	get	v	Transition_to_state
LU	get a handle	v	Resolve_problem
LU	get across	v	Successfully_communicate_message
LU	get an eyeful	v	Punctual_perception
LU	get away	v	Evading
LU	get back (at)	v	Revenge
LU	get down	v	Text_creation
LU	get even	v	Revenge
LU	get free	v	Escaping
LU	get going	v	Getting_underway
LU	get in touch	v	Contacting
LU	get loose	v	Escaping
LU	get on	v	Dressing
LU	get out	v	Escaping
LU	get ready	v	Activity_prepare
LU	get started	v	Activity_start
LU	get there	v	Success_or_failure
LU	get through	v	Contacting
LU	get through	v	Successfully_communicate_message
LU	get under way	v	Getting_underway
LU	get up	v	Cause_to_wake
LU	get up	v	Getting_up
LU	get up	v	Waking_up
LU	get-together	n	Social_event
LU	get-up	n	Clothing
LU	getaway	n	Travel
LU	ghastly	a	Stimulus_focus
LU	giant	a	Size
LU	gibber	v	Communication_manner
LU	gibe	v	Judgment_communication
LU	gift	n	Giving
LU	gift	v	Giving
LU	gigantic	a	Size
LU	giggle	n	Sounds
LU	giggle	v	Make_noise
LU	gild	v	Filling
LU	gilded	a	Abounding_with
LU	girl	n	People
LU	girlfriend	n	Personal_relationship
LU	give	v	Giving
LU	give	v	Infecting
LU	give	v	Sex
LU	give in	v	Giving_in
LU	give off	v	Emitting
LU	give out	v	Giving
LU	give rise	v	Causation
LU	give shit	v	Judgment_direct_address
LU	give the boot	v	Firing
LU	give the slip	v	Evading
LU	give try	v	Attempt_means
LU	give up	v	Surrendering
LU	give up	v	Surrendering_possession
LU	give voice	v	Expressing_publicly
LU	give way	v	Giving_in
LU	given name	n	Being_named
LU	glacier	n	Natural_features
LU	glad	a	Emotions_by_stimulus
LU	gladden	v	Experiencer_obj
LU	glade	n	Biological_area
LU	glance	n	Perception_active
LU	glance	v	Perception_active
LU	glancing	a	Impact
LU	glass	n	Containers
LU	glass	n	Measure_volume
LU	glass	n	Substance
LU	glasses	n	Accoutrements
LU	glaze	v	Filling
LU	glazed	a	Abounding_with
LU	gleam	n	Light_movement
LU	gleam	n	Location_of_light
LU	gleam	v	Light_movement
LU	gleam	v	Location_of_light
LU	gleaming	a	Location_of_light
LU	glee	n	Emotion_directed
LU	gleeful	a	Emotion_directed
LU	glen	n	Natural_features
LU	glib	a	Volubility
LU	glide	v	Motion
LU	glimmer	n	Light_movement
LU	glimmer	n	Location_of_light
LU	glimmer	v	Light_movement
LU	glimmer	v	Location_of_light
LU	glimpse	n	Punctual_perception
LU	glimpse	v	Punctual_perception
LU	glint	n	Light_movement
LU	glint	n	Location_of_light
LU	glint	v	Light_movement
LU	glint	v	Location_of_light
LU	glisten	v	Light_movement
LU	glisten	v	Location_of_light
LU	glistening	a	Light_movement
LU	glistening	a	Location_of_light
LU	glister	n	Light_movement
LU	glister	n	Location_of_light
LU	glister	v	Light_movement
LU	glister	v	Location_of_light
LU	glitter	n	Light_movement
LU	glitter	n	Location_of_light
LU	glitter	v	Light_movement
LU	glitter	v	Location_of_light
LU	glittering	a	Location_of_light
LU	gloat	v	Statement
LU	global	a	Political_locales
LU	glossy	a	Location_of_light
LU	glove	n	Clothing
LU	gloved	a	Wearing
LU	gloveless	a	Wearing
LU	glow	n	Light_movement
LU	glow	n	Location_of_light
LU	glow	v	Light_movement
LU	glow	v	Location_of_light
LU	glue	n	Connectors
LU	glue	v	Attaching
LU	glue	v	Building
LU	glued	a	Being_attached
LU	glum	a	Emotion_directed
LU	glumness	n	Emotion_directed
LU	gnash	v	Body_movement
LU	go	n	Attempt
LU	go	v	Being_named
LU	go	v	Compatibility
LU	go	v	Motion
LU	go	v	Transition_to_a_quality
LU	go	v	Undergo_change
LU	go (to)	v	Attending
LU	go [through]	v	Scrutiny
LU	go apeshit	v	Losing_it
LU	go at it	v	Sex
LU	go away	v	Ceasing_to_be
LU	go back	v	Going_back_on_a_commitment
LU	go back and forth	v	Waver_between_options
LU	go ballistic	v	Losing_it
LU	go bust	v	Endeavor_failure
LU	go into effect	v	Come_into_effect
LU	go off	v	Getting_triggered
LU	go on	v	Event
LU	go on	v	Process_continue
LU	go on	v	Speak_on_topic
LU	go out	v	Fire_going_out
LU	go out with	v	Social_event_individuals
LU	go through	v	Expend_resource
LU	go under	v	Endeavor_failure
LU	go without	v	Forgoing
LU	go wrong	v	Successful_action
LU	goad	v	Subjective_influence
LU	goal	n	Purpose
LU	gobble	v	Ingestion
LU	gobble	v	Make_noise
LU	goblet	n	Containers
LU	godforsaken	a	Isolated_places
LU	goggle	v	Perception_active
LU	goggles	n	Accoutrements
LU	gold	n	Desirability
LU	golden	a	Hair_configuration
LU	goldfish bowl	a	Containers
LU	gone	a	Out_of_existence
LU	good	a	Desirability
LU	good	a	Expertise
LU	good	a	Morality_evaluation
LU	good	a	Social_interaction_evaluation
LU	good	a	Usefulness
LU	good idea	n	Desirable_event
LU	good-humored	a	Social_interaction_evaluation
LU	good-natured	a	Social_interaction_evaluation
LU	goods	n	Commerce_scenario
LU	goon	n	Subordinates_and_superiors
LU	goose-step	v	Self_motion
LU	goosebump	n	Perception_body
LU	gorget	n	Accoutrements
LU	gossip	n	Chatting
LU	gossip	v	Chatting
LU	got	v	Possession
LU	got on	v	Wearing
LU	got to	v	Required_event
LU	gotta	v	Required_event
LU	govern	v	Leadership
LU	government	n	Leadership
LU	government	n	Organization
LU	governor	n	Appellations
LU	governor	n	Leadership
LU	gown	n	Clothing
LU	grab	v	Manipulation
LU	grab	v	Taking
LU	grab hold	v	Manipulation
LU	graben	n	Natural_features
LU	gracious	a	Social_interaction_evaluation
LU	grade	v	Assessing
LU	gradually	r	Taking_time
LU	graduate	n	Education_teaching
LU	graduate	v	Activity_finish
LU	grail	n	Containers
LU	gram	n	Measure_mass
LU	grand	a	Size
LU	granddaughter	n	Kinship
LU	grandfather	n	Kinship
LU	grandmother	n	Kinship
LU	grandson	n	Kinship
LU	granulated	a	Ground_up
LU	grasp	n	Grasp
LU	grasp	v	Grasp
LU	grasp	v	Manipulation
LU	graspable	a	Grasp
LU	grass	n	Intoxicants
LU	grassland	n	Biological_area
LU	grate	v	Communication_noise
LU	grate	v	Experiencer_obj
LU	grate	v	Friction
LU	grate	v	Grinding
LU	grated	a	Ground_up
LU	gratification	n	Emotion_directed
LU	gratified	a	Emotion_directed
LU	gratify	v	Experiencer_obj
LU	gratifying	a	Stimulus_focus
LU	gray	a	Color
LU	graze	v	Cause_impact
LU	graze	v	Experience_bodily_harm
LU	graze	v	Impact
LU	great	a	Degree
LU	great	a	Desirability
LU	great	a	Expertise
LU	great	a	Notability
LU	great	a	Size
LU	great	a	Usefulness
LU	great-granddaughter	n	Kinship
LU	great-grandson	n	Kinship
LU	greatcoat	n	Clothing
LU	greaves	n	Accoutrements
LU	greaves	n	Armor
LU	greek	a	Origin
LU	green	a	Color
LU	green	n	Locale_by_use
LU	greenhouse	n	Buildings
LU	greenlight	v	Deny_or_grant_permission
LU	greenwood	n	Biological_area
LU	gregarious	a	Sociability
LU	grenade	n	Weapon
LU	grey-haired	a	Body_description_part
LU	grief	n	Emotion_directed
LU	grief-stricken	a	Emotion_directed
LU	grievance	n	Complaining
LU	grieve	v	Experiencer_focus
LU	grill	v	Absorb_heat
LU	grill	v	Apply_heat
LU	grill	v	Cooking_creation
LU	grill	v	Questioning
LU	grilling	n	Apply_heat
LU	grilling	n	Cooking_creation
LU	grim	a	Emotion_directed
LU	grimace	n	Facial_expression
LU	grimace	v	Making_faces
LU	grimoire	n	Text
LU	grin	n	Facial_expression
LU	grin	v	Making_faces
LU	grind	v	Body_movement
LU	grind	v	Grinding
LU	grip	v	Manipulation
LU	gripe	n	Complaining
LU	gripe	v	Bragging
LU	gripe	v	Complaining
LU	gripping	a	Stimulus_focus
LU	groan	v	Communication_noise
LU	groin	n	Body_parts
LU	groom	v	Grooming
LU	groove	v	Emotions_of_mental_activity
LU	grope	v	Manipulation
LU	grope	v	Seeking
LU	ground	a	Ground_up
LU	grounds	n	Deserving
LU	grounds	n	Locale
LU	groundwork	n	Preliminaries
LU	group	n	Aggregate
LU	group	n	Organization
LU	grouse	v	Complaining
LU	grousing	n	Complaining
LU	grow	v	Cause_expansion
LU	grow	v	Change_position_on_a_scale
LU	grow	v	Expansion
LU	grow	v	Growing_food
LU	grow	v	Ontogeny
LU	grow	v	Transition_to_state
LU	growing	a	Change_position_on_a_scale
LU	growl	n	Sounds
LU	growl	v	Communication_noise
LU	growl	v	Make_noise
LU	growth	n	Cause_change_of_position_on_a_scale
LU	growth	n	Cause_expansion
LU	growth	n	Change_position_on_a_scale
LU	growth	n	Ontogeny
LU	growth-oriented	a	Emphasizing
LU	grudging	a	Willingness
LU	grumble	v	Complaining
LU	grunt	n	Sounds
LU	grunt	v	Communication_noise
LU	grunt	v	Make_noise
LU	guaranteed	a	Likelihood
LU	guard	n	Be_on_alert
LU	guard	v	Protecting
LU	guerrilla	n	Irregular_combatants
LU	guess	n	Coming_to_believe
LU	guess	v	Coming_to_believe
LU	guess	v	Estimating
LU	guest	n	Guest_and_host
LU	guest	v	Temporary_stay
LU	guest room	n	Building_subparts
LU	guffaw	n	Sounds
LU	guffaw	v	Make_noise
LU	guide	v	Cotheme
LU	guided	a	Cotheme
LU	guillotine	v	Execution
LU	guillotining	n	Execution
LU	guilt	n	Contrition
LU	guilt	n	Guilt_or_innocence
LU	guilty	a	Contrition
LU	guilty	a	Guilt_or_innocence
LU	guilty	a	Verdict
LU	guitar	n	Noise_makers
LU	gulch	n	Natural_features
LU	gulf	n	Natural_features
LU	gullible	a	Trust
LU	gully	n	Natural_features
LU	gulp	n	Ingestion
LU	gulp	v	Ingestion
LU	gum	v	Attaching
LU	gumboot	n	Clothing
LU	gun	n	Weapon
LU	gunfight	n	Hostile_encounter
LU	gunman	n	Bearing_arms
LU	gunner	n	People_by_military_specialty
LU	gurgle	n	Sounds
LU	gurgle	v	Communication_noise
LU	gurgle	v	Make_noise
LU	gurgle	v	Motion_noise
LU	guru	n	Expertise
LU	gush	v	Fluidic_motion
LU	gushing	a	Volubility
LU	gushy	a	Volubility
LU	gut	v	Emptying
LU	gutter out	v	Fire_going_out
LU	guy	n	Attention_getting
LU	guy	n	People
LU	guyot	n	Natural_features
LU	guzzle	v	Ingestion
LU	gynaecologist	n	Medical_professionals
LU	gynaecology	n	Medical_specialties
LU	habit	n	Addiction
LU	habit	n	Custom
LU	habitual	a	Custom
LU	hacienda	n	Buildings
LU	had better	v	Required_event
LU	haematology	n	Medical_specialties
LU	hafta	v	Required_event
LU	hagiography	n	Text
LU	haiku	n	Text
LU	hail	n	Precipitation
LU	hail	v	Judgment_communication
LU	hail	v	Mass_motion
LU	hail	v	Precipitation
LU	hailstorm	n	Weather
LU	hair	n	Body_parts
LU	hair	n	Hair_configuration
LU	hair-raising	a	Stimulus_focus
LU	hairband	n	Accoutrements
LU	haircut	n	Hair_configuration
LU	hairdo	n	Hair_configuration
LU	hairgrip	n	Accoutrements
LU	hairnet	n	Accoutrements
LU	hairpiece	n	Accoutrements
LU	hairpin	n	Accoutrements
LU	hairslide	n	Accoutrements
LU	hairstyle	n	Hair_configuration
LU	half	n	Part_whole
LU	hall	n	Buildings
LU	hallucinogen	n	Intoxicants
LU	hallway	n	Building_subparts
LU	hallway	n	Connecting_architecture
LU	halt	n	Process_stop
LU	halt	v	Activity_stop
LU	halt	v	Halt
LU	hammer	v	Cause_harm
LU	hamper	n	Containers
LU	hamper	v	Hindering
LU	hamstring	v	Thwarting
LU	hand	n	Body_parts
LU	hand	v	Giving
LU	hand in	v	Giving
LU	hand in	v	Submitting_documents
LU	hand out	v	Giving
LU	hand over	v	Giving
LU	handbag	n	Containers
LU	handbook	n	Text
LU	handcuff	v	Attaching
LU	handcuff	v	Immobilization
LU	handcuffed	a	Being_attached
LU	handful	n	Quantified_mass
LU	handgun	n	Weapon
LU	handicap	v	Hindering
LU	handle	n	Shaped_part
LU	handle	v	Manipulation
LU	handle	v	Resolve_problem
LU	handsome	a	Aesthetics
LU	hang	v	Body_movement
LU	hang	v	Execution
LU	hang	v	Filling
LU	hang	v	Placing
LU	hang (on)	v	Contingency
LU	hang on to	v	Retaining
LU	hangar	n	Buildings
LU	hanging	n	Execution
LU	hangman	n	Execution
LU	hanker	v	Desiring
LU	hankering	n	Desiring
LU	happen	v	Coincidence
LU	happen	v	Event
LU	happen	v	Eventive_affecting
LU	happen (on)	v	Becoming_aware
LU	happening	a	Lively_place
LU	happenstance	n	Coincidence
LU	happily	r	Experiencer_focus
LU	happy	a	Emotion_directed
LU	happy	a	Luck
LU	harangue	n	Judgment_communication
LU	harangue	v	Judgment_communication
LU	harangue	v	Judgment_direct_address
LU	harass	v	Experiencer_obj
LU	harass	v	Manipulate_into_doing
LU	harbinger	n	Omen
LU	harbor	n	Locale_by_use
LU	hard	a	Difficulty
LU	hardback	n	Text
LU	harden	v	Cause_change_of_consistency
LU	harden	v	Change_of_consistency
LU	hardiness	n	Level_of_force_resistance
LU	hardship	n	Hindering
LU	hardy	a	Level_of_force_resistance
LU	harem	n	Aggregate
LU	harmonize	v	Compatibility
LU	harmony	n	Compatibility
LU	harried	a	Emotion_directed
LU	harrowing	a	Stimulus_focus
LU	harvest	v	Food_gathering
LU	hashish	n	Intoxicants
LU	hasten	v	Self_motion
LU	hat	n	Accoutrements
LU	hat-pin	n	Accoutrements
LU	hatch	v	Coming_up_with
LU	hate	v	Experiencer_focus
LU	hatless	a	Wearing
LU	hatred	n	Experiencer_focus
LU	hatted	a	Wearing
LU	hauberk	n	Accoutrements
LU	haul	v	Bringing
LU	haul	v	Cause_motion
LU	have	v	Giving_birth
LU	have	v	Have_associated
LU	have	v	Inclusion
LU	have	v	Ingest_substance
LU	have	v	Ingestion
LU	have	v	Possession
LU	have	v	Sex
LU	have got	v	Have_associated
LU	have got	v	Possession
LU	have got on	v	Wearing
LU	have on	v	Wearing
LU	have over	v	Have_visitor_over
LU	have to	v	Desirable_event
LU	have to	v	Required_event
LU	have to do (with)	v	Cognitive_connection
LU	haversack	n	Containers
LU	hawk	v	Make_noise
LU	hazard	v	Daring
LU	hazard	v	Statement
LU	head	n	Body_parts
LU	head	n	Leadership
LU	head	v	Leadership
LU	head	v	Self_motion
LU	head out	v	Getting_underway
LU	headband	n	Accoutrements
LU	headdress	n	Accoutrements
LU	headland	n	Natural_features
LU	headmaster	n	Appellations
LU	headmaster	n	Leadership
LU	headpiece	n	Accoutrements
LU	headquarters	n	Locale_by_use
LU	headsman	n	Execution
LU	heal	v	Cure
LU	heal	v	Recovery
LU	healer	n	Cure
LU	health	n	Medical_conditions
LU	healthy	a	Medical_conditions
LU	heap	n	Aggregate
LU	heap	n	Quantified_mass
LU	heap	v	Filling
LU	heap	v	Placing
LU	heaped	a	Abounding_with
LU	hear	v	Hearsay
LU	hear	v	Perception_experience
LU	heart	n	Part_orientational
LU	heart-rending	a	Stimulus_focus
LU	heart-stopping	a	Stimulus_focus
LU	heart-warming	a	Stimulus_focus
LU	heartbreak	n	Emotion_directed
LU	heartbreaking	a	Stimulus_focus
LU	heartbroken	a	Emotion_directed
LU	hearten	v	Experiencer_obj
LU	heartening	a	Stimulus_focus
LU	heat	v	Cause_temperature_change
LU	heat	v	Change_of_temperature
LU	heat up	v	Cause_temperature_change
LU	heathland	n	Biological_area
LU	heavily	r	Degree
LU	heavy	a	Measurable_attributes
LU	heavy-set	a	Body_description_holistic
LU	hectare	n	Measure_area
LU	hectic	a	Lively_place
LU	hedge	n	Locale_by_use
LU	heel	n	Body_parts
LU	hefty	a	Body_description_holistic
LU	height	n	Dimension
LU	height	n	Natural_features
LU	heinous	a	Morality_evaluation
LU	heist	n	Theft
LU	helicopter	n	Vehicle
LU	helm	n	Accoutrements
LU	helmet	n	Accoutrements
LU	helo	n	Vehicle
LU	help	n	Assistance
LU	help	v	Assistance
LU	help out	v	Assistance
LU	helpful	a	Assistance
LU	hem	n	Clothing_parts
LU	hem and haw	v	Make_noise
LU	henchman	n	Subordinates_and_superiors
LU	hepatitis	n	Medical_conditions
LU	herald	v	Heralding
LU	herald	v	Omen
LU	herb	n	Food
LU	herd	n	Aggregate
LU	herd	v	Gathering_up
LU	here	r	Locative_relation
LU	here	r	Spatial_co-location
LU	hernia	n	Medical_conditions
LU	heroin	n	Intoxicants
LU	heterogeneity	n	Diversity
LU	heterogeneous	a	Diversity
LU	hibernate	v	Sleep
LU	hibernation	n	Sleep
LU	hidden	a	Eclipse
LU	hide	v	Eclipse
LU	hide	v	Hiding_objects
LU	hideous	a	Aesthetics
LU	high	a	Dimension
LU	high	a	Intoxication
LU	high	a	Measurable_attributes
LU	high	a	Position_on_a_scale
LU	high	n	Extreme_value
LU	high point	n	Extreme_point
LU	high-minded	a	Morality_evaluation
LU	high-priest	n	Leadership
LU	high-rise	n	Buildings
LU	high-tech	a	Stage_of_progress
LU	high-water mark	n	Extreme_point
LU	highway	n	Roadways
LU	hijack	v	Piracy
LU	hijacked	a	Piracy
LU	hijacker	n	Piracy
LU	hijacking	n	Offenses
LU	hijacking	n	Piracy
LU	hike	n	Change_position_on_a_scale
LU	hike	n	Self_motion
LU	hike	v	Self_motion
LU	hiker	n	Self_motion
LU	hilarious	a	Stimulus_focus
LU	hill	n	Natural_features
LU	hillock	n	Natural_features
LU	hind	a	Part_orientational
LU	hinder	v	Hindering
LU	hindleg	n	Body_parts
LU	hindlimb	n	Body_parts
LU	hindquarters	n	Body_parts
LU	hindrance	n	Hindering
LU	hinge	v	Contingency
LU	hip	a	Trendiness
LU	hippodrome	n	Buildings
LU	hire	n	Hiring
LU	hire	v	Hiring
LU	hire	v	Renting
LU	hire on	v	Get_a_job
LU	hireling	n	Subordinates_and_superiors
LU	hispanic	a	Race_descriptor
LU	hiss	n	Sounds
LU	hiss	v	Communication_noise
LU	hiss	v	Fluidic_motion
LU	hiss	v	Impact
LU	hiss	v	Make_noise
LU	hiss	v	Motion_noise
LU	histology	n	Medical_specialties
LU	historic	a	Historic_event
LU	historic [entity]	a	Historic_event
LU	historically	r	Domain
LU	history	n	Fields
LU	history	n	History
LU	history	n	Individual_history
LU	history	n	Out_of_existence
LU	history	n	Text
LU	hit	n	Hit_or_miss
LU	hit	n	Impact
LU	hit	v	Arriving
LU	hit	v	Attack
LU	hit	v	Cause_harm
LU	hit	v	Cause_impact
LU	hit	v	Cause_motion
LU	hit	v	Cognitive_impact
LU	hit	v	Eventive_affecting
LU	hit	v	Experience_bodily_harm
LU	hit	v	Hit_or_miss
LU	hit	v	Hit_target
LU	hit	v	Impact
LU	hit the road	v	Getting_underway
LU	hitch	v	Attaching
LU	hitchhike	v	Ride_vehicle
LU	hitchhike	v	Self_motion
LU	hoard	v	Amassing
LU	hoard	v	Stinginess
LU	hobble	v	Self_motion
LU	hold	v	Containing
LU	hold	v	Defending
LU	hold	v	Detaining
LU	hold	v	Inhibit_movement
LU	hold	v	Manipulation
LU	hold	v	Opinion
LU	hold	v	Reserving
LU	hold back	v	Hindering
LU	hold back	v	Self_control
LU	hold forth	v	Speak_on_topic
LU	hold off	v	Holding_off_on
LU	hold on to	v	Retaining
LU	hold over	v	Change_event_time
LU	hold up	v	Change_event_time
LU	hold up	v	Robbery
LU	hold-up	n	Robbery
LU	hole in one	n	Hit_or_miss
LU	holiday	n	Calendric_unit
LU	holiday	n	Temporary_leave
LU	hollow	n	Natural_features
LU	holocaust	n	Killing
LU	holonym	n	Word_relations
LU	home	n	Buildings
LU	home	n	Expected_location_of_person
LU	home	n	Foreign_or_domestic_country
LU	home	r	Spatial_co-location
LU	homeland	n	Foreign_or_domestic_country
LU	homemaker	n	People_by_vocation
LU	homeopathist	n	Medical_professionals
LU	homeopathy	n	Medical_specialties
LU	homes	n	Attention_getting
LU	homestead	n	Buildings
LU	homicide	n	Killing
LU	homicide	n	Offenses
LU	homogeneity	n	Diversity
LU	homogeneous	a	Diversity
LU	homograph	n	Word_relations
LU	homonym	n	Word_relations
LU	homophone	n	Word_relations
LU	homophonous	a	Word_relations
LU	honest	a	Candidness
LU	honesty	n	Candidness
LU	honey	n	Food
LU	honk	v	Cause_to_make_noise
LU	honk	v	Make_noise
LU	honor	v	Compliance
LU	honorable	a	Morality_evaluation
LU	honorable	a	Praiseworthiness
LU	hood	n	Clothing_parts
LU	hood	n	Vehicle_subpart
LU	hooded	a	Wearing
LU	hoodwink	v	Prevarication
LU	hoof	n	Body_parts
LU	hook	v	Attaching
LU	hooked	a	Addiction
LU	hoot	n	Sounds
LU	hoot	v	Communication_noise
LU	hoot	v	Make_noise
LU	hop	v	Board_vehicle
LU	hop	v	Self_motion
LU	hop	v	Traversing
LU	hope	n	Desiring
LU	hope	v	Desiring
LU	hopeful	a	Attitude_description
LU	hopeless	a	Attitude_description
LU	hopper	n	Containers
LU	hopping	a	Lively_place
LU	horde	n	Aggregate
LU	horn	n	Body_parts
LU	horny	a	Biological_urge
LU	horrible	a	Desirability
LU	horrible	a	Social_interaction_evaluation
LU	horrified	a	Emotion_directed
LU	horror	n	Emotion_directed
LU	horsewhip	v	Cause_harm
LU	hose	n	Clothing
LU	hose	v	Render_nonfunctional
LU	hosiery	n	Clothing
LU	hospitable	a	Hospitality
LU	hospital	n	Buildings
LU	hospitality	n	Hospitality
LU	hospitalization	n	Institutionalization
LU	hospitalize	v	Institutionalization
LU	host	n	Aggregate
LU	host	n	Guest_and_host
LU	host	v	Provide_lodging
LU	hostel	n	Buildings
LU	hostile	a	Friendly_or_hostile
LU	hostile	n	Friendly_or_hostile
LU	hostile	n	Irregular_combatants
LU	hostility	n	Hostile_encounter
LU	hot	a	Ambient_temperature
LU	hot	a	Chemical-sense_description
LU	hot	a	Popularity
LU	hot	a	Subjective_temperature
LU	hot	a	Temperature
LU	hot spot	n	Fire_burning
LU	hot-water bottle	n	Containers
LU	hotel	n	Buildings
LU	hound	v	Cotheme
LU	hour	n	Calendric_unit
LU	hour	n	Measure_duration
LU	house	n	Buildings
LU	house	v	Containing
LU	house	v	Provide_lodging
LU	houseboat	n	Buildings
LU	housemate	n	People_by_residence
LU	housing	n	Buildings
LU	hovel	n	Buildings
LU	how	r	Means
LU	howl	n	Vocalizations
LU	howl	v	Communication_noise
LU	howl	v	Make_noise
LU	howl	v	Motion_noise
LU	huddle	n	Aggregate
LU	huddle	v	Change_posture
LU	huddle	v	Posture
LU	huddled	a	Posture
LU	huff	v	Breathing
LU	huge	a	Size
LU	hum	n	Sounds
LU	hum	v	Lively_place
LU	hum	v	Make_noise
LU	hum	v	Perception_body
LU	human	a	Biological_entity
LU	human	n	People
LU	human being	n	People
LU	humble	a	Social_desirability
LU	humid	a	Being_wet
LU	humidify	v	Cause_to_be_wet
LU	humiliate	v	Experiencer_obj
LU	humiliated	a	Emotion_directed
LU	hummock	n	Natural_features
LU	humongous	a	Size
LU	humorous	a	Stimulus_focus
LU	hump	v	Bringing
LU	hunch	n	Awareness
LU	hunch	v	Change_posture
LU	hunch	v	Posture
LU	hunch up	v	Change_posture
LU	hunched	a	Posture
LU	hundreds	n	Quantified_mass
LU	hundredth	n	Part_whole
LU	hung	a	Abounding_with
LU	hunger	n	Biological_urge
LU	hunger	n	Desiring
LU	hunger	v	Desiring
LU	hungry	a	Biological_urge
LU	hungry	a	Desiring
LU	hunk	n	Part_piece
LU	hunt	v	Hunting
LU	hunt	v	Seeking
LU	hurdle	n	Hindering
LU	hurl	v	Cause_motion
LU	hurry	v	Self_motion
LU	hurt	v	Cause_bodily_experience
LU	hurt	v	Cause_harm
LU	hurt	v	Experience_bodily_harm
LU	hurt	v	Perception_body
LU	husband	n	Personal_relationship
LU	husband	v	Frugality
LU	hush	v	Becoming_silent
LU	hush	v	Silencing
LU	hush up	v	Becoming_silent
LU	hush up	v	Silencing
LU	hustle	v	Manipulate_into_doing
LU	hydrate	v	Cause_to_be_wet
LU	hydroelectric	a	Electricity
LU	hydroelectricity	n	Electricity
LU	hypernym	n	Word_relations
LU	hypertension	n	Medical_conditions
LU	hypoglycaemia	n	Medical_conditions
LU	hyponym	n	Word_relations
LU	hypothesis	n	Experimentation
LU	iceberg	n	Natural_features
LU	idea	n	Awareness
LU	ideal	a	Usefulness
LU	identical	a	Identicality
LU	identification	n	Documents
LU	identify	v	Categorization
LU	identify	v	Indicating
LU	identify	v	Verification
LU	identify with	v	Cognitive_connection
LU	identity	n	Identicality
LU	identity	n	Identity
LU	idiosyncrasy	n	Idiosyncrasy
LU	idiosyncratic	a	Idiosyncrasy
LU	idiotic	a	Mental_property
LU	idyllic	a	Desirability
LU	igloo	n	Buildings
LU	ignite	v	Setting_fire
LU	ignorance	n	Awareness
LU	ignore	v	Attention
LU	ilk	n	Type
LU	ill	a	Medical_conditions
LU	ill-advised	a	Mental_property
LU	ill-mannered	a	Social_interaction_evaluation
LU	illegal	a	Legality
LU	illicit	a	Legality
LU	illness	n	Medical_conditions
LU	illuminate	v	Location_of_light
LU	illustrate	v	Evidence
LU	image	n	Exemplar
LU	image	n	Impression
LU	image	n	Optical_image
LU	image	n	Physical_artworks
LU	image	n	Sensation
LU	image	n	Similarity
LU	imagine	v	Awareness
LU	imam	n	Appellations
LU	imam	n	Leadership
LU	imbibe	v	Ingestion
LU	imitate	v	Imitating
LU	immeasurable	a	Size
LU	immense	a	Size
LU	immerse	v	Placing
LU	immolation	n	Killing
LU	immoral	a	Morality_evaluation
LU	immunologist	n	Medical_professionals
LU	immunology	n	Medical_specialties
LU	immure	v	Inhibit_movement
LU	impact	n	Impact
LU	impact	n	Objective_influence
LU	impact	n	Subjective_influence
LU	impact	v	Impact
LU	impact	v	Objective_influence
LU	impact	v	Subjective_influence
LU	impair	v	Biological_mechanisms
LU	impale	v	Cause_harm
LU	impartial	a	Partiality
LU	impartiality	n	Partiality
LU	impatient	a	Rashness
LU	impede	v	Hindering
LU	impediment	n	Hindering
LU	impel	v	Cause_motion
LU	imperil	v	Endangering
LU	impersonate	v	Posing_as
LU	impersonation	n	Posing_as
LU	impertinent	a	Social_interaction_evaluation
LU	impetuous	a	Rashness
LU	impinge	v	Impact
LU	implant	v	Placing
LU	implanted	a	Placing
LU	implement	n	Gizmo
LU	implement	v	Execute_plan
LU	implementation	n	Execute_plan
LU	implore	v	Request
LU	imply	v	Evidence
LU	impolite	a	Social_interaction_evaluation
LU	import	n	Importance
LU	import	v	Importing
LU	import [act]	n	Importing
LU	import [entity]	n	Importing
LU	importance	n	Importance
LU	important	a	Importance
LU	importation	n	Importing
LU	importer	n	Import_export_scenario
LU	imposition	n	Being_obligated
LU	impossible	a	Difficulty
LU	impossible	a	Likelihood
LU	impostor	n	Posing_as
LU	impoverished	a	Wealthiness
LU	imprecation	n	Text
LU	impregnable	a	Level_of_force_resistance
LU	impress	v	Experiencer_obj
LU	impression	n	Regard
LU	impressive	a	Stimulus_focus
LU	imprison	v	Imprisonment
LU	imprison	v	Inhibit_movement
LU	imprisonment	n	Imprisonment
LU	improbability	n	Likelihood
LU	improper	a	Morality_evaluation
LU	improve	v	Cause_to_make_progress
LU	improve	v	Improvement_or_decline
LU	improved	a	Cause_to_make_progress
LU	improvement	n	Improvement_or_decline
LU	improvise	v	Coming_up_with
LU	improvised explosive device	n	Improvised_explosive_device
LU	impudent	a	Social_interaction_evaluation
LU	impulse	n	Desiring
LU	in	a	Popularity
LU	in a way	r	Hedging
LU	in accordance	a	Compliance
LU	in any case	r	Presentation_of_mitigation
LU	in any event	r	Presentation_of_mitigation
LU	in cahoots	a	Collaboration
LU	in common	a	Commonality
LU	in demand	a	Popularity
LU	in general	r	Frequency
LU	in league	a	Collaboration
LU	in order	a	Being_operational
LU	in order	r	Purpose
LU	in parallel	a	Relative_time
LU	in part	r	Degree
LU	in the cards	r	Destiny
LU	in the mood	a	Biological_urge
LU	in time	r	Time_vector
LU	in-law	n	Kinship
LU	inability	n	Capability
LU	inaccessible	a	Having_or_lacking_access
LU	inaccuracy	n	Accuracy
LU	inaccurate	a	Accuracy
LU	inaccurately	r	Accuracy
LU	inactive	a	Being_active
LU	inadequacy	n	Sufficiency
LU	inadequate	a	Sufficiency
LU	inadequately	r	Sufficiency
LU	inamorata	n	Personal_relationship
LU	inane	a	Mental_property
LU	inappropriate	a	Suitability
LU	inattentive	a	Mental_property
LU	incapable	a	Capability
LU	incapacitant	n	Active_substance
LU	incapacitate	v	Render_nonfunctional
LU	incapacity	n	Capability
LU	incarcerate	v	Imprisonment
LU	incarcerated	a	Being_incarcerated
LU	incarceration	n	Imprisonment
LU	incense	n	Sensation
LU	incense	v	Experiencer_obj
LU	incensed	a	Emotion_directed
LU	inch	n	Measure_linear_extent
LU	incident	n	Catastrophe
LU	incident	n	Event
LU	incipient	a	Process_start
LU	incisor	n	Body_parts
LU	incite	v	Cause_to_start
LU	incite	v	Suasion
LU	incite	v	Talking_into
LU	inclined	a	Inclination
LU	include	v	Cause_to_be_included
LU	include	v	Condition_symptom_relation
LU	include	v	Inclusion
LU	inclusive	a	Inclusion
LU	income	n	Earnings_and_losses
LU	incomparable	a	Beyond_compare
LU	incompatibility	n	Compatibility
LU	incompatible	a	Compatibility
LU	incompetence	n	Expertise
LU	incompetent	a	Expertise
LU	incomplete	a	Completeness
LU	incomprehensible	a	Grasp
LU	inconsiderate	a	Social_interaction_evaluation
LU	inconsolable	a	Emotion_directed
LU	incorporate	v	Inclusion
LU	incorrect	a	Correctness
LU	increase	n	Change_position_on_a_scale
LU	increase	v	Biological_mechanisms
LU	increase	v	Cause_change_of_position_on_a_scale
LU	increase	v	Change_position_on_a_scale
LU	increasingly	r	Change_position_on_a_scale
LU	incredible	a	Desirability
LU	incredible	a	Expertise
LU	incumbent	a	Being_obligatory
LU	incurable	a	Cure
LU	incursion	n	Attack
LU	indecent assault	n	Offenses
LU	independence	n	Change_of_leadership
LU	independence	n	Contingency
LU	independent	a	Contingency
LU	indian	a	Origin
LU	indicate	v	Communication
LU	indicate	v	Condition_symptom_relation
LU	indicate	v	Evidence
LU	indicate	v	Indicating
LU	indicate	v	Medical_intervention
LU	indicate	v	Sign
LU	indication	n	Sign
LU	indicative	a	Sign
LU	indict	v	Notification_of_charges
LU	indictable	a	Severity_of_offense
LU	indictment	n	Notification_of_charges
LU	indigenous	a	Indigenous_origin
LU	indignant	a	Emotion_directed
LU	indigo	a	Color
LU	indispensable	a	Being_necessary
LU	individual	n	Entity
LU	individual	n	People
LU	induce	v	Causation
LU	induce	v	Condition_symptom_relation
LU	induce	v	Talking_into
LU	indulgent	a	Strictness
LU	indurate	v	Cause_change_of_consistency
LU	indurate	v	Change_of_consistency
LU	industrial	a	Fields
LU	industrial	a	Manufacturing
LU	industry	n	Fields
LU	inebriated	a	Intoxication
LU	ineffability	n	Ineffability
LU	ineffable	a	Ineffability
LU	ineffective	a	Usefulness
LU	inept	a	Expertise
LU	ineptitude	n	Expertise
LU	ineptness	n	Expertise
LU	inequitable	a	Fairness_evaluation
LU	inexpensive	a	Expensiveness
LU	inexperienced	a	Expertise
LU	inexpert	a	Expertise
LU	infamous	a	Fame
LU	infant	n	People_by_age
LU	infanticide	n	Killing
LU	infantryman	n	People_by_military_specialty
LU	infatuated	a	Mental_stimulus_exp_focus
LU	infect	v	Infecting
LU	infection	n	Medical_conditions
LU	infer	v	Coming_to_believe
LU	inference	n	Coming_to_believe
LU	inferior	a	Desirability
LU	inferno	n	Fire_burning
LU	infidel	n	People_by_religion
LU	infighting	n	Hostile_encounter
LU	infiltrate	v	Attack
LU	infiltration	n	Attack
LU	infinitesimal	a	Size
LU	inflate	v	Cause_expansion
LU	inflate	v	Expansion
LU	influence	n	Objective_influence
LU	influence	n	Subjective_influence
LU	influence	v	Objective_influence
LU	influence	v	Subjective_influence
LU	influence	v	Talking_into
LU	influential	a	Subjective_influence
LU	influenza	n	Medical_conditions
LU	influx	n	Arriving
LU	info	n	Information
LU	inform	v	Reporting
LU	inform	v	Telling
LU	information	n	Information
LU	informer	n	Reporting
LU	infrastructure	n	Infrastructure
LU	infrequent	a	Frequency
LU	infrequently	r	Frequency
LU	infuriate	v	Experiencer_obj
LU	infuriated	a	Emotion_directed
LU	infuriating	a	Stimulus_focus
LU	ingenious	a	Mental_property
LU	ingenuous	a	Candidness
LU	ingest	v	Ingestion
LU	ingestion	n	Ingestion
LU	ingredient	n	Ingredients
LU	inhabit	v	Residence
LU	inhabitant	n	Residence
LU	inhalant	n	Intoxicants
LU	inhalation	n	Breathing
LU	inhalation [breath]	n	Breathing
LU	inhale	v	Breathing
LU	inhibit	v	Biological_mechanisms
LU	inhibit	v	Hindering
LU	iniquitous	a	Morality_evaluation
LU	initial	a	Version_sequence
LU	initiate	v	Activity_start
LU	initiate	v	Rite
LU	initiation	n	Rite
LU	inject	v	Filling
LU	inject	v	Ingest_substance
LU	inject	v	Placing
LU	injected	a	Abounding_with
LU	injure	v	Cause_harm
LU	injure	v	Experience_bodily_harm
LU	injury	n	Experience_bodily_harm
LU	inland	a	Locative_relation
LU	inlet	n	Natural_features
LU	inmate	n	Being_incarcerated
LU	inn	n	Buildings
LU	inner	a	Part_inner_outer
LU	inning	n	Part_ordered_segments
LU	innocence	n	Guilt_or_innocence
LU	innocent	a	Guilt_or_innocence
LU	inquire	v	Criminal_investigation
LU	inquire	v	Questioning
LU	inquiry	n	Criminal_investigation
LU	inquiry	n	Questioning
LU	insecure	a	Being_at_risk
LU	insensitive	a	Social_interaction_evaluation
LU	insert	v	Placing
LU	insertion	n	Placing
LU	inside	a	Part_inner_outer
LU	inside	n	Part_inner_outer
LU	insidious	a	Morality_evaluation
LU	insightful	a	Mental_property
LU	insightfully	r	Mental_property
LU	insipid	a	Chemical-sense_description
LU	insist	v	Statement
LU	insistence	n	Statement
LU	insole	n	Clothing_parts
LU	inspect	v	Inspecting
LU	inspection	n	Inspecting
LU	inspector	n	Scrutiny
LU	inspiration	n	Subjective_influence
LU	inspire	v	Breathing
LU	inspire	v	Subjective_influence
LU	inspissate	v	Cause_change_of_consistency
LU	instability	n	Precariousness
LU	install	v	Change_of_leadership
LU	install	v	Installing
LU	installation	n	Installing
LU	installation	n	Locale_by_use
LU	instance	n	Instance
LU	instigate	v	Cause_to_start
LU	institute	n	Locale_by_use
LU	institute	v	Execute_plan
LU	institution	n	Institutions
LU	institutional	a	Institutions
LU	institutionalization	n	Institutionalization
LU	institutionalize	v	Institutionalization
LU	instruct	v	Education_teaching
LU	instruct	v	Request
LU	instruction	n	Education_teaching
LU	instrument	n	Gizmo
LU	instrumental	a	Importance
LU	insufficiency	n	Sufficiency
LU	insufficient	a	Sufficiency
LU	insufficiently	r	Sufficiency
LU	insufflate	v	Breathing
LU	insulate	v	Protecting
LU	insult	n	Cause_emotion
LU	insult	v	Cause_emotion
LU	insulting	a	Stimulus_focus
LU	insurge	v	Rebellion
LU	insurgence	n	Rebellion
LU	insurgency	n	Rebellion
LU	insurgent	n	Rebellion
LU	insurrection	n	Change_of_leadership
LU	integrated	a	Inclusion
LU	intel	n	Information
LU	intelligence	n	Information
LU	intelligence	n	Organization
LU	intelligent	a	Mental_property
LU	intelligible	a	Grasp
LU	intend	v	Purpose
LU	intense	a	Dynamism
LU	intension	n	Linguistic_meaning
LU	intensity	n	Dynamism
LU	intent	a	Purpose
LU	intention	n	Purpose
LU	intercept	v	Intercepting
LU	interception	n	Intercepting
LU	intercontinental	a	Range
LU	intercourse	n	Sex
LU	interest	n	Emotion_directed
LU	interest	v	Experiencer_obj
LU	interested	a	Desiring
LU	interested	a	Experiencer_focus
LU	interested	a	Mental_stimulus_exp_focus
LU	interesting	a	Mental_stimulus_stimulus_focus
LU	interfere	v	Hindering
LU	interference	n	Hindering
LU	interim	a	Duration_description
LU	interior	a	Part_inner_outer
LU	interior	n	Part_inner_outer
LU	interlocutor	n	Discussion
LU	intermittent	a	Frequency
LU	intermix	v	Amalgamation
LU	intermix	v	Cause_to_amalgamate
LU	intern	v	Detaining
LU	international	a	Foreign_or_domestic_country
LU	international	a	Political_locales
LU	internationally	r	Political_locales
LU	internment	n	Detaining
LU	interpret	v	Categorization
LU	interpretation	n	Categorization
LU	interrogate	v	Questioning
LU	interrogation	n	Questioning
LU	interrupt	v	Interrupt_process
LU	interruption	n	Interrupt_process
LU	interval	n	Frequency
LU	intimate	a	Familiarity
LU	intimate	a	Social_connection
LU	intimate [setting]	a	Social_connection
LU	intimidate	v	Experiencer_obj
LU	intimidated	a	Experiencer_focus
LU	intimidating	a	Stimulus_focus
LU	intoxicated	a	Intoxication
LU	intrigue	v	Experiencer_obj
LU	intriguing	a	Stimulus_focus
LU	introverted	a	Sociability
LU	invade	v	Invading
LU	invader	n	Invading
LU	invasion	n	Invading
LU	invent	v	Achieving_first
LU	invent	v	Coming_up_with
LU	invention	n	Achieving_first
LU	invention [artifact]	n	Coming_up_with
LU	invention [process]	n	Coming_up_with
LU	invention artifact	n	Achieving_first
LU	inventor	n	Achieving_first
LU	inventory	n	Store
LU	invest	v	Besieging
LU	investigate	v	Criminal_investigation
LU	investigate	v	Research
LU	investigate	v	Scrutiny
LU	investigation	n	Criminal_investigation
LU	investigation	n	Scrutiny
LU	investment	n	Besieging
LU	invigorate	v	Rejuvenation
LU	invigorating	a	Stimulus_focus
LU	invitation	n	Request
LU	invite	v	Request
LU	invoice	n	Billing
LU	invoice	v	Billing
LU	involved	a	Participation
LU	involvement	n	Participation
LU	iranian	a	Origin
LU	iraqi	a	Origin
LU	irate	a	Emotion_directed
LU	irish	a	Origin
LU	irk	v	Experiencer_obj
LU	irked	a	Emotion_directed
LU	irksome	a	Stimulus_focus
LU	iron	n	Substance
LU	irrational	a	Mental_property
LU	irregularity	n	Typicality
LU	irrelevant	a	Being_relevant
LU	irritant	n	Active_substance
LU	irritate	v	Experiencer_obj
LU	irritated	a	Annoyance
LU	irritated	a	Experiencer_focus
LU	irritating	a	Stimulus_focus
LU	island	n	Natural_features
LU	isle	n	Natural_features
LU	islet	n	Natural_features
LU	issuance	n	Creating
LU	issue	n	Point_of_dispute
LU	issue	n	Text
LU	issue	v	Creating
LU	issue	v	Emanating
LU	issue	v	Supply
LU	isthmus	n	Natural_features
LU	italian	a	Origin
LU	italian	n	People_by_origin
LU	itch	v	Cause_bodily_experience
LU	itch	v	Desiring
LU	itch	v	Perception_body
LU	item	n	Entity
LU	itinerary	n	Timetable
LU	jab	v	Cause_harm
LU	jab	v	Cause_impact
LU	jabber	v	Communication_manner
LU	jacket	n	Clothing
LU	jail	n	Being_incarcerated
LU	jail	n	Prison
LU	jail	v	Imprisonment
LU	jailhouse	n	Prison
LU	jam	n	Predicament
LU	jam	v	Experience_bodily_harm
LU	jam	v	Filling
LU	jam	v	Placing
LU	jamaican	a	Origin
LU	jammed	a	Abounding_with
LU	japanese	a	Origin
LU	jar	n	Containers
LU	jaundice	n	Medical_conditions
LU	jaunt	n	Self_motion
LU	jaunt	n	Travel
LU	jaw	n	Body_parts
LU	jaw-dropping	a	Stimulus_focus
LU	je ne sais quoi	n	Ineffability
LU	jeans	n	Clothing
LU	jeer	n	Judgment_direct_address
LU	jeer	v	Judgment_direct_address
LU	jell	v	Cause_change_of_consistency
LU	jell	v	Change_of_consistency
LU	jeopardise	v	Endangering
LU	jerk	v	Body_movement
LU	jerk	v	Cause_motion
LU	jerkin	n	Clothing
LU	jeroboam	n	Containers
LU	jet	v	Bringing
LU	jet	v	Fluidic_motion
LU	jet	v	Ride_vehicle
LU	jew	n	People_by_religion
LU	jewellery	n	Accoutrements
LU	jibe	v	Compatibility
LU	jigger	n	Containers
LU	jiggle	v	Body_movement
LU	jiggle	v	Cause_to_move_in_place
LU	job	n	Being_employed
LU	job	n	Being_obligated
LU	jobless	a	Being_employed
LU	joblessness	n	Unemployment_rate
LU	jodhpurs	n	Clothing
LU	jog	v	Self_motion
LU	join	v	Amalgamation
LU	join	v	Attaching
LU	join	v	Becoming_a_member
LU	join	v	Cause_to_amalgamate
LU	joint	n	Prison
LU	jointly	r	Collaboration
LU	joke	v	Chatting
LU	joke	v	Prevarication
LU	jollification	n	Social_event
LU	jolly	a	Stimulus_focus
LU	jordanian	a	Origin
LU	jostling	a	Abounding_with
LU	jot	v	Text_creation
LU	jot down	v	Text_creation
LU	journal	n	Records
LU	journal	n	Text
LU	journalist	n	People_by_vocation
LU	journey	n	Travel
LU	journey	v	Travel
LU	joyful	a	Emotions_by_stimulus
LU	jubilant	a	Emotion_directed
LU	jubilant	a	Emotions_by_stimulus
LU	judder	v	Moving_in_place
LU	judge	n	People_by_vocation
LU	judge	v	Assessing
LU	judge	v	Legal_rulings
LU	judgment	n	Legal_rulings
LU	judicial	a	Judicial_body
LU	judiciary	n	Judicial_body
LU	jug	n	Containers
LU	jug	n	Measure_volume
LU	juggle	v	Cause_to_move_in_place
LU	juice	n	Electricity
LU	juice	n	Food
LU	juice	n	Substance
LU	jumble	v	Amalgamation
LU	jumble	v	Cause_to_amalgamate
LU	jumbo	a	Size
LU	jump	v	Attack
LU	jump	v	Change_position_on_a_scale
LU	jump	v	Self_motion
LU	jump	v	Sex
LU	jump	v	Traversing
LU	jumper	n	Clothing
LU	jumping	a	Lively_place
LU	jumpsuit	n	Clothing
LU	jungle	n	Biological_area
LU	junior	a	Subordinates_and_superiors
LU	junk	n	Desirability
LU	junket	n	Travel
LU	junkie	n	Addiction
LU	jurisdiction	n	Authority
LU	jurisdiction	n	Political_locales
LU	justification	n	Justifying
LU	justify	v	Arranging
LU	justify	v	Deserving
LU	justify	v	Justifying
LU	kaftan	n	Clothing
LU	kaiser	n	Appellations
LU	kaiser	n	Leadership
LU	kamikaze [attack]	n	Suicide_attack
LU	kamikaze [person]	n	Suicide_attack
LU	kayak	n	Vehicle
LU	keen	v	Make_noise
LU	keep	v	Activity_ongoing
LU	keep	v	Cause_to_continue
LU	keep	v	Compliance
LU	keep	v	Retaining
LU	keep	v	Storing
LU	keep (from)	v	Preventing_or_letting
LU	keep an eye	v	Attention
LU	keep away	v	Avoiding
LU	keep on	v	Activity_ongoing
LU	keep up	v	Activity_ongoing
LU	keg	n	Containers
LU	ken	n	Familiarity
LU	kennel	n	Buildings
LU	ketamine	n	Intoxicants
LU	ketchup	n	Food
LU	key	a	Importance
LU	key	n	Key
LU	key	n	Natural_features
LU	key	v	Damaging
LU	keycard	n	Key
LU	khan	n	Leadership
LU	khedive	n	Leadership
LU	kick	v	Cause_harm
LU	kick in	v	Come_into_effect
LU	kick off	v	Undressing
LU	kick the bucket	v	Death
LU	kid	n	Attention_getting
LU	kid	n	Kinship
LU	kid	n	People_by_age
LU	kid	v	Giving_birth
LU	kid	v	Prevarication
LU	kidnap	v	Kidnapping
LU	kidnapped	a	Kidnapping
LU	kidnapper	n	Kidnapping
LU	kidnapping	n	Kidnapping
LU	kidnapping	n	Offenses
LU	kill	v	Change_operational_state
LU	kill	v	Erasing
LU	kill	v	Experiencer_obj
LU	kill	v	Killing
LU	kill	v	Process_stop
LU	killer	a	Desirability
LU	killer	n	Killing
LU	killing	n	Killing
LU	kilo	n	Measure_mass
LU	kilogram	n	Measure_mass
LU	kilometer	n	Measure_linear_extent
LU	kilt	n	Clothing
LU	kimono	n	Clothing
LU	kin	n	Kinship
LU	kind	a	Social_interaction_evaluation
LU	kind	n	Type
LU	kind of	r	Degree
LU	kind of	r	Hedging
LU	kindle	v	Cause_to_start
LU	kindle	v	Setting_fire
LU	king	n	Appellations
LU	king	n	Leadership
LU	kingdom	n	Biological_classification
LU	kingdom	n	Political_locales
LU	kinsfolk	n	Kinship
LU	kinship	n	Kinship
LU	kinsman	n	Kinship
LU	kinswoman	n	Kinship
LU	kiosk	n	Buildings
LU	kip	n	Sleep
LU	kip	v	Sleep
LU	kismet	n	Destiny
LU	kiss	n	Manipulation
LU	kiss	v	Manipulation
LU	kitchen	n	Building_subparts
LU	kitchenette	n	Building_subparts
LU	knackered	a	Biological_urge
LU	knapsack	n	Containers
LU	knead	v	Manipulation
LU	knee	n	Body_parts
LU	knee	v	Cause_harm
LU	kneel	v	Body_movement
LU	kneel	v	Change_posture
LU	kneel	v	Posture
LU	kneel down	v	Change_posture
LU	kneel up	v	Change_posture
LU	knickers	n	Clothing
LU	knife	n	Weapon
LU	knife	v	Cause_harm
LU	knob	n	Controller_object
LU	knock	v	Cause_harm
LU	knock	v	Cause_motion
LU	knock	v	Impact
LU	knock boots	v	Sex
LU	knock down	v	Cause_change_of_position_on_a_scale
LU	knock out	v	Render_nonfunctional
LU	knock-kneed	a	Body_description_part
LU	knoll	n	Natural_features
LU	knot	v	Rope_manipulation
LU	know	v	Awareness
LU	know	v	Certainty
LU	know	v	Differentiation
LU	know	v	Familiarity
LU	know-how	n	Expertise
LU	knowledge	n	Awareness
LU	knowledgeable	a	Awareness
LU	knowledgeable	a	Expertise
LU	known	a	Awareness_status
LU	known	a	Being_named
LU	known	a	Fame
LU	kohl	n	Body_decoration
LU	konk out	v	Fall_asleep
LU	kudos	n	Judgment_communication
LU	lab	n	Locale_by_use
LU	label	v	Labeling
LU	laboratory	n	Locale_by_use
LU	lace	n	Clothing_parts
LU	lace	n	Connectors
LU	lace	v	Closure
LU	lack	n	Possession
LU	lack	v	Possession
LU	lackey	n	Subordinates_and_superiors
LU	lacking	a	Position_on_a_scale
LU	lacking	a	Possession
LU	laconic	a	Volubility
LU	lacquered	a	Abounding_with
LU	ladle	n	Containers
LU	lady	n	People
LU	lagoon	n	Natural_features
LU	lake	n	Natural_features
LU	lamb	n	Food
LU	lambency	n	Location_of_light
LU	lambent	a	Location_of_light
LU	lambing	n	Giving_birth
LU	lame	a	Desirability
LU	lament	v	Complaining
LU	lamentable	a	Praiseworthiness
LU	lamer	n	Desirability
LU	lamster	n	Fugitive
LU	land	n	Locale_by_ownership
LU	land	n	Natural_features
LU	land	n	Political_locales
LU	land	v	Cause_to_land
LU	land	v	Vehicle_landing
LU	landing	n	Architectural_part
LU	landmark	n	Importance
LU	lane	n	Roadways
LU	languish	v	Thriving
LU	lanky	a	Body_description_holistic
LU	lap	v	Ingestion
LU	laparoscope	n	Medical_instruments
LU	larceny	n	Offenses
LU	larceny	n	Theft
LU	larder	n	Building_subparts
LU	large	a	Size
LU	lasagne	n	Food
LU	lash	n	Corporal_punishment
LU	lash	v	Attaching
LU	lash	v	Cause_harm
LU	lashed	a	Being_attached
LU	last	a	Ordinal_numbers
LU	last	a	Relative_time
LU	last	v	Duration_relation
LU	last name	n	Being_named
LU	lasting	a	Duration_description
LU	late	a	Dead_or_alive
LU	late	a	Relative_time
LU	late	a	Temporal_subregion
LU	late [at night]	a	Relative_time
LU	lately	r	Temporal_collocation
LU	later	a	Temporal_subregion
LU	later	r	Relative_time
LU	later	r	Time_vector
LU	latest	a	Relative_time
LU	laud	v	Judgment_communication
LU	laudable	a	Judgment_communication
LU	laudable	a	Praiseworthiness
LU	laudatory	a	Judgment_communication
LU	laugh	v	Make_noise
LU	launch	n	Shoot_projectiles
LU	launch	v	Cause_motion
LU	launch	v	Getting_vehicle_underway
LU	launch	v	Launch_process
LU	launch	v	Reshaping
LU	launch	v	Shoot_projectiles
LU	launch (into)	v	Activity_start
LU	laundry	n	Building_subparts
LU	laundry room	n	Building_subparts
LU	lavatory	n	Building_subparts
LU	lave	v	Grooming
LU	lavish	a	Stinginess
LU	lavish	v	Stinginess
LU	law	n	Law
LU	lawful	a	Legality
LU	lawless	a	Compliance
LU	lawlessness	n	Chaos
LU	lawmaker	n	Leadership
LU	lawyer	n	People_by_vocation
LU	lay	a	Expertise
LU	lay	n	Text
LU	lay	v	Giving_birth
LU	lay	v	Placing
LU	lay	v	Sex
LU	lay (into)	v	Attack
LU	lay off	v	Firing
LU	lay waste	v	Destroying
LU	lay-off	n	Firing
LU	layer	n	Part_ordered_segments
LU	layman	n	Expertise
LU	laziness	n	Dynamism
LU	lazy	a	Dynamism
LU	lea	n	Biological_area
LU	lead	a	First_rank
LU	lead	n	Criminal_investigation
LU	lead	n	First_rank
LU	lead	n	Performers_and_roles
LU	lead	v	Condition_symptom_relation
LU	lead	v	Cotheme
LU	lead	v	Leadership
LU	lead	v	Talking_into
LU	lead (to)	v	Causation
LU	lead the way	v	Cotheme
LU	leader	n	Appellations
LU	leader	n	First_rank
LU	leader	n	Leadership
LU	leadership	n	Leadership
LU	leading	a	First_rank
LU	league	n	Organization
LU	leak	v	Fluidic_motion
LU	leak	v	Reveal_secret
LU	lean	a	Body_description_holistic
LU	lean	v	Change_posture
LU	lean	v	Placing
LU	lean	v	Posture
LU	leap	v	Self_motion
LU	leap	v	Traversing
LU	leap year	n	Calendric_unit
LU	learn	v	Becoming_aware
LU	learn	v	Coming_to_believe
LU	learn	v	Education_teaching
LU	learn	v	Memorization
LU	lease	n	Documents
LU	lease	v	Renting
LU	lease	v	Renting_out
LU	leave	n	Deny_or_grant_permission
LU	leave	n	Temporary_leave
LU	leave	v	Abandonment
LU	leave	v	Causation
LU	leave	v	Departing
LU	leave	v	Forming_relationships
LU	leave	v	Giving
LU	leave	v	Path_shape
LU	leave	v	Quitting
LU	leave of absence	n	Temporary_leave
LU	lecture	n	Speak_on_topic
LU	lecture	v	Speak_on_topic
LU	lecturer	n	Education_teaching
LU	left	a	Left_to_do
LU	left	a	Part_orientational
LU	left	a	Remainder
LU	left	n	Change_direction
LU	left	n	Part_orientational
LU	left	n	People_along_political_spectrum
LU	left	r	Direction
LU	left [landmark-based]	n	Non-gradable_proximity
LU	left [viewpoint-based]	n	Non-gradable_proximity
LU	leftist	n	People_along_political_spectrum
LU	leg	n	Body_parts
LU	leg	n	Clothing_parts
LU	leg	n	Shaped_part
LU	legacy	n	Causation
LU	legal	a	Legality
LU	legally	r	Domain
LU	legendary	a	Fame
LU	leggings	n	Clothing
LU	legion	n	Aggregate
LU	legislator	n	Appellations
LU	legislator	n	Leadership
LU	legislature	n	Leadership
LU	legitimate	a	Legality
LU	legwarmers	n	Clothing
LU	lend	v	Lending
LU	length	n	Dimension
LU	length	n	Shapes
LU	lengthen	v	Cause_expansion
LU	lengthen	v	Expansion
LU	lengthy	a	Duration_description
LU	lenient	a	Strictness
LU	leprosy	n	Medical_conditions
LU	let	v	Preventing_or_letting
LU	let down	v	Experiencer_obj
LU	let go	v	Firing
LU	let go	v	Releasing
LU	let on	v	Reveal_secret
LU	let slip	v	Reveal_secret
LU	lethal	a	Killing
LU	lethargic	a	Dynamism
LU	lethargy	n	Dynamism
LU	letter	n	Text
LU	lettuce	n	Food
LU	leukemia	n	Medical_conditions
LU	level	n	Building_subparts
LU	level	n	Dimension
LU	level	n	Gizmo
LU	level	n	Part_ordered_segments
LU	level	n	Quantity
LU	level	n	Rank
LU	level	v	Destroying
LU	liable	a	Likelihood
LU	liberal	a	Strictness
LU	library	n	Buildings
LU	license	n	Documents
LU	licit	a	Legality
LU	lick	v	Manipulation
LU	lie	n	Prevarication
LU	lie	v	Being_located
LU	lie	v	Change_posture
LU	lie	v	Posture
LU	lie	v	Prevarication
LU	lie down	v	Change_posture
LU	life	n	Biological_entity
LU	life	n	Dead_or_alive
LU	life	n	Gusto
LU	life	n	Imprisonment
LU	life	n	Manner_of_life
LU	life	n	People
LU	life	n	Text
LU	life	n	Timespan
LU	lifeform	n	Biological_entity
LU	lifeless	a	Dead_or_alive
LU	lifestyle	n	Manner_of_life
LU	lift	n	Building_subparts
LU	lift	n	Connecting_architecture
LU	lift	v	Body_movement
LU	lift	v	Cause_change_of_position_on_a_scale
LU	lift	v	Cause_motion
LU	lift	v	Cause_to_end
LU	lift	v	Theft
LU	lift (off)	v	Getting_vehicle_underway
LU	lift off	v	Vehicle_departure_initial_stage
LU	lifting	n	Cause_to_end
LU	light	a	Color_qualities
LU	light	a	Level_of_light
LU	light	n	Location_of_light
LU	light	v	Setting_fire
LU	light [weight]	a	Measurable_attributes
LU	light up	v	Location_of_light
LU	light-fingered	a	Theft
LU	light-year	n	Measure_linear_extent
LU	lighted	a	Level_of_light
LU	lighthouse	n	Buildings
LU	lightless	a	Level_of_light
LU	like	a	Similarity
LU	like	n	Similarity
LU	like	r	Hedging
LU	like	v	Experiencer_focus
LU	like taking candy from a baby	r	Difficulty
LU	likelihood	n	Likelihood
LU	likelihood	n	Probability
LU	likely	a	Likelihood
LU	likely	r	Likelihood
LU	limb	n	Body_parts
LU	limerick	n	Text
LU	limit	n	Limitation
LU	limit	v	Limiting
LU	limitation	n	Limitation
LU	limousine	n	Vehicle
LU	limp	v	Self_motion
LU	line	n	Boundary
LU	line	n	Product_line
LU	line	n	Roadways
LU	line	n	Shapes
LU	line	v	Distributed_position
LU	lined	a	Abounding_with
LU	liner	n	Vehicle
LU	lingerie	n	Clothing
LU	linguist	n	People_by_vocation
LU	lining	n	Part_inner_outer
LU	link	n	Connectors
LU	link	n	Make_cognitive_connection
LU	link	n	Social_connection
LU	link	v	Attaching
LU	link	v	Condition_symptom_relation
LU	link	v	Make_cognitive_connection
LU	link	v	Relating_concepts
LU	linked	a	Being_attached
LU	linked	a	Cognitive_connection
LU	linked	a	Make_cognitive_connection
LU	linked	a	Social_connection
LU	lip	n	Body_parts
LU	lipstick	n	Body_decoration
LU	liquefied	a	Substance_by_phase
LU	liquefy	v	Cause_change_of_phase
LU	liquefy	v	Change_of_phase
LU	liquid	a	Substance_by_phase
LU	liquid	n	Substance
LU	liquid	n	Substance_by_phase
LU	liquidate	v	Killing
LU	liquidation	n	Killing
LU	liquidator	n	Killing
LU	lisp	v	Communication_manner
LU	list	n	Text
LU	list	v	Text_creation
LU	listen	v	Perception_active
LU	listen	v	Seeking
LU	literary	a	Fields
LU	literature	n	Fields
LU	literature	n	Text
LU	lithe	a	Body_description_holistic
LU	litre	n	Measure_volume
LU	litter	v	Distributed_position
LU	littered	a	Abounding_with
LU	little	a	Size
LU	little known	a	Obscurity
LU	live	v	Dead_or_alive
LU	live	v	Living_conditions
LU	live	v	Manner_of_life
LU	live	v	Residence
LU	live	v	Thriving
LU	live (on)	v	Subsisting
LU	live [through]	v	Surviving
LU	live in fear	v	Fear
LU	lively	a	Lively_place
LU	liver spot	n	Body_mark
LU	livery	n	Clothing
LU	livid	a	Emotion_directed
LU	living	a	Dead_or_alive
LU	living	n	Dead_or_alive
LU	living room	n	Building_subparts
LU	load	n	Quantified_mass
LU	load	v	Filling
LU	load	v	Placing
LU	loan	n	Lending
LU	loan	v	Lending
LU	loath	a	Desiring
LU	loath	a	Willingness
LU	loathe	v	Experiencer_focus
LU	loathing	n	Experiencer_focus
LU	lobby	n	Building_subparts
LU	lobby	v	Attempt_suasion
LU	lobster	n	Food
LU	local	a	Political_locales
LU	local	n	Indigenous_origin
LU	locale	n	Locale
LU	locality	n	Political_locales
LU	locate	v	Becoming_aware
LU	locate	v	Locating
LU	located	a	Being_located
LU	location	n	Locale
LU	location	n	Locale_by_collocation
LU	loch	n	Natural_features
LU	lock	n	Hair_configuration
LU	lock	v	Inhibit_movement
LU	lock up	v	Immobilization
LU	locker	n	Containers
LU	locket	n	Accoutrements
LU	lodge	n	Buildings
LU	lodge	v	Placing
LU	lodge	v	Provide_lodging
LU	lodge	v	Residence
LU	lodge	v	Temporary_stay
LU	loft	n	Building_subparts
LU	log	n	Records
LU	lone	a	Sole_instance
LU	loner	n	Sociability
LU	long	a	Dimension
LU	long	a	Duration_description
LU	long	a	Likelihood
LU	long	a	Measurable_attributes
LU	long	v	Desiring
LU	longing	n	Desiring
LU	look	n	Artistic_style
LU	look	n	Facial_expression
LU	look	n	Perception_active
LU	look	v	Give_impression
LU	look	v	Perception_active
LU	look	v	Scrutiny
LU	look back	v	Remembering_experience
LU	look up	v	Improvement_or_decline
LU	loop	v	Manipulate_into_shape
LU	loose	a	Being_detached
LU	lope	v	Self_motion
LU	loquacious	a	Volubility
LU	loquacity	n	Volubility
LU	lorry	n	Vehicle
LU	lose	v	Change_of_quantity_of_possession
LU	lose	v	Earnings_and_losses
LU	lose	v	Finish_competition
LU	lose	v	Finish_game
LU	lose	v	Losing
LU	lose	v	Losing_someone
LU	lose	v	Losing_track_of_perceiver
LU	lose	v	Losing_track_of_theme
LU	lose it	v	Losing_it
LU	lose sleep	v	Emotion_active
LU	loss	n	Earnings_and_losses
LU	loss	n	Finish_competition
LU	lost (in)	a	Mental_stimulus_exp_focus
LU	lot	n	Destiny
LU	loud	a	Sound_level
LU	loudmouth	n	Volubility
LU	louse up	v	Bungling
LU	love	v	Experiencer_focus
LU	love bite	n	Body_mark
LU	lovely	a	Aesthetics
LU	lover	n	Personal_relationship
LU	low	a	Measurable_attributes
LU	low	a	Morality_evaluation
LU	low	a	Position_on_a_scale
LU	low	a	Social_desirability
LU	low	n	Extreme_value
LU	low life	n	People_by_morality
LU	low point	n	Extreme_point
LU	low-cost	a	Expensiveness
LU	low-minded	a	Morality_evaluation
LU	low-priced	a	Expensiveness
LU	low-spirited	a	Emotion_directed
LU	low-tech	a	Stage_of_progress
LU	lower	v	Cause_change_of_position_on_a_scale
LU	lower	v	Change_position_on_a_scale
LU	lowering sky	n	Weather
LU	luck	n	Luck
LU	luckily	r	Luck
LU	lucky	a	Luck
LU	ludicrous	a	Mental_property
LU	lug	v	Bringing
LU	lugubrious	a	Emotion_directed
LU	lukewarm	a	Temperature
LU	lumber	v	Self_motion
LU	lump	n	Part_piece
LU	lump	v	Cause_to_amalgamate
LU	lunch	v	Ingestion
LU	lung	n	Body_parts
LU	lunge	v	Self_motion
LU	lurch	v	Self_motion
LU	lure	v	Manipulate_into_doing
LU	lust	n	Desiring
LU	lust	v	Desiring
LU	lustre	n	Location_of_light
LU	luxuriate	v	Emotions_of_mental_activity
LU	lynch	v	Killing
LU	lyric	n	Text
LU	ma'am	n	Attention_getting
LU	machine	n	Gizmo
LU	machine-gun	n	Weapon
LU	mad	a	Emotion_directed
LU	madden	v	Experiencer_obj
LU	maddening	a	Stimulus_focus
LU	mag	n	Text
LU	magazine	n	Text
LU	magic	a	Ineffability
LU	magic	n	Ineffability
LU	magical	a	Ineffability
LU	magicalness	n	Ineffability
LU	magistrate	n	People_by_vocation
LU	magnification	n	Cause_expansion
LU	magnificent	a	Desirability
LU	magnify	v	Cause_expansion
LU	magnum	n	Containers
LU	maharaja	n	Appellations
LU	maharaja	n	Leadership
LU	maid	n	People_by_vocation
LU	maiden name	n	Being_named
LU	mail	n	Armor
LU	mail	n	Sent_items
LU	mail	v	Contacting
LU	mail	v	Sending
LU	mailer	n	Containers
LU	maim	v	Cause_harm
LU	main	a	First_rank
LU	main	a	Importance
LU	mainland	n	Locative_relation
LU	maintain	v	Statement
LU	maintenance	n	Activity_ongoing
LU	maisonette	n	Buildings
LU	major	a	Importance
LU	major general	a	Leadership
LU	make	n	Type
LU	make	v	Arriving
LU	make	v	Building
LU	make	v	Causation
LU	make	v	Cause_change
LU	make	v	Cooking_creation
LU	make	v	Creating
LU	make	v	Earnings_and_losses
LU	make	v	Intentionally_create
LU	make	v	Manufacturing
LU	make	v	Self_motion
LU	make a beeline	v	Self_motion
LU	make a name for oneself	v	Fame
LU	make baby	v	Procreative_sex
LU	make it	v	Arriving
LU	make it	v	Personal_success
LU	make love	v	Sex
LU	make off (with)	v	Theft
LU	make out to be	v	Communicate_categorization
LU	make sure	v	Verification
LU	make up	v	Reparation
LU	make whoopee	a	Sex
LU	make-up	n	Body_decoration
LU	maker	n	Manufacturing
LU	malaria	n	Medical_conditions
LU	male	a	Body_description_holistic
LU	malediction	n	Judgment_communication
LU	maledictory	a	Judgment_communication
LU	malefactor	n	People_by_morality
LU	mall	n	Buildings
LU	malnourishment	n	Medical_conditions
LU	malnutrition	n	Medical_conditions
LU	malodorous	a	Chemical-sense_description
LU	maltreat	v	Abusing
LU	maltreatment	n	Abusing
LU	man	n	People
LU	man	v	Working_a_post
LU	manacle	v	Attaching
LU	manacled	a	Being_attached
LU	manage	v	Being_in_control
LU	manage	v	Operating_a_system
LU	manage	v	Success_or_failure
LU	manage	v	Successful_action
LU	management	n	Being_in_control
LU	manager	n	People_by_vocation
LU	mandate	n	Deny_or_grant_permission
LU	mandatory	a	Being_obligatory
LU	mane	n	Body_parts
LU	manhunt	n	Seeking
LU	manicure	n	Grooming
LU	manicure	v	Grooming
LU	manifest	a	Obviousness
LU	manifest	n	Condition_symptom_relation
LU	manifest	v	Condition_symptom_relation
LU	manifold	a	Diversity
LU	manipulate	v	Being_in_control
LU	manipulate	v	Manipulate_into_doing
LU	manipulation	n	Being_in_control
LU	manner	n	Conduct
LU	manner	n	Manner
LU	manor	n	Buildings
LU	manse	n	Buildings
LU	manservant	n	People_by_vocation
LU	mansion	n	Buildings
LU	manslaughter	n	Offenses
LU	mantel	n	Architectural_part
LU	mantle	n	Accoutrements
LU	manual	n	Text
LU	manufacture	n	Manufacturing
LU	manufacture	v	Manufacturing
LU	manufacturer	n	Manufacturing
LU	manufacturing	n	Manufacturing
LU	manuscript	n	Text
LU	many	a	Quantified_mass
LU	many	n	Quantified_mass
LU	mar	v	Damaging
LU	march	n	Self_motion
LU	march	v	Self_motion
LU	marijuana	n	Intoxicants
LU	marinate	v	Soaking
LU	marine	n	Member_of_military
LU	marines	n	Military
LU	marital	a	Personal_relationship
LU	mark	v	Sign
LU	marked	a	Distinctiveness
LU	maroon	a	Color
LU	marriage	n	Forming_relationships
LU	marriage	n	Personal_relationship
LU	marriage (into)	n	Forming_relationships
LU	married	a	Personal_relationship
LU	married name	n	Being_named
LU	marry	v	Forming_relationships
LU	marry (into)	v	Forming_relationships
LU	marsh	n	Biological_area
LU	marshland	n	Biological_area
LU	marvellous	a	Desirability
LU	marvellous	a	Usefulness
LU	mascara	n	Body_decoration
LU	mash	v	Grinding
LU	mask	n	Accoutrements
LU	mask	v	Eclipse
LU	mask	v	Hiding_objects
LU	masked	a	Eclipse
LU	masked	a	Wearing
LU	masquerade	v	Posing_as
LU	mass	n	Quantified_mass
LU	mass	n	Rite
LU	massacre	n	Killing
LU	massacre	v	Killing
LU	massage	v	Cause_bodily_experience
LU	massage	v	Manipulation
LU	massif	n	Natural_features
LU	massive	a	Size
LU	master	a	Expertise
LU	master	n	Expertise
LU	master	n	Subordinates_and_superiors
LU	master	v	Education_teaching
LU	master bedroom	n	Building_subparts
LU	mastery	n	Expertise
LU	masticate	v	Grinding
LU	mastication	n	Grinding
LU	match	n	Evaluative_comparison
LU	match	v	Compatibility
LU	match	v	Evaluative_comparison
LU	matchless	a	Beyond_compare
LU	mate	n	Personal_relationship
LU	mate	v	Sex
LU	material	n	Ingredients
LU	material	n	Substance
LU	material	n	Text
LU	materialize	v	Coming_to_be
LU	maternal	a	Kinship
LU	math	n	Fields
LU	mathematician	n	People_by_vocation
LU	mathematics	n	Fields
LU	matricide	n	Killing
LU	maturation	n	Progression
LU	mature	a	Age
LU	mature	a	Social_interaction_evaluation
LU	mature	a	Stage_of_progress
LU	mature	v	Aging
LU	mature	v	Bond_maturation
LU	mature	v	Cause_to_make_progress
LU	mature	v	Progression
LU	maturity	n	Age
LU	maturity	n	Bond_maturation
LU	maturity	n	Social_interaction_evaluation
LU	maturity	n	Stage_of_progress
LU	maul	v	Cause_harm
LU	mauve	a	Color
LU	maven	n	Expertise
LU	maw	n	Body_parts
LU	maximum	a	Extreme_value
LU	maximum	n	Extreme_value
LU	may	v	Likelihood
LU	may	v	Possibility
LU	mayonnaise	n	Food
LU	mayor	n	Appellations
LU	mayor	n	Leadership
LU	mead	n	Biological_area
LU	meadowland	n	Biological_area
LU	mean	a	Social_interaction_evaluation
LU	mean	a	Stinginess
LU	mean	v	Causation
LU	mean	v	Evidence
LU	mean	v	Linguistic_meaning
LU	mean	v	Purpose
LU	meander	v	Motion
LU	meander	v	Path_shape
LU	meander	v	Self_motion
LU	meaning	n	Linguistic_meaning
LU	means	n	Means
LU	measles	n	Medical_conditions
LU	measure	n	Quantified_mass
LU	measure	v	Dimension
LU	measure up	v	Evaluative_comparison
LU	measures	n	Intentionally_act
LU	meat	n	Food
LU	mechanic	n	People_by_vocation
LU	mechanical	a	Gizmo
LU	mechanism	n	Means
LU	medal	n	Accoutrements
LU	medallion	n	Accoutrements
LU	medical care	n	Medical_interaction_scenario
LU	medicine	n	Medical_specialties
LU	mediocre	a	Desirability
LU	mediocre	a	Expertise
LU	meditate	v	Cogitation
LU	meditation	n	Cogitation
LU	meditation	n	Text
LU	medium	a	Position_on_a_scale
LU	medium	a	Size
LU	medium-build	a	Body_description_holistic
LU	medium-sized	a	Size
LU	medley	n	Diversity
LU	meet	v	Assemble
LU	meet	v	Come_together
LU	meet	v	Locative_relation
LU	meet	v	Make_acquaintance
LU	meet	v	Meet_specifications
LU	meet	v	Meet_with_response
LU	meet	v	Response
LU	meet half-way	v	Make_compromise
LU	meet with	v	Meet_with
LU	meeting	n	Discussion
LU	meeting	n	Social_event
LU	megalopolis	n	Political_locales
LU	meld	v	Amalgamation
LU	meld	v	Cause_to_amalgamate
LU	melee	n	Fighting_activity
LU	melt	v	Apply_heat
LU	melt	v	Cause_change_of_phase
LU	melt	v	Change_of_phase
LU	melted	a	Substance_by_phase
LU	melting	n	Apply_heat
LU	member	n	Body_parts
LU	member	n	Membership
LU	membership	n	Membership
LU	membership [status]	n	Membership
LU	memoir	n	Text
LU	memorise	v	Memorization
LU	memorization	n	Memorization
LU	memory	n	Memory
LU	memory	n	Remembering_experience
LU	meningitis	n	Medical_conditions
LU	menorrhagia	n	Medical_conditions
LU	mention	n	Statement
LU	mention	v	Mention
LU	mention	v	Statement
LU	merchandise	n	Commerce_scenario
LU	mere	a	Ranked_expectation
LU	merge	v	Amalgamation
LU	merge	v	Cause_to_amalgamate
LU	merger	n	Amalgamation
LU	merger	n	Cause_to_amalgamate
LU	merit	v	Deserving
LU	meritorious	a	Praiseworthiness
LU	meronym	n	Word_relations
LU	mesa	n	Natural_features
LU	mescaline	n	Intoxicants
LU	mess	n	Predicament
LU	mess up	v	Bungling
LU	mess-up	n	Bungling
LU	message	n	Statement
LU	metal	n	Substance
LU	metamorphose	v	Undergo_transformation
LU	metamorphosis	n	Undergo_transformation
LU	meter	n	Measure_linear_extent
LU	methamphetamine	n	Intoxicants
LU	methane	n	Substance
LU	method	n	Means
LU	metric ton	n	Measure_mass
LU	metronymic	n	Being_named
LU	metropolis	n	Political_locales
LU	mew	n	Sounds
LU	mew	v	Make_noise
LU	mewl	v	Make_noise
LU	microwave	v	Apply_heat
LU	mid	a	Temporal_subregion
LU	mid-size	a	Size
LU	midday	n	Calendric_unit
LU	middle	a	Temporal_subregion
LU	middle	n	Part_inner_outer
LU	middle	n	Temporal_subregion
LU	middle name	n	Being_named
LU	middle of nowhere	n	Isolated_places
LU	midnight	n	Calendric_unit
LU	midriff	n	Body_parts
LU	midwife	n	Medical_professionals
LU	midwifery	n	Medical_specialties
LU	miffed	a	Emotion_directed
LU	might	n	Level_of_force_exertion
LU	might	v	Likelihood
LU	might	v	Possibility
LU	mighty	a	Level_of_force_exertion
LU	mile	n	Measure_linear_extent
LU	militant	n	Irregular_combatants
LU	military	a	Military
LU	military	n	Military
LU	military forces	n	Military
LU	militia	n	Military
LU	milk	n	Food
LU	mill	n	Businesses
LU	mill	v	Grinding
LU	milled	a	Ground_up
LU	millennium	n	Calendric_unit
LU	millennium	n	Measure_duration
LU	milligram	n	Measure_mass
LU	millimeter	n	Measure_linear_extent
LU	millions	n	Quantified_mass
LU	mimic	v	Condition_symptom_relation
LU	mimic	v	Imitating
LU	mimic	v	Similarity
LU	mince	v	Cutting
LU	mince	v	Self_motion
LU	mind-boggling	a	Stimulus_focus
LU	mind-numbing	a	Stimulus_focus
LU	mine	n	Locale_by_use
LU	mine	n	Weapon
LU	mine	v	Mining
LU	miner	n	Mining
LU	mini	a	Size
LU	miniature	a	Size
LU	minimum	a	Extreme_value
LU	minimum	n	Extreme_value
LU	minimum	n	Proportional_quantity
LU	minion	n	Subordinates_and_superiors
LU	miniscule	a	Size
LU	miniskirt	n	Clothing
LU	minister	n	Appellations
LU	minister	n	Leadership
LU	minivan	n	Vehicle
LU	minute	n	Calendric_unit
LU	minute	n	Measure_duration
LU	mire	n	Biological_area
LU	misappropriate	v	Theft
LU	misappropriation	n	Theft
LU	misbehave	v	Conduct
LU	misbehavior	n	Conduct
LU	miscellany	n	Diversity
LU	mischance	n	Catastrophe
LU	miscreant	a	Morality_evaluation
LU	miscreant	n	People_by_morality
LU	misdeed	n	Misdeed
LU	miser	n	Stinginess
LU	miserable	a	Desirability
LU	miserable	a	Emotion_directed
LU	miserliness	n	Stinginess
LU	miserly	a	Stinginess
LU	misery	n	Emotion_directed
LU	misfortune	n	Catastrophe
LU	misfortune	n	Predicament
LU	mishap	n	Catastrophe
LU	mislead	v	Intentional_deception
LU	mislead	v	Prevarication
LU	misnomer	n	Being_named
LU	misplace	v	Losing
LU	mispronounce	v	Spelling_and_pronouncing
LU	misrepresent	v	Prevarication
LU	misrepresentation	n	Prevarication
LU	miss	n	Appellations
LU	miss	n	Attention_getting
LU	miss	v	Hit_or_miss
LU	miss	v	Success_or_failure
LU	missile	n	Weapon
LU	mission	n	Being_obligated
LU	missive	n	Text
LU	misspell	v	Spelling_and_pronouncing
LU	mistreat	v	Treating_and_mistreating
LU	mistress	n	Personal_relationship
LU	misword	v	Encoding
LU	mite	n	Quantified_mass
LU	mitre	n	Accoutrements
LU	mitt	n	Clothing
LU	mitten	n	Clothing
LU	mix	v	Amalgamation
LU	mix	v	Cause_to_amalgamate
LU	mixed bag	n	Diversity
LU	moan	n	Sounds
LU	moan	v	Communication_noise
LU	moan	v	Complaining
LU	moan	v	Make_noise
LU	mob	n	Aggregate
LU	mobile	a	Bringing
LU	mock	a	Practice
LU	mock	v	Judgment
LU	mock	v	Judgment_communication
LU	mockery	n	Judgment
LU	mocking	a	Judgment_communication
LU	model	n	Exemplar
LU	moderate	a	Position_on_a_scale
LU	modern	a	Stage_of_progress
LU	modern	a	Temporal_collocation
LU	modernization	n	Cause_to_make_progress
LU	modicum	n	Quantified_mass
LU	modification	n	Cause_change
LU	modify	v	Cause_change
LU	modus operandi	n	Means
LU	mogul	n	Appellations
LU	mogul	n	Leadership
LU	moist	a	Being_wet
LU	moisten	v	Cause_to_be_wet
LU	moistened	a	Being_wet
LU	moisturize	v	Cause_to_be_wet
LU	moisturize	v	Grooming
LU	mold	v	Manipulate_into_shape
LU	mold	v	Reshaping
LU	mole	n	Body_mark
LU	mole	n	People_by_vocation
LU	moll	n	Personal_relationship
LU	mollify	v	Experiencer_obj
LU	mom	n	Kinship
LU	momentary	a	Duration_description
LU	monarch	n	Appellations
LU	monarch	n	Leadership
LU	monastery	n	Buildings
LU	money	n	Money
LU	moniker	n	Being_named
LU	monitor	n	Information_display
LU	monitor	v	Scrutiny
LU	monitoring	n	Scrutiny
LU	monogram	n	Clothing_parts
LU	monograph	n	Text
LU	monosemous	a	Linguistic_meaning
LU	month	n	Calendric_unit
LU	month	n	Measure_duration
LU	monthly	a	Frequency
LU	moo	v	Make_noise
LU	moonless	a	Level_of_light
LU	moor	n	Biological_area
LU	moor	v	Attaching
LU	moor	v	Becoming_attached
LU	moored	a	Being_attached
LU	moraine	n	Natural_features
LU	moral	a	Morality_evaluation
LU	moratorium	n	Activity_pause
LU	more	a	Increment
LU	more	n	Increment
LU	moribund	a	Dying
LU	mormon	n	People_by_religion
LU	morn	n	Calendric_unit
LU	morning	n	Calendric_unit
LU	moronic	a	Mental_property
LU	morphine	n	Intoxicants
LU	morsel	n	Part_piece
LU	mortal	a	Death
LU	mortality	n	Death
LU	mortar	n	Weapon
LU	mortification	n	Emotion_directed
LU	mortified	a	Emotion_directed
LU	mortify	v	Experiencer_obj
LU	mortifying	a	Stimulus_focus
LU	mosey	v	Self_motion
LU	mosque	n	Buildings
LU	motel	n	Buildings
LU	mother	n	Appellations
LU	mother	n	Kinship
LU	mother	v	Giving_birth
LU	mother-in-law	n	Kinship
LU	motion	v	Gesture
LU	motivate	v	Causation
LU	motivate	v	Cause_to_start
LU	motivate	v	Suasion
LU	motivate	v	Subjective_influence
LU	motivation	n	Reason
LU	motive	n	Reason
LU	motley	n	Clothing
LU	motor	v	Bringing
LU	motor	v	Operate_vehicle
LU	motorway	n	Roadways
LU	moulder	v	Rotting
LU	mouldy	a	Being_rotted
LU	mount	n	Natural_features
LU	mount	v	Attaching
LU	mount	v	Board_vehicle
LU	mount	v	Traversing
LU	mountain	n	Natural_features
LU	mountain	n	Quantified_mass
LU	mounted	a	Transportation_status
LU	mourn	v	Experiencer_focus
LU	mournful	a	Emotion_directed
LU	mourning	n	Emotion_directed
LU	moustached	a	Body_description_part
LU	mouth	n	Body_parts
LU	mouth	n	Relational_natural_features
LU	mouth	n	Shaped_part
LU	mouth	v	Communication_manner
LU	move	n	Intentionally_act
LU	move	v	Body_movement
LU	move	v	Cause_change_of_position_on_a_scale
LU	move	v	Cause_motion
LU	move	v	Change_position_on_a_scale
LU	move	v	Motion
LU	move back	v	Change_event_time
LU	move up	v	Change_event_time
LU	mr	n	Appellations
LU	mrs	n	Appellations
LU	ms	n	Appellations
LU	muck up	v	Bungling
LU	mud	n	Substance
LU	mudflat	n	Biological_area
LU	muff	n	Clothing
LU	muff	v	Bungling
LU	mug	n	Containers
LU	mug	n	Measure_volume
LU	mug	v	Robbery
LU	mugger	n	Robbery
LU	mugging	n	Robbery
LU	mulct	v	Fining
LU	mull over	v	Cogitation
LU	multifarious	a	Diversity
LU	multifariousness	n	Diversity
LU	multinational	a	Political_locales
LU	multiple	a	Quantified_mass
LU	multiplication	n	Cause_proliferation_in_number
LU	multiplication	n	Commutative_process
LU	multiplicity	n	Aggregate
LU	multiplicity	n	Diversity
LU	multiply	v	Commutative_process
LU	multiply	v	Proliferating_in_number
LU	multitude	n	Aggregate
LU	mum	a	Volubility
LU	mumble	v	Communication_manner
LU	mummification	n	Preserving
LU	mummify	v	Preserving
LU	mumps	n	Medical_conditions
LU	munch	v	Ingestion
LU	municipal	a	Political_locales
LU	municipality	n	Political_locales
LU	munitions	n	Ammunition
LU	murder	n	Killing
LU	murder	n	Offenses
LU	murder	v	Killing
LU	murderer	n	Killing
LU	murmur	v	Communication_noise
LU	muscular	a	Body_description_holistic
LU	muse	v	Cogitation
LU	museum	n	Locale_by_use
LU	mushroom	v	Change_position_on_a_scale
LU	music	n	Performing_arts
LU	musician	n	People_by_vocation
LU	musician	n	Performers
LU	muslim	n	People_by_religion
LU	muslins	n	Clothing
LU	must	v	Likelihood
LU	must	v	Required_event
LU	mustache	n	Body_parts
LU	mustard gas	n	Weapon
LU	mute	a	Volubility
LU	mutilate	v	Cause_harm
LU	mutiny	n	Change_of_leadership
LU	mutiny	v	Change_of_leadership
LU	mutter	v	Communication_manner
LU	mutual	a	Commonality
LU	muzzle	n	Body_parts
LU	myriad	n	Quantified_mass
LU	mystery	n	Text
LU	mystification	n	Emotion_directed
LU	mystified	a	Emotion_directed
LU	mystify	v	Experiencer_obj
LU	mystifying	a	Stimulus_focus
LU	nab	v	Arrest
LU	nab	v	Kidnapping
LU	nadir	n	Extreme_point
LU	nail	n	Connectors
LU	nail	v	Attaching
LU	nailed	a	Being_attached
LU	naive	a	Mental_property
LU	naked	a	Wearing
LU	nakedness	n	Wearing
LU	name	n	Being_named
LU	name	n	Fame
LU	name	n	Kinship
LU	name	n	Referring_by_name
LU	name	v	Adducing
LU	name	v	Appointing
LU	name	v	Indicating
LU	name	v	Name_conferral
LU	named	a	Being_named
LU	nameless	a	Being_named
LU	namesake	n	Namesake
LU	nance	v	Self_motion
LU	nanosecond	n	Measure_duration
LU	nap	n	Sleep
LU	nap	v	Sleep
LU	nape	n	Body_parts
LU	nark	n	Reporting
LU	narrow	a	Margin_of_resolution
LU	narrow	a	Measurable_attributes
LU	narrow	v	Cause_expansion
LU	narrow-minded	a	Mental_property
LU	narrow-mindedly	r	Mental_property
LU	narrowly	r	Margin_of_resolution
LU	nascent	a	Process_start
LU	nasty	a	Desirability
LU	nation	n	Political_locales
LU	national	a	Origin
LU	national	a	Political_locales
LU	national	n	People_by_jurisdiction
LU	national guard	n	Military
LU	native	a	Indigenous_origin
LU	natter	v	Communication_manner
LU	nausea	n	Biological_urge
LU	nauseated	a	Biological_urge
LU	nauseous	a	Biological_urge
LU	naval	a	Military
LU	navel	n	Body_parts
LU	navy	n	Military
LU	near	a	Gradable_proximity
LU	near thing	a	Difficulty
LU	nearly	r	Proportional_quantity
LU	necessary	a	Being_necessary
LU	necessity	n	Being_necessary
LU	neck	n	Body_parts
LU	neck	n	Clothing_parts
LU	neckband	n	Clothing_parts
LU	neckerchief	n	Clothing
LU	necklace	n	Accoutrements
LU	necktie	n	Clothing
LU	neckwear	n	Clothing
LU	nee	a	Being_named
LU	need	n	Needing
LU	need	v	Have_as_requirement
LU	need	v	Needing
LU	need	v	Required_event
LU	needed	a	Being_necessary
LU	needle	n	Medical_instruments
LU	needy	a	Wealthiness
LU	nefarious	a	Morality_evaluation
LU	negative	a	Attitude_description
LU	negligence	n	Offenses
LU	negotiate	v	Discussion
LU	negotiation	n	Discussion
LU	neigh	n	Sounds
LU	neigh	v	Make_noise
LU	neighbor	n	Adjacency
LU	neighbor	n	People_by_residence
LU	neighbor	v	Adjacency
LU	neighboring	a	Adjacency
LU	neighboring	a	Non-gradable_proximity
LU	neonate	n	People_by_age
LU	neonatologist	n	Medical_professionals
LU	neonatology	n	Medical_specialties
LU	neophyte	n	Activity_start
LU	nephew	n	Kinship
LU	nephrologist	n	Medical_professionals
LU	nephrology	n	Medical_specialties
LU	nerve gas	n	Weapon
LU	nerve-racking	a	Stimulus_focus
LU	nervous	a	Emotion_directed
LU	nervous	a	Experiencer_focus
LU	nervous	a	Fear
LU	net	n	Earnings_and_losses
LU	net	v	Earnings_and_losses
LU	nettle	v	Experiencer_obj
LU	nettled	a	Emotion_directed
LU	nettled	a	Experiencer_focus
LU	network	n	Network
LU	neurologist	n	Medical_professionals
LU	neurology	n	Medical_specialties
LU	neuroscientist	n	People_by_vocation
LU	neutral	a	Partiality
LU	neutrality	n	Partiality
LU	never	r	Frequency
LU	never	r	Negation
LU	new	a	Age
LU	new	a	Familiarity
LU	new (to)	a	Expertise
LU	newborn	n	People_by_age
LU	newly	r	Temporal_collocation
LU	news outlet	n	Organization
LU	newspaper	n	Text
LU	next	a	Relative_time
LU	next generation	a	Stage_of_progress
LU	nibble	v	Ingestion
LU	nice	a	Social_interaction_evaluation
LU	nice	a	Stimulus_focus
LU	nick	v	Damaging
LU	nick	v	Theft
LU	nickname	n	Being_named
LU	nickname	v	Name_conferral
LU	nicotine	n	Intoxicants
LU	niece	n	Kinship
LU	niggardliness	n	Stinginess
LU	niggardly	a	Stinginess
LU	night	n	Calendric_unit
LU	nightcap	n	Accoutrements
LU	nightdress	n	Clothing
LU	nightgown	n	Clothing
LU	nightie	n	Clothing
LU	nightly	a	Frequency
LU	nightwear	n	Clothing
LU	nineteenth	a	Ordinal_numbers
LU	ninth	a	Ordinal_numbers
LU	nip	v	Manipulation
LU	nip in the bud	v	Preventing_or_letting
LU	no	a	Quantified_mass
LU	no longer	r	Negation
LU	no longer	r	Temporal_collocation
LU	no picnic	n	Difficulty
LU	nod	v	Body_movement
LU	nod	v	Gesture
LU	nod off	v	Fall_asleep
LU	noise	n	Sensation
LU	noise	n	Sounds
LU	nom de guerre	n	Being_named
LU	nom de plume	n	Being_named
LU	non-combatant	n	Noncombatant
LU	non-native	a	Indigenous_origin
LU	non-proliferation	n	Proliferating_in_number
LU	non-referential	a	Linguistic_meaning
LU	noncompliance	n	Compliance
LU	nonliving	a	Dead_or_alive
LU	nonpareil	a	Beyond_compare
LU	nonplus	v	Experiencer_obj
LU	nonplussed	a	Emotion_directed
LU	nonsensical	a	Mental_property
LU	noodle	n	Food
LU	noon	n	Calendric_unit
LU	normal	a	Typicality
LU	normally	r	Frequency
LU	north	a	Part_orientational
LU	north	n	Direction
LU	north	n	Directional_locative_relation
LU	north	n	Part_orientational
LU	north	r	Direction
LU	north	r	Directional_locative_relation
LU	north-south	n	Part_orientational
LU	northeast	n	Directional_locative_relation
LU	northeast	r	Directional_locative_relation
LU	northern	a	Part_orientational
LU	northernmost	a	Part_orientational
LU	northwest	n	Directional_locative_relation
LU	northwest	n	Part_orientational
LU	northwest	r	Directional_locative_relation
LU	nose	n	Body_parts
LU	nose	v	Seeking
LU	nosh	v	Ingestion
LU	nostril	n	Body_parts
LU	not	r	Negation
LU	not guilty	a	Verdict
LU	notable	a	Notability
LU	note	v	Becoming_aware
LU	note	v	Statement
LU	notice	v	Becoming_aware
LU	notice to appear	n	Citing
LU	noticeable	a	Obviousness
LU	notification	n	Telling
LU	notify	v	Telling
LU	notoriety	n	Fame
LU	notorious	a	Fame
LU	novel	n	Text
LU	novelette	n	Text
LU	novella	n	Text
LU	novice	n	Expertise
LU	now	r	Temporal_collocation
LU	now and then	r	Frequency
LU	nowadays	n	Temporal_collocation
LU	nuclear	a	Bearing_arms
LU	nuclear	a	Nuclear_process
LU	nuclear	a	Weapon
LU	nuclear weapon	n	Weapon
LU	nude	a	Wearing
LU	nudge	v	Cause_motion
LU	nudge	v	Manipulation
LU	nudity	n	Wearing
LU	null	a	Being_in_effect
LU	number	n	Cardinal_numbers
LU	number	n	Quantified_mass
LU	number	n	Quantity
LU	number	v	Amounting_to
LU	number	v	Be_subset_of
LU	numerous	a	Quantified_mass
LU	nurse	n	Medical_interaction_scenario
LU	nurse	n	Medical_professionals
LU	nurse	v	Cure
LU	nurse	v	Ingestion
LU	nursery	n	Building_subparts
LU	nut	n	Connectors
LU	nut	n	Food
LU	nuts and bolts	n	Means
LU	oasis	n	Biological_area
LU	oath	n	Commitment
LU	obedient	a	Compliance
LU	obese	a	Body_description_holistic
LU	obey	v	Compliance
LU	obituary	n	Text
LU	object	n	Entity
LU	object	n	Purpose
LU	objective	n	Purpose
LU	obligate	v	Imposing_obligation
LU	obligated	a	Being_obligated
LU	obligation	n	Being_obligated
LU	obligatory	a	Being_obligatory
LU	oblige	v	Imposing_obligation
LU	obliged	a	Being_obligated
LU	obliterate	v	Destroying
LU	obliteration	n	Destroying
LU	obscure	a	Obscurity
LU	obscure	v	Eclipse
LU	obscured	a	Eclipse
LU	observance	n	Compliance
LU	observant	a	Compliance
LU	observation	n	Perception_active
LU	observe	v	Becoming_aware
LU	observe	v	Compliance
LU	observe	v	Condition_symptom_relation
LU	observe	v	Statement
LU	obsess	v	Emotion_active
LU	obsession	n	Emotion_active
LU	obstetrician	n	Medical_professionals
LU	obstetrics	n	Medical_specialties
LU	obstruct	v	Eclipse
LU	obstruct	v	Hindering
LU	obstruction [act]	n	Hindering
LU	obstruction [entity]	n	Hindering
LU	obstructive	a	Hindering
LU	obtain	v	Getting
LU	obviate	v	Preventing_or_letting
LU	obvious	a	Obviousness
LU	obviously	r	Obviousness
LU	occasion	n	Event_instance
LU	occasional	a	Frequency
LU	occasionally	r	Frequency
LU	occlude	v	Eclipse
LU	occlusion	n	Eclipse
LU	occultation	n	Eclipse
LU	occupant	n	Residence
LU	occupy	v	Residence
LU	occur	v	Circumscribed_existence
LU	occur	v	Condition_symptom_relation
LU	occur	v	Event
LU	ocean	n	Natural_features
LU	odd	a	Proportional_quantity
LU	odd	a	Typicality
LU	oddity	n	Idiosyncrasy
LU	odds	n	Probability
LU	ode	n	Text
LU	odor	n	Chemical-sense_description
LU	odor	n	Sensation
LU	odyssey	n	Travel
LU	oeuvre	n	Labor_product
LU	of a mind	a	Inclination
LU	of late	r	Temporal_collocation
LU	off and on	r	Frequency
LU	off the beaten path	r	Isolated_places
LU	offend	v	Cause_emotion
LU	offend	v	Experiencer_obj
LU	offended	a	Emotion_directed
LU	offense	n	Cause_emotion
LU	offensive	a	Attack
LU	offensive	a	Cause_emotion
LU	offensive	a	Stimulus_focus
LU	offensive	n	Attack
LU	offer	v	Offering
LU	office	n	Building_subparts
LU	officer	n	Appellations
LU	officer	n	Attention_getting
LU	officer	n	Leadership
LU	officer	n	People_by_vocation
LU	official	n	Appellations
LU	official	n	Leadership
LU	offshoot	n	Offshoot
LU	offshore	a	Locative_relation
LU	offspring	n	Kinship
LU	often	r	Frequency
LU	oil	n	Food
LU	oil	n	Substance
LU	oilman	n	People_by_vocation
LU	okay	a	Desirability
LU	okay	v	Deny_or_grant_permission
LU	old	a	Age
LU	old-fashioned	a	Stage_of_progress
LU	oldish	a	Age
LU	omen	n	Omen
LU	ominous	a	Omen
LU	on	r	Process_continue
LU	on and off	r	Frequency
LU	on board	a	Transportation_status
LU	on call	a	Standing_by
LU	on fire	a	Fire_burning
LU	on foot	r	Transportation_status
LU	on station	a	Standing_by
LU	on the lam	a	Fugitive
LU	on the loose	a	Fugitive
LU	on the run	a	Fugitive
LU	on the side	a	Hedging
LU	on time	r	Relative_time
LU	once	r	Event_instance
LU	once in a while	r	Frequency
LU	once-over	n	Scrutiny
LU	oncologist	n	Medical_professionals
LU	oncology	n	Medical_specialties
LU	one and only	a	Sole_instance
LU	one day	n	Calendric_unit
LU	one-piece	n	Clothing
LU	ongoing	a	Process_continue
LU	only	a	Sole_instance
LU	onset	n	Attack
LU	onset	n	Process_start
LU	onslaught	n	Attack
LU	oodles	n	Quantified_mass
LU	ooze	v	Fluidic_motion
LU	open	a	Candidness
LU	open	a	Openness
LU	open	a	Secrecy_status
LU	open	v	Activity_start
LU	open	v	Body_movement
LU	open	v	Closure
LU	open space	a	Locale_by_use
LU	operate	v	Being_in_operation
LU	operate	v	Military_operation
LU	operate	v	Operating_a_system
LU	operate	v	Using
LU	operation	n	Businesses
LU	operation	n	Military_operation
LU	operation	n	Using
LU	operational	a	Being_in_operation
LU	operational	a	Being_operational
LU	operational	a	Using
LU	ophthalmologist	n	Medical_professionals
LU	ophthalmoscope	n	Medical_instruments
LU	opinion	n	Documents
LU	opinion	n	Opinion
LU	opinion	n	Regard
LU	opium	n	Intoxicants
LU	opponent	n	Taking_sides
LU	opportune	a	Opportunity
LU	opportunity	n	Opportunity
LU	oppose	v	Taking_sides
LU	opposite	a	Non-gradable_proximity
LU	opposition [act]	n	Taking_sides
LU	opposition [entity]	n	Taking_sides
LU	opt	v	Choosing
LU	optimistic	a	Attitude_description
LU	option	n	Alternatives
LU	or so	r	Proportional_quantity
LU	orange	a	Color
LU	orbit	n	Path_traveled
LU	ordain	v	Rite
LU	order	n	Artistic_style
LU	order	n	Biological_classification
LU	order	n	Chaos
LU	order	n	Law
LU	order	n	Organization
LU	order	n	Rank
LU	order	n	Request
LU	order	n	Request_entity
LU	order	n	Sequence
LU	order	v	Arranging
LU	order	v	Bail_decision
LU	order	v	Request
LU	order	v	Request_entity
LU	order	v	Rite
LU	order	v	Sentencing
LU	order [physical object]	n	Request_entity
LU	orders	n	Documents
LU	ordinarily	r	Frequency
LU	ordinary	a	Capital_stock
LU	ordinary	a	Typicality
LU	ordination	n	Rite
LU	ordnance	n	Ammunition
LU	ordnance	n	Weapon
LU	ore	n	Substance
LU	organism	n	Biological_entity
LU	organization	n	Organization
LU	organize	v	Making_arrangements
LU	oriented	a	Emphasizing
LU	origin	n	Origin
LU	originate	v	Achieving_first
LU	originate	v	Origin
LU	originator	n	Achieving_first
LU	ornamented	a	Abounding_with
LU	orthopaedics	n	Medical_specialties
LU	orthopaedist	n	Medical_professionals
LU	oscilloscope	n	Medical_instruments
LU	ostensible	a	Unattributed_information
LU	ostensibly	r	Unattributed_information
LU	other	a	Increment
LU	other	n	Increment
LU	otherwise	r	Negative_conditional
LU	otoscope	n	Medical_instruments
LU	ottoman	a	Origin
LU	ottoman	n	People_by_origin
LU	ought to	v	Desirable_event
LU	ought to	v	Required_event
LU	oughta	v	Required_event
LU	ounce	n	Measure_mass
LU	ounce	n	Quantified_mass
LU	oust	v	Change_of_leadership
LU	oust	v	Removing
LU	ouster	n	Change_of_leadership
LU	out	a	Sleep
LU	out like a light	a	Sleep
LU	out-of-the-way	a	Isolated_places
LU	outback	n	Isolated_places
LU	outbuilding	n	Buildings
LU	outcrop	n	Natural_features
LU	outdo	v	Surpassing
LU	outer	a	Part_inner_outer
LU	outfit	n	Clothing
LU	outfit	v	Supply
LU	outgoing	a	Sociability
LU	outhouse	n	Buildings
LU	outlaw	v	Deny_or_grant_permission
LU	outlaw	v	Prohibiting_or_licensing
LU	outline	v	Summarizing
LU	outlying	a	Locative_relation
LU	output	n	Labor_product
LU	outrage	n	Emotion_directed
LU	outrage	v	Experiencer_obj
LU	outset	n	Temporal_subregion
LU	outshine	v	Surpassing
LU	outside	a	Part_inner_outer
LU	outside	n	Part_inner_outer
LU	outside the wire	r	Interior_profile_relation
LU	outspoken	a	Candidness
LU	outstanding	a	Desirability
LU	outstanding	a	Expertise
LU	outstanding	a	Usefulness
LU	outstrip	v	Surpassing
LU	outward	r	Direction
LU	oval	n	Shapes
LU	oven	n	Artifact
LU	over	a	Process_completed_state
LU	overall	n	Clothing
LU	overcoat	n	Clothing
LU	overcome	v	Conquering
LU	overcrowded	a	Abounding_with
LU	overdue	a	Relative_time
LU	overfilled	a	Abounding_with
LU	overhaul	n	Reforming_a_system
LU	overhaul	v	Reforming_a_system
LU	overhear	v	Perception_experience
LU	overheat	v	Cause_temperature_change
LU	overjoyed	a	Emotion_directed
LU	overlord	n	Leadership
LU	overnight	r	Temporal_collocation
LU	overnight	v	Temporary_stay
LU	overnighter	n	Containers
LU	overpass	n	Roadways
LU	overpriced	a	Expensiveness
LU	overrun	v	Invading
LU	overthrow	n	Change_of_leadership
LU	overthrow	v	Change_of_leadership
LU	overwrought	a	Emotion_directed
LU	own	v	Possession
LU	owner	n	Possession
LU	ownership	n	Possession
LU	oxidize	v	Corroding
LU	oxidize	v	Corroding_caused
LU	oxygen	n	Substance
LU	pace	n	Speed_description
LU	pace	v	Self_motion
LU	pacify	v	Experiencer_obj
LU	pacifying	a	Stimulus_focus
LU	pack	n	Aggregate
LU	pack	n	Containers
LU	pack	n	Measure_volume
LU	pack	v	Bearing_arms
LU	pack	v	Filling
LU	pack	v	Placing
LU	package	n	Aggregate
LU	package	v	Placing
LU	packet	n	Measure_volume
LU	pad	v	Self_motion
LU	paddle	v	Bringing
LU	paddle	v	Corporal_punishment
LU	paddle	v	Operate_vehicle
LU	paediatrics	n	Medical_specialties
LU	pagan	n	People_by_religion
LU	page	v	Contacting
LU	pagoda	n	Buildings
LU	pail	n	Containers
LU	pain	n	Perception_body
LU	pain	v	Perception_body
LU	paint	v	Communicate_categorization
LU	paint	v	Create_physical_artwork
LU	paint	v	Create_representation
LU	paint	v	Filling
LU	painted	a	Abounding_with
LU	painter	n	People_by_vocation
LU	painting	n	Physical_artworks
LU	pair	n	Cardinal_numbers
LU	pair	v	Cause_to_amalgamate
LU	pal	n	Attention_getting
LU	pal	n	Personal_relationship
LU	palace	n	Buildings
LU	palatable	a	Chemical-sense_description
LU	palazzo	n	Buildings
LU	pale	a	Color_qualities
LU	pale	v	Surpassing
LU	palliate	v	Cure
LU	palliation	n	Cure
LU	palliative	a	Cure
LU	palliative	n	Cure
LU	pallium	n	Clothing
LU	palm off	v	Passing_off
LU	palpate	v	Perception_active
LU	palpate	v	Seeking
LU	pamphlet	n	Text
LU	pan	v	Seeking
LU	panama	n	Accoutrements
LU	pancake	n	Food
LU	panel	v	Filling
LU	panelled	a	Abounding_with
LU	pannier	n	Containers
LU	pant	v	Breathing
LU	panties	n	Clothing
LU	pantry	n	Building_subparts
LU	pants	n	Clothing
LU	pantyhose	n	Clothing
LU	paper	n	Businesses
LU	paper	n	Substance
LU	paper [article]	n	Text
LU	paper [newspaper]	n	Text
LU	paperback	n	Text
LU	papers	n	Documents
LU	parachute	v	Operate_vehicle
LU	parade	v	Mass_motion
LU	parade	v	Self_motion
LU	paragon	n	Exemplar
LU	parallel	n	Similarity
LU	parameter	n	Terms_of_agreement
LU	paramour	n	Personal_relationship
LU	paraplegic	a	Medical_conditions
LU	parboil	v	Absorb_heat
LU	parboil	v	Apply_heat
LU	parched	a	Being_dry
LU	parched	a	Biological_urge
LU	pardon	n	Pardon
LU	pardon	v	Forgiveness
LU	pardon	v	Pardon
LU	pare	v	Cutting
LU	parent	n	Kinship
LU	parental	a	Kinship
LU	parish	n	Political_locales
LU	parishioner	n	People_by_jurisdiction
LU	park	n	Locale_by_use
LU	park	v	Placing
LU	park[2]	n	Locale_by_use
LU	parka	n	Clothing
LU	parking lot	n	Locale_by_use
LU	parkway	n	Roadways
LU	parley	n	Discussion
LU	parley	v	Discussion
LU	parliament	n	Organization
LU	parlor	n	Building_subparts
LU	parsimonious	a	Frugality
LU	parsimony	n	Frugality
LU	part	n	Artifact_subpart
LU	part	n	Hair_configuration
LU	part	n	Membership
LU	part	n	Part_whole
LU	part	n	Performers_and_roles
LU	part	n	Taking_sides
LU	part	n	Vehicle_subpart
LU	part	v	Separating
LU	partial	a	Partiality
LU	partiality	n	Partiality
LU	participant	n	Participation
LU	participate	v	Participation
LU	participation	n	Participation
LU	particular	a	Degree
LU	particular	a	Idiosyncrasy
LU	particular	a	Specific_individual
LU	partition	n	Separating
LU	partition	v	Separating
LU	partner	n	Co-association
LU	partner	n	Collaboration
LU	partner	n	Personal_relationship
LU	partner	v	Collaboration
LU	party	n	Aggregate
LU	party	n	Participation
LU	party	n	Social_event
LU	pasha	n	Leadership
LU	pass	n	Natural_features
LU	pass	v	Passing
LU	pass	v	Path_shape
LU	pass	v	Process_end
LU	pass	v	Traversing
LU	pass away	v	Death
LU	pass off	v	Passing_off
LU	pass on	v	Dispersal
LU	pass out	v	Fall_asleep
LU	pass out	v	Giving
LU	passcard	n	Key
LU	passel	n	Aggregate
LU	passport	n	Documents
LU	password	n	Communication
LU	password	n	Key
LU	past	a	Relative_time
LU	past	n	Individual_history
LU	pasta	n	Food
LU	paste	v	Attaching
LU	pasted	a	Being_attached
LU	pastry	n	Food
LU	pat down	v	Inspecting
LU	pat down	v	Seeking
LU	paternal	a	Kinship
LU	path	n	Path_traveled
LU	path	n	Roadways
LU	pathetic	a	Desirability
LU	pathetic	a	Stimulus_focus
LU	pathway	n	Roadways
LU	patient	a	Rashness
LU	patient	n	Medical_interaction_scenario
LU	patricide	n	Killing
LU	patrol	v	Patrolling
LU	patrol [act]	n	Patrolling
LU	patrol [entity]	n	Patrolling
LU	patronymic	n	Being_named
LU	patter	n	Sounds
LU	patter	v	Impact
LU	patter	v	Make_noise
LU	patter	v	Motion_noise
LU	pattern	n	Pattern
LU	paunchy	a	Body_description_holistic
LU	pause	n	Activity_pause
LU	pave	v	Distributed_position
LU	pave	v	Filling
LU	paved	a	Abounding_with
LU	pavement	n	Roadways
LU	pavilion	n	Buildings
LU	paw	n	Body_parts
LU	paw	v	Manipulation
LU	pax	n	People
LU	paxman	n	Subordinates_and_superiors
LU	pay	v	Commerce_pay
LU	pay back	v	Repayment
LU	payback	n	Revenge
LU	payer	n	Commerce_pay
LU	payment	n	Commerce_pay
LU	pdf	v	Communication_means
LU	pea	n	Food
LU	peach	v	Reporting
LU	peak	n	Natural_features
LU	peak	n	Part_orientational
LU	peak	n	Relational_natural_features
LU	peal	n	Sounds
LU	peal	v	Make_noise
LU	peanut	n	Food
LU	peccadillo	n	Misdeed
LU	peckish	a	Biological_urge
LU	peculation	n	Theft
LU	peculiar	a	Idiosyncrasy
LU	peculiarity	n	Idiosyncrasy
LU	pedal	v	Operate_vehicle
LU	pedestrian	a	Social_desirability
LU	pediatrician	n	Medical_professionals
LU	pedicure	n	Grooming
LU	pee	v	Excreting
LU	peek	n	Perception_active
LU	peek	v	Perception_active
LU	peel	v	Emptying
LU	peel off	v	Undressing
LU	peep	n	Sounds
LU	peep	v	Cause_to_make_noise
LU	peep	v	Make_noise
LU	peep	v	Perception_active
LU	peer	v	Perception_active
LU	peerless	a	Beyond_compare
LU	peeved	a	Emotion_directed
LU	peg	n	Connectors
LU	peg	v	Categorization
LU	peg-leg	n	Body_description_part
LU	pelt	n	Body_parts
LU	pelt	v	Cause_harm
LU	pelt	v	Mass_motion
LU	pen	n	Prison
LU	pen	v	Text_creation
LU	pen name	n	Being_named
LU	penalty	n	Rewards_and_punishments
LU	penchant	n	Inclination
LU	pendant	n	Accoutrements
LU	peninsula	n	Natural_features
LU	penitence	n	Contrition
LU	penitent	a	Contrition
LU	penitentiary	n	Prison
LU	penny-wise	a	Frugality
LU	pension	n	Buildings
LU	penthouse	n	Buildings
LU	people	n	Kinship
LU	people	n	People
LU	people	v	Colonization
LU	pepper	n	Food
LU	perceive	v	Becoming_aware
LU	perceive	v	Categorization
LU	perceive	v	Perception_experience
LU	perception	n	Perception_experience
LU	perception	n	Sensation
LU	perceptive	a	Mental_property
LU	perceptively	r	Mental_property
LU	perch	v	Placing
LU	percolate	v	Fluidic_motion
LU	peregrination	n	Travel
LU	perfect	a	Usefulness
LU	perfect	v	Cause_to_make_progress
LU	perform	v	Intentionally_act
LU	performance	n	Performing_arts
LU	perfume	n	Sensation
LU	peril	n	Run_risk
LU	perimeter	n	Part_inner_outer
LU	period	n	Frequency
LU	periodic	a	Frequency
LU	periodical	n	Text
LU	perish	v	Death
LU	perish	v	Rotting
LU	perk up	v	Recovery
LU	permissible	a	Legality
LU	permission	n	Deny_or_grant_permission
LU	permit	n	Documents
LU	permit	v	Deny_or_grant_permission
LU	permit	v	Prevent_or_allow_possession
LU	permit	v	Preventing_or_letting
LU	permit	v	Prohibiting_or_licensing
LU	perpetrate	v	Committing_crime
LU	perpetual	a	Duration_description
LU	perplex	v	Experiencer_obj
LU	perplexed	a	Emotion_directed
LU	perplexing	a	Stimulus_focus
LU	perplexity	n	Emotion_directed
LU	persist	v	Duration_relation
LU	persist	v	Process_continue
LU	persistence	n	Process_continue
LU	persistent	a	Duration_description
LU	person	n	People
LU	persona	n	Impression
LU	personage	n	People
LU	personnel	n	Employing
LU	perspiration	n	Excreting
LU	perspire	v	Excreting
LU	persuade	v	Suasion
LU	pertinent	a	Being_relevant
LU	perturb	v	Experiencer_obj
LU	perturbed	a	Emotion_directed
LU	perusal	n	Reading_perception
LU	perusal	n	Scrutiny
LU	peruse	v	Reading_perception
LU	peruse	v	Scrutiny
LU	pessimistic	a	Attitude_description
LU	pet name	n	Being_named
LU	petite	a	Size
LU	petition	n	Request
LU	petrified	a	Emotion_directed
LU	petrify	v	Experiencer_obj
LU	petroleum	n	Substance
LU	petticoat	n	Clothing
LU	peyote	n	Intoxicants
LU	phase	n	Thermodynamic_phase
LU	phone	n	Artifact
LU	phone	v	Communication_means
LU	phone	v	Contacting
LU	phone in	v	Contacting
LU	phoney	a	Artificiality
LU	phoney	n	Artificiality
LU	phosgene	n	Weapon
LU	photo	n	Physical_artworks
LU	photocopy	n	Duplication
LU	photocopy	v	Duplication
LU	photoelectric	a	Electricity
LU	photoelectricity	n	Electricity
LU	photograph	n	Physical_artworks
LU	photograph	v	Create_representation
LU	phrase	v	Encoding
LU	phrasing	n	Encoding
LU	phylum	n	Biological_classification
LU	physician	n	Medical_professionals
LU	physicist	n	People_by_vocation
LU	piano	n	Noise_makers
LU	pick	n	Choosing
LU	pick	v	Choosing
LU	pick	v	Food_gathering
LU	pick off	v	Hit_target
LU	pick up	v	Becoming_aware
LU	pick-up	n	Vehicle
LU	pickle	n	Predicament
LU	pickle	v	Preserving
LU	pickpocket	n	Theft
LU	pickpocket	v	Theft
LU	picnic	n	Social_event
LU	picture	n	Physical_artworks
LU	piece	n	Part_piece
LU	piece together	v	Building
LU	pig	n	Animals
LU	pigeonhole	v	Categorization
LU	pigtail	n	Hair_configuration
LU	pigtailed	a	Body_description_part
LU	pile	n	Quantified_mass
LU	pile	v	Filling
LU	pile	v	Placing
LU	piled	a	Abounding_with
LU	pilfer	v	Theft
LU	pilferage	n	Theft
LU	pilferer	n	Theft
LU	pilfering	n	Theft
LU	pilgrimage	n	Travel
LU	pilot	n	People_by_vocation
LU	pimple	n	Body_mark
LU	pin	v	Attaching
LU	pin	v	Judgment_communication
LU	pinafore	n	Clothing
LU	pinch	n	Measure_by_action
LU	pinch	n	Predicament
LU	pinch	n	Quantified_mass
LU	pinch	v	Manipulation
LU	pinch	v	Theft
LU	pine	v	Desiring
LU	ping	v	Motion_noise
LU	pink	a	Color
LU	pinned	a	Being_attached
LU	pint	n	Measure_volume
LU	pioneer	n	Achieving_first
LU	pioneer	v	Achieving_first
LU	pioneering	a	Achieving_first
LU	pipe down	v	Becoming_silent
LU	pipette	n	Containers
LU	piquant	a	Chemical-sense_description
LU	piracy	n	Piracy
LU	pirate	v	Piracy
LU	piss	v	Excreting
LU	piss and moan	v	Complaining
LU	pissed	a	Intoxication
LU	pistol	n	Weapon
LU	pit	v	Emptying
LU	pitch	v	Cause_motion
LU	pitchblack	a	Color
LU	pitiable	a	Praiseworthiness
LU	pitiful	a	Desirability
LU	pitiful	a	Stimulus_focus
LU	pity	n	Experiencer_focus
LU	pity	v	Experiencer_focus
LU	pity	v	Others_situation_as_stimulus
LU	pivotal	a	Importance
LU	placate	v	Experiencer_obj
LU	placating	a	Stimulus_focus
LU	place	n	Assigned_location
LU	place	n	Locale
LU	place	v	Placing
LU	placement	n	Placing
LU	placket	n	Clothing_parts
LU	plague	n	Medical_conditions
LU	plain	n	Biological_area
LU	plain-clothes man	n	People_by_vocation
LU	plait	n	Hair_configuration
LU	plait	v	Grooming
LU	plan	n	Project
LU	plan	n	Purpose
LU	plan	v	Making_arrangements
LU	plan	v	Purpose
LU	plane	n	Vehicle
LU	planeload	n	Measure_volume
LU	plank	v	Apply_heat
LU	plank	v	Filling
LU	plant	n	Locale_by_use
LU	plant	v	Filling
LU	plant	v	Placing
LU	plant	v	Planting
LU	plantation	n	Locale_by_use
LU	planter	n	Containers
LU	plash	n	Sounds
LU	plash	v	Impact
LU	plash	v	Make_noise
LU	plasma	n	Substance_by_phase
LU	plaster	v	Attaching
LU	plaster	v	Filling
LU	plastered	a	Abounding_with
LU	plastered	a	Being_attached
LU	plastic explosive	n	Weapon
LU	plate	n	Armor
LU	plateau	n	Natural_features
LU	platter	n	Measure_volume
LU	play	n	Performing_arts
LU	play	v	Cause_to_make_noise
LU	play	v	Competition
LU	play	v	Make_noise
LU	play	v	Performers_and_roles
LU	play (into)	v	Being_relevant
LU	play by the rules	v	Compliance
LU	player	n	Competition
LU	player	n	Gizmo
LU	player	n	Participation
LU	player	n	Performers
LU	playroom	n	Building_subparts
LU	plea	n	Entering_of_plea
LU	plea	n	Request
LU	plead	v	Entering_of_plea
LU	plead	v	Request
LU	pleasant	a	Social_interaction_evaluation
LU	pleasant	a	Stimulus_focus
LU	please	v	Experiencer_obj
LU	pleased	a	Emotion_directed
LU	pleasing	a	Stimulus_focus
LU	pleasurable	a	Stimulus_focus
LU	pleasure	n	Emotions_of_mental_activity
LU	pleasure	n	Experiencer_focus
LU	plebeian	a	Social_desirability
LU	pledge	n	Commitment
LU	pledge	v	Commitment
LU	pledge	v	Imposing_obligation
LU	plentiful	a	Scarcity
LU	plentifulness	n	Scarcity
LU	plenty	a	Sufficiency
LU	plenty	n	Sufficiency
LU	plenty	r	Sufficiency
LU	plethora	n	Quantified_mass
LU	pliability	n	Level_of_force_resistance
LU	pliable	a	Level_of_force_resistance
LU	plight	n	Predicament
LU	plod	v	Self_motion
LU	plonk	v	Make_noise
LU	plop	n	Sounds
LU	plop	v	Impact
LU	plop	v	Make_noise
LU	plot	n	Graph_shape
LU	plow	v	Cause_impact
LU	plow	v	Impact
LU	pluck	v	Grooming
LU	pluck	v	Removing
LU	plug away	v	Work
LU	plummet	v	Change_position_on_a_scale
LU	plummet	v	Motion_directional
LU	plummet	v	Undergo_change
LU	plump	a	Body_description_holistic
LU	plunge	v	Motion_directional
LU	plunge	v	Placing
LU	plunk	n	Sounds
LU	plunk	v	Impact
LU	plutonium	n	Substance
LU	poach	v	Absorb_heat
LU	poach	v	Apply_heat
LU	pocket	n	Clothing_parts
LU	pocket	n	Locale
LU	pocket	v	Placing
LU	podiatry	n	Medical_specialties
LU	poem	n	Text
LU	poetry	n	Text
LU	pogrom	n	Killing
LU	poignant	a	Stimulus_focus
LU	point	n	Locale
LU	point	v	Adducing
LU	point	v	Cause_to_perceive
LU	point (to)	v	Evidence
LU	poison	n	Toxic_substance
LU	poison	v	Cause_harm
LU	poisoning	n	Cause_harm
LU	poisonous	a	Toxic_substance
LU	poke	v	Manipulation
LU	polemic	n	Reasoning
LU	police	n	Law_enforcement_agency
LU	police	n	People_by_vocation
LU	police	v	Patrolling
LU	police department	n	Law_enforcement_agency
LU	police officer	n	People_by_vocation
LU	policeman	n	People_by_vocation
LU	policy	n	Law
LU	polio	n	Medical_conditions
LU	polite	a	Social_interaction_evaluation
LU	politician	n	People_by_vocation
LU	polo-neck	n	Clothing
LU	polysemous	a	Linguistic_meaning
LU	poncho	n	Clothing
LU	pond	n	Natural_features
LU	ponder	v	Cogitation
LU	pontificate	v	Speak_on_topic
LU	ponytail	n	Hair_configuration
LU	pool	n	Natural_features
LU	pooped	a	Biological_urge
LU	poor	a	Desirability
LU	poor	a	Luck
LU	poor	a	Position_on_a_scale
LU	poor	a	Wealthiness
LU	pop	v	Ingest_substance
LU	pop in	v	Drop_in_on
LU	popular	a	Desirability
LU	popular	a	Popularity
LU	populate	v	Colonization
LU	population	n	Aggregate
LU	porch	n	Building_subparts
LU	pore	v	Reading_perception
LU	pork	v	Sex
LU	port	n	Locale_by_use
LU	port	n	Non-gradable_proximity
LU	portable	a	Bringing
LU	portend	v	Omen
LU	portent	n	Omen
LU	portion	n	Part_whole
LU	portly	a	Body_description_holistic
LU	portray	v	Communicate_categorization
LU	portuguese	a	Origin
LU	pose	v	Posing_as
LU	position	n	Being_employed
LU	position	n	Locale_by_collocation
LU	position	n	Posture
LU	position	v	Placing
LU	positive	a	Attitude_description
LU	positive	a	Certainty
LU	posse	n	Aggregate
LU	possess	v	Possession
LU	possession	n	Offenses
LU	possession	n	Possession
LU	possession [definite noun]	n	Possession
LU	possession [of goods]	n	Possession
LU	possessor	n	Possession
LU	possibility	n	Alternatives
LU	possibility	n	Likelihood
LU	possible	a	Awareness_status
LU	possible	a	Likelihood
LU	possibly	r	Likelihood
LU	post	n	Assigned_location
LU	post	n	Sent_items
LU	post	v	Sending
LU	post office	n	Locale_by_use
LU	poster	n	Physical_artworks
LU	postpone	v	Change_event_time
LU	posture	n	Posture
LU	pot	n	Containers
LU	pot	n	Intoxicants
LU	pot	v	Placing
LU	pot [cooking]	n	Containers
LU	potato	n	Food
LU	potent	a	Chemical_potency
LU	potential	a	Capability
LU	potential	n	Capability
LU	pouch	n	Containers
LU	poultry	n	Food
LU	pounce	v	Self_motion
LU	pound	n	Measure_mass
LU	pour	v	Mass_motion
LU	pout	n	Facial_expression
LU	pout	v	Body_movement
LU	pout	v	Making_faces
LU	pout	v	Statement
LU	poverty	n	Wealthiness
LU	powder room	n	Building_subparts
LU	powdered	a	Ground_up
LU	power	n	Authority
LU	power	n	Capability
LU	power	n	Electricity
LU	power	n	Level_of_force_exertion
LU	power	n	Objective_influence
LU	power [govt]	n	Leadership
LU	power [rule]	n	Leadership
LU	power [statistical]	n	Capability
LU	powerful	a	Capability
LU	powerful	a	Level_of_force_exertion
LU	powerless	a	Capability
LU	powerless	a	Level_of_force_exertion
LU	powerlessness	n	Capability
LU	practical joke	n	Prank
LU	practice	n	Businesses
LU	practice	n	Custom
LU	practice	n	Practice
LU	practice	v	Practice
LU	practice [mass]	n	Practice
LU	praenomen	n	Being_named
LU	prairie	n	Biological_area
LU	praise	n	Judgment_communication
LU	praise	v	Judgment_communication
LU	praiseworthy	a	Praiseworthiness
LU	prance	v	Self_motion
LU	prank	n	Prank
LU	prattle	v	Communication_manner
LU	pray	v	Rite
LU	prayer	n	Rite
LU	preach	v	Speak_on_topic
LU	preach	v	Statement
LU	precede	v	Relative_time
LU	preceding	a	Relative_time
LU	precipitate	a	Rashness
LU	precipitate	v	Causation
LU	precipitation	n	Precipitation
LU	precipitation [event]	n	Precipitation
LU	precipitous	a	Rashness
LU	precise	a	Accuracy
LU	precisely	r	Proportional_quantity
LU	precision	n	Accuracy
LU	preclude	v	Preventing_or_letting
LU	preclude	v	Thwarting
LU	precursor	n	Ingredients
LU	predate	v	Relative_time
LU	predestined	a	Destiny
LU	predicament	n	Predicament
LU	predict	v	Expectation
LU	predict	v	Predicting
LU	predictable	a	Expectation
LU	prediction	n	Expectation
LU	prediction	n	Predicting
LU	predisposed	a	Inclination
LU	predisposition	n	Inclination
LU	predominate	v	Dominate_situation
LU	preempt	v	Preventing_or_letting
LU	preemption	n	Preventing_or_letting
LU	preemptive	a	Preventing_or_letting
LU	preen	v	Bragging
LU	prefatory	a	Preliminaries
LU	prefer	v	Partiality
LU	prefer	v	Preference
LU	preferred	a	Capital_stock
LU	prefigure	v	Omen
LU	prehistoric	a	Temporal_collocation
LU	prejudge	v	Partiality
LU	prejudice	n	Partiality
LU	prejudiced	a	Partiality
LU	preliminary	a	Preliminaries
LU	preliminary	a	Version_sequence
LU	preliminary	n	Preliminaries
LU	premature	a	Relative_time
LU	premier	n	Appellations
LU	premier	n	Leadership
LU	premonition	n	Expectation
LU	preparation	n	Activity_prepare
LU	preparation	n	Cooking_creation
LU	preparatory	a	Preliminaries
LU	prepare	v	Activity_prepare
LU	prepare	v	Cooking_creation
LU	prepared	a	Activity_ready_state
LU	prepared	a	Willingness
LU	presage	n	Omen
LU	presage	v	Omen
LU	presence	n	Presence
LU	present	a	Condition_symptom_relation
LU	present	a	Presence
LU	present	v	Cause_to_perceive
LU	present	v	Condition_symptom_relation
LU	present[medical]	v	Cause_to_perceive
LU	preservation	n	Preserving
LU	preserve	v	Preserving
LU	preside	v	Leadership
LU	president	n	Appellations
LU	president [non-political]	n	Leadership
LU	president [political]	n	Leadership
LU	presidential	a	Leadership
LU	press	v	Attempt_suasion
LU	press	v	Cause_motion
LU	press	v	Self_motion
LU	pressure	n	Attempt_suasion
LU	pressure	v	Attempt_suasion
LU	presume	v	Awareness
LU	presumed	a	Awareness_status
LU	presumption	n	Awareness
LU	pretend	v	Feigning
LU	prevail	v	Attempt_suasion
LU	prevail	v	Beat_opponent
LU	prevaricate	v	Prevarication
LU	prevarication	n	Prevarication
LU	prevent	v	Medical_intervention
LU	prevent	v	Preventing_or_letting
LU	prevent	v	Thwarting
LU	prevention	n	Preventing_or_letting
LU	previous	a	Relative_time
LU	previous	a	Time_vector
LU	previously	r	Time_vector
LU	price	n	Commerce_scenario
LU	pricey	a	Expensiveness
LU	prickle	v	Perception_body
LU	primary	a	First_rank
LU	prime minister	n	Leadership
LU	prince	n	Appellations
LU	prince	n	Leadership
LU	principal	a	First_rank
LU	principal	n	Appellations
LU	principal	n	Leadership
LU	principality	n	Political_locales
LU	print	v	Text_creation
LU	print out	v	Text_creation
LU	print up	v	Text_creation
LU	prior	a	Relative_time
LU	prior	r	Time_vector
LU	prioritize	v	Emphasizing
LU	priority	n	Importance
LU	prise	v	Removing
LU	prison	n	Being_incarcerated
LU	prison	n	Prison
LU	prisoner	n	Being_in_captivity
LU	private eye	n	People_by_vocation
LU	privileged	a	Wealthiness
LU	prize	v	Judgment
LU	pro	n	Expertise
LU	pro	r	Taking_sides
LU	probability	n	Likelihood
LU	probability	n	Probability
LU	probable	a	Likelihood
LU	probably	r	Likelihood
LU	probe	n	Criminal_investigation
LU	probe	v	Criminal_investigation
LU	probe	v	Scrutiny
LU	problem	n	Predicament
LU	procedure	n	Means
LU	proceed	v	Process_continue
LU	proceed	v	Self_motion
LU	process	n	Means
LU	process	n	Process
LU	process	v	Processing_materials
LU	processed	a	Degree_of_processing
LU	proclaim	v	Statement
LU	proclamation	n	Statement
LU	proclivity	n	Inclination
LU	proctologist	n	Medical_professionals
LU	procure	v	Getting
LU	procurement [act]	n	Getting
LU	produce	v	Behind_the_scenes
LU	produce	v	Cause_to_start
LU	produce	v	Condition_symptom_relation
LU	produce	v	Creating
LU	produce	v	Intentionally_create
LU	produce	v	Manufacturing
LU	producer	n	Behind_the_scenes
LU	producer	n	Manufacturing
LU	producer	n	People_by_vocation
LU	product	n	Commutative_statement
LU	product	n	Manufacturing
LU	production	n	Creating
LU	production	n	Intentionally_create
LU	production	n	Manufacturing
LU	profess	v	Statement
LU	professional	a	People_by_vocation
LU	professor	n	Education_teaching
LU	professor	n	People_by_vocation
LU	proffer	v	Offering
LU	proficiency	n	Expertise
LU	proficient	a	Expertise
LU	profit	n	Earnings_and_losses
LU	profligacy	n	Frugality
LU	profligate	a	Frugality
LU	prognosticate	v	Predicting
LU	program	n	Project
LU	programmer	n	People_by_vocation
LU	progress	n	Progression
LU	progress	v	Progression
LU	progression	n	Progression
LU	prohibit	v	Deny_or_grant_permission
LU	prohibit	v	Preventing_or_letting
LU	prohibit	v	Prohibiting_or_licensing
LU	prohibited	a	Legality
LU	prohibition	n	Deny_or_grant_permission
LU	prohibition	n	Prohibiting_or_licensing
LU	project	n	Project
LU	proletarian	a	Social_desirability
LU	proliferate	v	Proliferating_in_number
LU	proliferation	n	Cause_proliferation_in_number
LU	proliferation	n	Proliferating_in_number
LU	prolong	v	Change_event_duration
LU	promenade	v	Self_motion
LU	prominent	a	Prominence
LU	promise	n	Commitment
LU	promise	n	Omen
LU	promise	v	Commitment
LU	promise	v	Omen
LU	promising	a	Omen
LU	promote	v	Cause_change_of_position_on_a_scale
LU	prompt	v	Cause_to_start
LU	promulgation	n	Statement
LU	prone	a	Inclination
LU	prone	a	Likelihood
LU	pronounce	v	Spelling_and_pronouncing
LU	pronounce	v	Statement
LU	pronounce	v	Verdict
LU	pronouncement	n	Statement
LU	proof	n	Evidence
LU	proof-read	v	Inspecting
LU	propagate	v	Giving_birth
LU	propel	v	Cause_motion
LU	propensity	n	Inclination
LU	proper	a	Proper_reference
LU	proper	a	Suitability
LU	property	n	Locale_by_ownership
LU	property	n	Possession
LU	prophecy	n	Predicting
LU	prophesy	v	Predicting
LU	proposal	n	Statement
LU	propose	v	Statement
LU	proposition	n	Statement
LU	proscribe	v	Prohibiting_or_licensing
LU	prosper	v	Thriving
LU	prosperity	n	Thriving
LU	prosperous	a	Wealthiness
LU	protect	v	Protecting
LU	protection [entity]	n	Protecting
LU	protection [event]	n	Protecting
LU	protege	n	Education_teaching
LU	protest	n	Protest
LU	protest	v	Protest
LU	protester	n	Protest
LU	protocol	n	Law
LU	prototype	n	Exemplar
LU	prototypical	a	Exemplariness
LU	protract	v	Change_event_duration
LU	prove	v	Dough_rising
LU	prove	v	Evidence
LU	prove	v	Reasoning
LU	prove	v	Turning_out
LU	proverbial	a	Unattributed_information
LU	provide	v	Supply
LU	province	n	Political_locales
LU	provincial	a	Political_locales
LU	provision	n	Supply
LU	provision	n	Terms_of_agreement
LU	provision	v	Supply
LU	provoke	v	Cause_to_start
LU	provoke	v	Condition_symptom_relation
LU	prowess	n	Expertise
LU	prowl	v	Self_motion
LU	proximity	n	Gradable_proximity
LU	pry	v	Scrutiny
LU	pseudo	a	Artificiality
LU	pseudonym	n	Being_named
LU	psoriasis	n	Medical_conditions
LU	psychiatrist	n	Medical_professionals
LU	psychiatrist	n	People_by_vocation
LU	psychoanalysis	n	Medical_specialties
LU	psychoanalyst	n	Medical_professionals
LU	psychologically	r	Domain
LU	psychologist	n	Medical_professionals
LU	psychologist	n	People_by_vocation
LU	psychotherapist	n	Medical_professionals
LU	psychotherapy	n	Medical_specialties
LU	pub	n	Buildings
LU	pub	n	Locale_by_use
LU	public	a	Secrecy_status
LU	public service	n	Public_services
LU	publication	n	Publishing
LU	publication	n	Text
LU	publicly	r	Secrecy_status
LU	publish	v	Publishing
LU	puce	a	Color
LU	pucker	v	Body_movement
LU	pudgy	a	Body_description_holistic
LU	pueblo	n	Buildings
LU	puff	v	Breathing
LU	puff	v	Ingest_substance
LU	puke	v	Excreting
LU	pull	n	Manipulation
LU	pull	v	Cause_motion
LU	pull	v	Earnings_and_losses
LU	pull	v	Experience_bodily_harm
LU	pull	v	Ingest_substance
LU	pull	v	Manipulation
LU	pull (out)	v	Getting_vehicle_underway
LU	pull off	v	Success_or_failure
LU	pull off	v	Undressing
LU	pull on	v	Dressing
LU	pull out	v	Withdraw_from_participation
LU	pull-out	n	Withdraw_from_participation
LU	pullover	n	Clothing
LU	pulp	v	Grinding
LU	pulverize	v	Grinding
LU	pulverized	a	Ground_up
LU	pummel	v	Cause_harm
LU	pump	v	Cause_fluidic_motion
LU	pump	v	Filling
LU	pump	v	Fluidic_motion
LU	punch	v	Cause_harm
LU	punch bowl	n	Containers
LU	punctual	a	Relative_time
LU	punctuality	n	Relative_time
LU	punctually	r	Relative_time
LU	pungent	a	Chemical-sense_description
LU	punish	v	Rewards_and_punishments
LU	punishment [act]	n	Rewards_and_punishments
LU	punishment [penalty]	n	Rewards_and_punishments
LU	punitive	a	Rewards_and_punishments
LU	punt	v	Cause_motion
LU	punt	v	Operate_vehicle
LU	puny	a	Body_description_holistic
LU	puny	a	Size
LU	pupil	n	Body_parts
LU	pupil	n	Education_teaching
LU	purchase	v	Commerce_buy
LU	purchase [act]	n	Commerce_buy
LU	purchaser	n	Commerce_buy
LU	purge	n	Removing
LU	purge	v	Emptying
LU	purge	v	Removing
LU	purl	v	Fluidic_motion
LU	purloin	v	Theft
LU	purple	a	Color
LU	purported	a	Unattributed_information
LU	purportedly	r	Unattributed_information
LU	purpose	n	Inherent_purpose
LU	purpose	n	Purpose
LU	purr	n	Sounds
LU	purr	v	Communication_noise
LU	purr	v	Make_noise
LU	purr	v	Motion_noise
LU	purse	n	Containers
LU	purse	v	Body_movement
LU	pursue	v	Cotheme
LU	pursue	v	Seeking_to_achieve
LU	pursuer	n	Cotheme
LU	pursuit	n	Cotheme
LU	pursuit	n	Seeking_to_achieve
LU	push	n	Attempt
LU	push	n	Cause_change_of_position_on_a_scale
LU	push	v	Cause_change_of_position_on_a_scale
LU	push	v	Cause_motion
LU	push	v	Manipulation
LU	push	v	Subjective_influence
LU	pustule	n	Body_mark
LU	put	v	Causation
LU	put	v	Encoding
LU	put	v	Placing
LU	put (at)	v	Estimating
LU	put an end to	v	Cause_to_end
LU	put away	v	Imprisonment
LU	put away	v	Ingestion
LU	put back	v	Ingestion
LU	put in mind (of)	v	Evoking
LU	put into words	v	Expressing_publicly
LU	put off	v	Change_event_time
LU	put on	v	Dressing
LU	put out	v	Publishing
LU	put out	v	Putting_out_fire
LU	put over	v	Change_event_time
LU	put to death	v	Execution
LU	put together	v	Building
LU	put together	v	Cooking_creation
LU	put together	v	Making_arrangements
LU	put up	v	Provide_lodging
LU	putrefy	v	Cause_to_rot
LU	putrefy	v	Rotting
LU	putrid	a	Being_rotted
LU	putter	v	Motion_noise
LU	puzzle	v	Experiencer_obj
LU	puzzle out	v	Coming_to_believe
LU	puzzlement	n	Emotion_directed
LU	pyelonephritis	n	Medical_conditions
LU	pyjama	n	Clothing
LU	pyramid	n	Buildings
LU	quack	n	Sounds
LU	quack	v	Make_noise
LU	quaff	v	Ingestion
LU	quake	n	Moving_in_place
LU	quantity	n	Quantified_mass
LU	quantity	n	Quantity
LU	quarrel	n	Quarreling
LU	quarrel	v	Quarreling
LU	quart	n	Measure_volume
LU	quarter	n	Calendric_unit
LU	quarter	n	Locale_by_characteristic_entity
LU	quarter	n	Part_whole
LU	quarter	v	Temporary_stay
LU	quarters	n	Buildings
LU	quartet	n	Aggregate
LU	queasiness	n	Biological_urge
LU	queasy	a	Biological_urge
LU	queen	n	Appellations
LU	queen	n	Leadership
LU	quench	v	Putting_out_fire
LU	query	n	Questioning
LU	query	v	Questioning
LU	quest	n	Attempt
LU	question	n	Point_of_dispute
LU	question	n	Questioning
LU	question	v	Questioning
LU	questionable	a	Being_questionable
LU	questioning	n	Questioning
LU	quibble	v	Quarreling
LU	quick	a	Speed_description
LU	quick	a	Taking_time
LU	quickie	n	Sex
LU	quickly	r	Taking_time
LU	quiet	a	Prominence
LU	quiet	a	Sound_level
LU	quiet	a	Volubility
LU	quiet	n	Becoming_silent
LU	quiet	v	Becoming_silent
LU	quiet	v	Silencing
LU	quiet down	v	Becoming_silent
LU	quiet down	v	Silencing
LU	quieten	v	Becoming_silent
LU	quintet	n	Aggregate
LU	quit	v	Activity_stop
LU	quit	v	Process_stop
LU	quit	v	Quitting
LU	quit	v	Quitting_a_place
LU	quiver	n	Moving_in_place
LU	quiver	v	Moving_in_place
LU	quiz	v	Questioning
LU	quotient	n	Non-commutative_statement
LU	qv	v	Reference_text
LU	race	n	Type
LU	radiate	v	Emanating
LU	radiate	v	Emitting
LU	radiation oncologist	n	Medical_professionals
LU	radio	v	Communication_means
LU	radio	v	Contacting
LU	radioactive	a	Nuclear_process
LU	radioactivity	n	Nuclear_process
LU	radiologist	n	Medical_professionals
LU	radiology	n	Medical_specialties
LU	raft	n	Quantified_mass
LU	raft	v	Operate_vehicle
LU	rage	v	Fire_burning
LU	rags	n	Clothing
LU	raid	n	Attack
LU	raid	v	Attack
LU	rail	n	Architectural_part
LU	rail	n	Roadways
LU	railroad	n	Roadways
LU	railway	n	Roadways
LU	raiment	n	Clothing
LU	rain	n	Precipitation
LU	rain	v	Mass_motion
LU	rain	v	Precipitation
LU	rain event	n	Precipitation
LU	raincoat	n	Clothing
LU	rainfall	n	Precipitation
LU	rainforest	n	Biological_area
LU	rainstorm	n	Weather
LU	raise	v	Building
LU	raise	v	Causation
LU	raise	v	Cause_change_of_position_on_a_scale
LU	raise	v	Growing_food
LU	rake	v	Cause_motion
LU	ram	v	Cause_impact
LU	ramble	n	Self_motion
LU	ramble	v	Speak_on_topic
LU	ramekin	n	Containers
LU	ranch	n	Locale_by_use
LU	rancid	a	Being_rotted
LU	random	a	Coincidence
LU	randomly	r	Coincidence
LU	randy	a	Biological_urge
LU	range	n	Diversity
LU	range	n	Gizmo
LU	range	n	Locale_by_use
LU	range	n	Natural_features
LU	range	n	Range
LU	range	v	Delimitation_of_diversity
LU	range [grazing]	n	Natural_features
LU	rangy	a	Body_description_holistic
LU	rank	n	Rank
LU	rank	v	Assessing
LU	rank	v	Occupy_rank
LU	rankle	v	Experiencer_obj
LU	ransack	v	Robbery
LU	ransack	v	Scouring
LU	ransack	v	Scrutiny
LU	rant	v	Communication_manner
LU	rap	n	Sounds
LU	rap	v	Cause_impact
LU	rap	v	Communication_noise
LU	rap	v	Impact
LU	rape	n	Offenses
LU	rape	n	Rape
LU	rape	v	Rape
LU	raped	a	Rape
LU	rapid	a	Duration_description
LU	rapid	a	Rate_description
LU	rapid	a	Speed_description
LU	rapid	a	Taking_time
LU	rapidly	r	Rate_description
LU	rapidly	r	Speed_description
LU	rapids	n	Natural_features
LU	rapist	n	Rape
LU	rare	a	Frequency
LU	raring	a	Desiring
LU	rash	a	Rashness
LU	rash	n	Body_mark
LU	rasp	n	Sounds
LU	rasp	v	Communication_noise
LU	rasp	v	Friction
LU	rasp	v	Make_noise
LU	rat	v	Reporting
LU	rat out	v	Reporting
LU	rate	n	Price_per_unit
LU	rate	n	Proportion
LU	rate	n	Rate_quantification
LU	rate	n	Relational_quantity
LU	rate	n	Speed_description
LU	rate	v	Assessing
LU	rather	r	Hedging
LU	ratification	n	Ratification
LU	ratify	v	Ratification
LU	rationalize	v	Justifying
LU	rattle	n	Noise_makers
LU	rattle	v	Cause_impact
LU	rattle	v	Communication_noise
LU	rattle	v	Experiencer_obj
LU	rattle	v	Impact
LU	rattle	v	Make_noise
LU	rattled	a	Emotion_directed
LU	rave	n	Social_event
LU	rave	v	Communication_manner
LU	rave	v	Judgment_communication
LU	ravenous	a	Biological_urge
LU	ravine	n	Natural_features
LU	raw	a	Degree_of_processing
LU	raze	v	Destroying
LU	reach	n	Range
LU	reach	v	Arriving
LU	reach	v	Body_movement
LU	reach	v	Change_position_on_a_scale
LU	reach	v	Contacting
LU	reach	v	Path_shape
LU	react	v	Response
LU	reaction	n	Communication_response
LU	reaction	n	Response
LU	reactor	n	Locale_by_use
LU	read	v	Categorization
LU	read	v	Hearsay
LU	read	v	Reading_activity
LU	read	v	Reading_aloud
LU	read	v	Reading_perception
LU	read out	v	Reading_aloud
LU	reader	n	Reading_perception
LU	reading	n	Linguistic_meaning
LU	ready	a	Activity_ready_state
LU	ready	v	Activity_prepare
LU	reaffirm	v	Affirm_or_deny
LU	reaffirm	v	Statement
LU	real	a	Artificiality
LU	real	a	Existence
LU	realization	n	Coming_to_believe
LU	realize	v	Coming_to_believe
LU	realm	n	Political_locales
LU	reappraisal	n	Assessing
LU	reappraise	v	Assessing
LU	rear	a	Part_orientational
LU	rear	n	Part_orientational
LU	reason	n	Causation
LU	reason	n	Reason
LU	reason	v	Reasoning
LU	reasonable	a	Mental_property
LU	reasoning	n	Reasoning
LU	reassurance	n	Reassuring
LU	reassure	v	Experiencer_obj
LU	reassure	v	Reassuring
LU	reassuring	a	Stimulus_focus
LU	reawaken	v	Rejuvenation
LU	rebel	n	Rebellion
LU	rebel	v	Rebellion
LU	rebellion	n	Change_of_leadership
LU	rebuff	n	Respond_to_proposal
LU	rebuff	v	Respond_to_proposal
LU	rebuke	n	Judgment_direct_address
LU	rebuke	v	Judgment_direct_address
LU	recall	v	Evoking
LU	recall	v	Memory
LU	recall	v	Remembering_experience
LU	receipt	n	Receiving
LU	receive	v	Receiving
LU	recent	a	Relative_time
LU	recently	r	Temporal_collocation
LU	reception	n	Social_event
LU	receptionist	n	People_by_vocation
LU	recipe [cooking]	n	Means
LU	reckon	v	Awareness
LU	recluse	n	Sociability
LU	recognize	v	Becoming_aware
LU	recollect	v	Memory
LU	recollection	n	Memory
LU	recommend	v	Attempt_suasion
LU	recompense	v	Rewards_and_punishments
LU	recondite	a	Obscurity
LU	reconnaissance	n	Scrutiny
LU	reconnoitre	v	Scrutiny
LU	record	n	Records
LU	record	n	Text
LU	record	v	Recording
LU	recording	n	Records
LU	recount	v	Statement
LU	recover	v	Recovery
LU	recovery	n	Recovery
LU	recreation	n	Stimulus_focus
LU	recriminate	v	Judgment_communication
LU	recrimination	n	Judgment_communication
LU	rector	n	Leadership
LU	recuperate	v	Recovery
LU	recuperation	n	Recovery
LU	recurrence	n	Frequency
LU	recurrent	a	Frequency
LU	recurring	a	Frequency
LU	red	a	Color
LU	red carpet	n	Hospitality
LU	red-haired	a	Body_description_part
LU	redefine	v	Communicate_categorization
LU	redefinition	n	Communicate_categorization
LU	redhead	n	Body_description_part
LU	redirect	v	Redirecting
LU	reduce	v	Cause_change_of_position_on_a_scale
LU	reduce	v	Conquering
LU	reduction	n	Cause_change_of_position_on_a_scale
LU	reduction	n	Cause_expansion
LU	reduplicate	v	Duplication
LU	reef	n	Natural_features
LU	reek	n	Chemical-sense_description
LU	reek	n	Sensation
LU	reek	v	Chemical-sense_description
LU	reek	v	Give_impression
LU	refectory	n	Building_subparts
LU	refer	v	Reference_text
LU	refer	v	Referring_by_name
LU	refer	v	Sending
LU	refer	v	Topic
LU	referential	a	Linguistic_meaning
LU	reflect	v	Cogitation
LU	reflection	n	Cogitation
LU	reform	n	Reforming_a_system
LU	reform	v	Reforming_a_system
LU	refrain	v	Forgoing
LU	refrain	v	Self_control
LU	refresh	v	Rejuvenation
LU	refrigerate	v	Cause_temperature_change
LU	refrigerate	v	Change_of_temperature
LU	refulgence	n	Light_movement
LU	refulgence	n	Location_of_light
LU	refulgent	a	Location_of_light
LU	refusal	n	Agree_or_refuse_to_act
LU	refuse	v	Agree_or_refuse_to_act
LU	refuse	v	Respond_to_proposal
LU	refute	v	Affirm_or_deny
LU	refute	v	Statement
LU	regalia	n	Accoutrements
LU	regalia	n	Clothing
LU	regard	n	Regard
LU	regard	n	Topic
LU	regard	v	Categorization
LU	regard	v	Regard
LU	regard	v	Topic
LU	regicide	n	Killing
LU	regime	n	Law
LU	regime	n	Leadership
LU	region	n	Locale
LU	regional	a	Locale
LU	register	v	Becoming_aware
LU	register	v	Recording
LU	regret	n	Experiencer_focus
LU	regret	v	Experiencer_focus
LU	regularly	r	Frequency
LU	regulate	v	Control
LU	regulation	n	Control
LU	regulation	n	Law
LU	regurgitate	v	Excreting
LU	rehabilitate	v	Cure
LU	rehabilitation	n	Cure
LU	rehabilitative	a	Cure
LU	rehearsal	n	Practice
LU	rehearsal [mass]	n	Practice
LU	rehearse	v	Practice
LU	reheat	v	Cause_temperature_change
LU	reheat	v	Change_of_temperature
LU	reign	v	Leadership
LU	reinforce	v	Cause_change_of_strength
LU	reinstate	v	Cause_to_resume
LU	reinvigorate	v	Rejuvenation
LU	reinvigoration	n	Rejuvenation
LU	reiterate	v	Statement
LU	reject	v	Respond_to_proposal
LU	rejection	n	Respond_to_proposal
LU	rejoin	v	Communication_response
LU	rejoinder	n	Communication_response
LU	rejuvenate	v	Rejuvenation
LU	rejuvenation	n	Rejuvenation
LU	relate	v	Condition_symptom_relation
LU	relate	v	Relating_concepts
LU	relate	v	Statement
LU	related	a	Cognitive_connection
LU	relation	n	Relation
LU	relationship	n	Cognitive_connection
LU	relationship	n	Personal_relationship
LU	relative	n	Kinship
LU	relaxation	n	Stimulus_focus
LU	relaxed	a	Emotion_directed
LU	relaxing	a	Stimulus_focus
LU	release	n	Releasing
LU	release	v	Publishing
LU	release	v	Releasing
LU	release [event]	n	Publishing
LU	relent	v	Giving_in
LU	relevant	a	Being_relevant
LU	reliability	n	Trust
LU	reliable	a	Trust
LU	reliance	n	Reliance
LU	relinquish	v	Surrendering_possession
LU	relish	n	Experiencer_focus
LU	relish	v	Emotions_of_mental_activity
LU	reluctant	a	Desiring
LU	reluctant	a	Willingness
LU	rely	v	Reliance
LU	remain	v	Existence
LU	remain	v	Left_to_do
LU	remain	v	Remainder
LU	remain	v	State_continue
LU	remainder	n	Left_to_do
LU	remains	n	Remainder
LU	remark	n	Statement
LU	remark	v	Statement
LU	remedy	n	Cure
LU	remedy	v	Cure
LU	remember	v	Memory
LU	remember	v	Remembering_experience
LU	remember	v	Remembering_information
LU	remember	v	Remembering_to_do
LU	remind	v	Evoking
LU	reminder	n	Evoking
LU	reminisce	v	Remembering_experience
LU	remnant	n	Remainder
LU	remonstrance	n	Judgment_communication
LU	remonstrate	v	Judgment_communication
LU	remorse	n	Contrition
LU	remorseful	a	Contrition
LU	remorseless	a	Contrition
LU	removal	n	Removing
LU	remove	v	Removing
LU	remove	v	Undressing
LU	rename	v	Name_conferral
LU	rend	v	Cause_to_fragment
LU	rend	v	Damaging
LU	render	v	Categorization
LU	render	v	Causation
LU	renege	v	Going_back_on_a_commitment
LU	renew	v	Activity_resume
LU	renew	v	Rejuvenation
LU	renounce	v	Renunciation
LU	renown	n	Fame
LU	renowned	a	Fame
LU	rent	v	Renting
LU	rent	v	Renting_out
LU	renunciation	n	Renunciation
LU	repair	v	Self_motion
LU	reparation	n	Reparation
LU	reparations	n	Fining
LU	repay	v	Repayment
LU	repayment	n	Repayment
LU	repeated	a	Event_instance
LU	repeatedly	r	Event_instance
LU	repel	v	Experiencer_obj
LU	repel	v	Repel
LU	repellent	a	Stimulus_focus
LU	repent	v	Contrition
LU	repentance	n	Contrition
LU	repentant	a	Contrition
LU	repertoire	n	Aggregate
LU	repertory	n	Aggregate
LU	replace	v	Replacing
LU	replace	v	Take_place_of
LU	replacement	n	Replacing
LU	replacement	n	Take_place_of
LU	replete	a	Abounding_with
LU	replica	n	Duplication
LU	replicate	v	Duplication
LU	reply	n	Communication_response
LU	reply	v	Communication_response
LU	repopulate	v	Colonization
LU	report	n	Statement
LU	report	n	Text
LU	report	v	Reporting
LU	report	v	Statement
LU	reportedly	r	Unattributed_information
LU	reporter	n	People_by_vocation
LU	repository	n	Building_subparts
LU	reprehend	v	Judgment_communication
LU	reprehensible	a	Judgment
LU	reprehensible	a	Praiseworthiness
LU	reprehension	n	Judgment_communication
LU	represent	v	Cause_to_perceive
LU	represent	v	Communicate_categorization
LU	representation	n	Communicate_categorization
LU	representative	n	Appellations
LU	representative	n	Leadership
LU	representative	n	Representative
LU	repress	v	Hindering
LU	repress	v	Self_control
LU	repression	n	Self_control
LU	repressive	a	Hindering
LU	reprimand	n	Judgment_direct_address
LU	reprimand	v	Judgment_direct_address
LU	reproach	n	Judgment
LU	reproach	v	Judgment_direct_address
LU	reproachful	a	Judgment
LU	reprobate	a	Morality_evaluation
LU	reprobate	n	People_by_morality
LU	reprocess	v	Processing_materials
LU	reprocessing	n	Processing_materials
LU	reproduce	v	Duplication
LU	reproof	n	Judgment_direct_address
LU	reprove	v	Judgment_direct_address
LU	reputation	n	Fame
LU	request	n	Request
LU	request	v	Request
LU	require	v	Have_as_requirement
LU	require	v	Imposing_obligation
LU	require	v	Needing
LU	required	a	Being_necessary
LU	requirement	n	Being_necessary
LU	reschedule	v	Change_event_time
LU	rescue	v	Rescuing
LU	research	n	Research
LU	research	v	Research
LU	researcher	n	People_by_vocation
LU	resemblance	n	Similarity
LU	resemble	v	Similarity
LU	resent	v	Experiencer_focus
LU	resentful	a	Emotion_directed
LU	resentment	n	Experiencer_focus
LU	reservation	n	Reserving
LU	reserve	n	Store
LU	reserve	v	Reserving
LU	reserved	a	Volubility
LU	reservoir	n	Containers
LU	reshape	v	Cause_change
LU	reside	v	Residence
LU	residence	n	Buildings
LU	resident	n	Residence
LU	resign	v	Quitting
LU	resignation	n	Quitting
LU	resist	v	Repel
LU	resist	v	Self_control
LU	resistance	n	Self_control
LU	resistant	a	Self_control
LU	resolve	v	Resolve_problem
LU	resound	v	Sound_movement
LU	respect	n	Judgment
LU	respect	v	Judgment
LU	respectful	a	Social_interaction_evaluation
LU	respire	v	Breathing
LU	respond	v	Communication_response
LU	respond	v	Response
LU	response	n	Communication_response
LU	response	n	Response
LU	responsibility	n	Being_obligated
LU	responsibility	n	Responsibility
LU	responsible	a	Causation
LU	responsible	a	Responsibility
LU	rest	n	Rest
LU	rest	n	Stimulus_focus
LU	rest	v	Placing
LU	rest	v	State_continue
LU	rest room	n	Building_subparts
LU	restart	v	Activity_resume
LU	restart	v	Cause_to_resume
LU	restart	v	Process_resume
LU	restaurant	n	Locale_by_use
LU	restitution	n	Reparation
LU	restore	v	Rejuvenation
LU	restrain	v	Hindering
LU	restrain	v	Self_control
LU	restraint	n	Hindering
LU	restraint	n	Self_control
LU	restrict	v	Deny_or_grant_permission
LU	restrict	v	Inhibit_movement
LU	restructure	v	Reforming_a_system
LU	result	n	Causation
LU	result	n	Condition_symptom_relation
LU	result	n	Earnings_and_losses
LU	result	n	Resolve_problem
LU	result	v	Condition_symptom_relation
LU	result	v	Medical_intervention
LU	result (in)	v	Causation
LU	resultant	a	Causation
LU	resulting	a	Causation
LU	resume	v	Activity_resume
LU	resume	v	Cause_to_resume
LU	resume	v	Process_resume
LU	resurrect	v	Resurrection
LU	resurrection	n	Resurrection
LU	resuscitate	v	Cure
LU	resuscitate	v	Rejuvenation
LU	resuscitation	n	Rejuvenation
LU	retail	v	Commerce_sell
LU	retailer	n	Commerce_sell
LU	retain	v	Hiring
LU	retain	v	Memory
LU	retain	v	Retaining
LU	retaliate	v	Revenge
LU	retaliation	n	Revenge
LU	retard	v	Hindering
LU	retch	v	Excreting
LU	reticence	n	Volubility
LU	reticent	a	Volubility
LU	reticule	n	Containers
LU	retinue	n	Entourage
LU	retire	v	Quitting
LU	retirement	n	Quitting
LU	retort	n	Communication_response
LU	retort	v	Communication_response
LU	retreat	n	Quitting_a_place
LU	retreat	v	Quitting_a_place
LU	retribution	n	Revenge
LU	retributive	a	Revenge
LU	retributory	a	Revenge
LU	return	n	Arriving
LU	return	v	Arriving
LU	return	v	Resurrection
LU	reveal	v	Evidence
LU	reveal	v	Reveal_secret
LU	revelation	n	Reveal_secret
LU	revenge	n	Revenge
LU	revenge	v	Revenge
LU	revengeful	a	Revenge
LU	revenger	n	Revenge
LU	revenue	n	Earnings_and_losses
LU	reverberate	v	Sound_movement
LU	revere	v	Judgment
LU	reverence	n	Judgment
LU	revisit	v	Visiting
LU	revitalization	n	Rejuvenation
LU	revitalize	v	Rejuvenation
LU	revival	n	Rejuvenation
LU	revive	v	Cause_to_resume
LU	revive	v	Waking_up
LU	revolt	n	Change_of_leadership
LU	revolt	v	Change_of_leadership
LU	revolt	v	Experiencer_obj
LU	revolted	a	Emotion_directed
LU	revolting	a	Stimulus_focus
LU	revolution	n	Change_of_leadership
LU	revolutionary	n	Change_of_leadership
LU	revolutionary	n	Revolution
LU	revolver	n	Weapon
LU	revulsion	n	Emotion_directed
LU	reward	n	Rewards_and_punishments
LU	reward	v	Rewards_and_punishments
LU	rheumatologist	n	Medical_professionals
LU	rheumatology	n	Medical_specialties
LU	rhyme	n	Text
LU	rhyme	v	Compatibility
LU	rhythm	n	Temporal_pattern
LU	rhythmic	a	Temporal_pattern
LU	rhythmically	r	Temporal_pattern
LU	ribbon	n	Accoutrements
LU	ribbon	n	Connectors
LU	ribbon	n	Shapes
LU	rich	a	Position_on_a_scale
LU	rich	a	Stimulus_focus
LU	rich	a	Wealthiness
LU	rictus	n	Facial_expression
LU	rid	v	Emptying
LU	ride	n	Ride_vehicle
LU	ride	v	Operate_vehicle
LU	ride	v	Ride_vehicle
LU	ride out	v	Surviving
LU	ridge	n	Natural_features
LU	ridicule	n	Judgment_communication
LU	ridicule	v	Judgment_communication
LU	ridiculous	a	Mental_property
LU	rife	a	Abounding_with
LU	rifle	n	Weapon
LU	rifle	v	Robbery
LU	rifle	v	Scouring
LU	rifle	v	Scrutiny
LU	right	a	Correctness
LU	right	a	Morality_evaluation
LU	right	a	Part_orientational
LU	right	a	Suitability
LU	right	n	Change_direction
LU	right	n	Part_orientational
LU	right	r	Direction
LU	right [landmark-based]	n	Non-gradable_proximity
LU	right [viewpoint-based]	n	Non-gradable_proximity
LU	right away	r	Time_vector
LU	righteous	a	Morality_evaluation
LU	rile	v	Experiencer_obj
LU	riled	a	Emotion_directed
LU	rill	n	Natural_features
LU	rim	v	Surrounding
LU	rind	n	Shaped_part
LU	ring	n	Accoutrements
LU	ring	v	Cause_to_make_noise
LU	ring	v	Contacting
LU	ring	v	Make_noise
LU	ring	v	Surrounding
LU	ring a bell	v	Evoking
LU	ring up	v	Contacting
LU	ringer	n	Cause_to_make_noise
LU	ringer	n	Similarity
LU	rinse	v	Removing
LU	riot	n	Chaos
LU	rip	v	Cause_to_fragment
LU	rip	v	Damaging
LU	rip	v	Judgment_communication
LU	rip	v	Removing
LU	rip	v	Self_motion
LU	rip up	v	Cause_to_fragment
LU	riposte	n	Communication_response
LU	rise	n	Change_position_on_a_scale
LU	rise	n	Sidereal_appearance
LU	rise	v	Change_position_on_a_scale
LU	rise	v	Change_posture
LU	rise	v	Dough_rising
LU	rise	v	Getting_up
LU	rise	v	Motion_directional
LU	rise	v	Path_shape
LU	rise	v	Resurrection
LU	rise	v	Rising_to_a_challenge
LU	rise	v	Sidereal_appearance
LU	rise to the occasion	v	Rising_to_a_challenge
LU	rising	n	Change_of_leadership
LU	risk	n	Being_at_risk
LU	risk	n	Daring
LU	risk	n	Risky_situation
LU	risk	n	Run_risk
LU	risk	v	Daring
LU	risk	v	Run_risk
LU	riskily	r	Risky_situation
LU	risky	a	Risky_situation
LU	rite	n	Rite
LU	rite of passage	n	Rite
LU	ritual	n	Custom
LU	ritual	n	Rite
LU	ritualistic	a	Custom
LU	rival	n	Competition
LU	rival	v	Evaluative_comparison
LU	rivalry	n	Competition
LU	rive	v	Cause_to_fragment
LU	river	n	Natural_features
LU	rivet	v	Attaching
LU	riveted	a	Being_attached
LU	road	n	Roadways
LU	road-block	n	Change_accessibility
LU	roadside bomb	n	Improvised_explosive_device
LU	roadway	n	Roadways
LU	roam	v	Self_motion
LU	roar	n	Sounds
LU	roar	v	Communication_noise
LU	roar	v	Make_noise
LU	roar	v	Motion_noise
LU	roast	v	Absorb_heat
LU	roast	v	Apply_heat
LU	roast	v	Cooking_creation
LU	roasting	n	Apply_heat
LU	roasting	n	Cooking_creation
LU	rob	v	Robbery
LU	rob blind	v	Robbery
LU	robber	n	Robbery
LU	robbery	n	Offenses
LU	robbery	n	Robbery
LU	robe	n	Clothing
LU	robed	a	Wearing
LU	robust	a	Level_of_force_resistance
LU	robustness	n	Level_of_force_resistance
LU	rock	v	Cause_to_move_in_place
LU	rock	v	Desirability
LU	rock	v	Moving_in_place
LU	rocket	n	Weapon
LU	rocket	v	Change_position_on_a_scale
LU	rodomontade	n	Bragging
LU	rodomontade	v	Bragging
LU	role	n	Performers_and_roles
LU	roll	n	Food
LU	roll	v	Body_movement
LU	roll	v	Cause_motion
LU	roll	v	Cause_to_move_in_place
LU	roll	v	Mass_motion
LU	roll	v	Motion
LU	roll	v	Moving_in_place
LU	roll	v	Reshaping
LU	roll	v	Sound_movement
LU	roll (into)	v	Manipulate_into_shape
LU	roman	a	Origin
LU	romance	n	Personal_relationship
LU	romp	v	Self_motion
LU	roof	n	Architectural_part
LU	room	n	Building_subparts
LU	room	v	Residence
LU	room	v	Temporary_stay
LU	room-mate	n	Residence
LU	roomful	n	Measure_volume
LU	roommate	n	People_by_residence
LU	rope	n	Connectors
LU	rosacea	n	Medical_conditions
LU	rot	n	Rotting
LU	rot	v	Cause_to_rot
LU	rot	v	Rotting
LU	rotate	v	Cause_to_move_in_place
LU	rotate	v	Moving_in_place
LU	rotted	a	Being_rotted
LU	rotten	a	Being_rotted
LU	rotten	a	Desirability
LU	rotunda	n	Buildings
LU	rouge	n	Body_decoration
LU	rough	a	Version_sequence
LU	roughly	r	Proportional_quantity
LU	round	a	Shapes
LU	round	n	Ammunition
LU	round	v	Path_shape
LU	round up	v	Gathering_up
LU	rouse	v	Cause_to_wake
LU	rousing	a	Stimulus_focus
LU	roust	v	Removing
LU	rout	n	Beat_opponent
LU	rout	v	Beat_opponent
LU	route	n	Roadways
LU	route	v	Sending
LU	rove	v	Self_motion
LU	row	n	Hostile_encounter
LU	row	n	Quarreling
LU	row	n	Shapes
LU	row	v	Bringing
LU	row	v	Operate_vehicle
LU	row	v	Quarreling
LU	rub	v	Cause_bodily_experience
LU	rub	v	Manipulation
LU	rub	v	Placing
LU	rubella	n	Medical_conditions
LU	rucksack	n	Containers
LU	rude	a	Social_interaction_evaluation
LU	rudeness	n	Social_interaction_evaluation
LU	rue	v	Contrition
LU	rue	v	Experiencer_focus
LU	rueful	a	Contrition
LU	rueful	a	Experiencer_focus
LU	ruffled	a	Emotion_directed
LU	rugged	a	Natural_features
LU	ruin	v	Bungling
LU	ruin	v	Destroying
LU	rule	n	Leadership
LU	rule	v	Being_in_control
LU	rule	v	Dominate_situation
LU	rule	v	Leadership
LU	rule	v	Legal_rulings
LU	rule out	v	Deciding
LU	rule out	v	Evidence
LU	ruler	n	Leadership
LU	ruling	n	Documents
LU	ruling	n	Verdict
LU	rumble	v	Communication_noise
LU	rumble	v	Motion_noise
LU	ruminate	v	Cogitation
LU	rummage	v	Scouring
LU	rummage	v	Scrutiny
LU	rumor	n	Unattributed_information
LU	rumor	v	Unattributed_information
LU	rump	n	Body_parts
LU	rumpus room	n	Building_subparts
LU	run	v	Cause_impact
LU	run	v	Cause_motion
LU	run	v	Fluidic_motion
LU	run	v	Impact
LU	run	v	Leadership
LU	run	v	Operating_a_system
LU	run	v	Path_shape
LU	run	v	Self_motion
LU	run (through)	v	Practice
LU	run away	v	Fleeing
LU	run off	v	Duplication
LU	run out	v	Expend_resource
LU	run through	v	Cause_harm
LU	run-through	n	Practice
LU	runway	n	Roadways
LU	rural	a	Locale_by_use
LU	rush	v	Fluidic_motion
LU	rush	v	Self_motion
LU	rush hour	n	Calendric_unit
LU	russian	a	Origin
LU	rust	v	Corroding
LU	rust	v	Corroding_caused
LU	rustle	n	Sounds
LU	rustle	v	Cause_impact
LU	rustle	v	Make_noise
LU	rustle	v	Motion_noise
LU	rustle	v	Theft
LU	sabbatical	n	Temporary_leave
LU	sabotage	n	Offenses
LU	sabotage	v	Damaging
LU	sabotage	v	Subversion
LU	sack	n	Containers
LU	sack	v	Firing
LU	sackful	n	Measure_volume
LU	sacrament	n	Rite
LU	sacrifice	n	Rite
LU	sacrifice	v	Rite
LU	sacrifice	v	Sacrificing_for
LU	sacristy	n	Building_subparts
LU	sad	a	Emotion_directed
LU	sad	a	Stimulus_focus
LU	sadden	v	Experiencer_obj
LU	saddened	a	Emotion_directed
LU	saddening	a	Stimulus_focus
LU	sadness	n	Emotion_directed
LU	safari	n	Travel
LU	safe	a	Being_at_risk
LU	safe	a	Risky_situation
LU	safe	n	Containers
LU	safe house	n	Locale_by_use
LU	safeguard	n	Protecting
LU	safeguard	v	Protecting
LU	safely	r	Risky_situation
LU	safety	n	Being_at_risk
LU	safire	n	Attack
LU	saga	n	Text
LU	sagacious	a	Mental_property
LU	sage	a	Mental_property
LU	sail	v	Operate_vehicle
LU	sail	v	Ride_vehicle
LU	sail	v	Self_motion
LU	sailor	n	Member_of_military
LU	saint	n	People_by_morality
LU	sale	n	Commerce_sell
LU	salesman	n	People_by_vocation
LU	salesperson	n	People_by_vocation
LU	saleswoman	n	People_by_vocation
LU	salient	a	Prominence
LU	sally	v	Quitting_a_place
LU	salmon	n	Food
LU	salon	n	Building_subparts
LU	salt	v	Preserving
LU	salty	a	Chemical-sense_description
LU	salver	n	Containers
LU	same	a	Identicality
LU	samovar	n	Containers
LU	sanction	n	Revenge
LU	sanction	v	Prohibiting_or_licensing
LU	sanction [allow]	v	Deny_or_grant_permission
LU	sand	n	Substance
LU	sandal	n	Clothing
LU	sandbank	n	Natural_features
LU	sandbar	n	Natural_features
LU	sandspit	n	Natural_features
LU	sapid	a	Chemical-sense_description
LU	sarcophagus	n	Containers
LU	sari	n	Clothing
LU	sarong	n	Clothing
LU	sash	n	Accoutrements
LU	sash	n	Clothing_parts
LU	sashay	v	Self_motion
LU	satchel	n	Containers
LU	sated	a	Biological_urge
LU	satins	n	Clothing
LU	satisfaction	n	Experiencer_focus
LU	satisfied	a	Emotions_success_or_failure
LU	satisfied	a	Experiencer_focus
LU	satisfy	v	Experiencer_obj
LU	satisfy	v	Satisfying
LU	satisfying	a	Stimulus_focus
LU	satrap	n	Leadership
LU	saturate	v	Cause_to_be_wet
LU	saturated	a	Being_wet
LU	sauce	n	Food
LU	saudi	a	Origin
LU	saunter	v	Self_motion
LU	saute	v	Absorb_heat
LU	saute	v	Apply_heat
LU	savagery	n	Violence
LU	savanna	n	Biological_area
LU	save	v	Rescuing
LU	savory	a	Chemical-sense_description
LU	savour	n	Sensation
LU	savour	v	Emotions_of_mental_activity
LU	savour	v	Perception_active
LU	saxophone	n	Noise_makers
LU	say	v	Communication
LU	say	v	Spelling_and_pronouncing
LU	say	v	Statement
LU	say	v	Text_creation
LU	scads	n	Quantified_mass
LU	scald	v	Apply_heat
LU	scalding	a	Temperature
LU	scalp	v	Emptying
LU	scalpel	n	Medical_instruments
LU	scamper	v	Self_motion
LU	scan	v	Reading_perception
LU	scan	v	Scrutiny
LU	scar	n	Body_mark
LU	scarce	a	Scarcity
LU	scarceness	n	Scarcity
LU	scarcity	n	Scarcity
LU	scare	v	Experiencer_obj
LU	scared	a	Fear
LU	scarf	n	Clothing
LU	scarlet	a	Color
LU	scarper	v	Escaping
LU	scary	a	Stimulus_focus
LU	scathing	a	Judgment_communication
LU	scatter	v	Dispersal
LU	scatter	v	Filling
LU	scene	n	Locale_by_event
LU	scene	n	Sensation
LU	scent	n	Chemical-sense_description
LU	scent	n	Sensation
LU	schedule	n	Timetable
LU	schedule	v	Scheduling
LU	scheme	n	Project
LU	schizophrenia	n	Medical_conditions
LU	schlep	v	Bringing
LU	scholar	n	People_by_vocation
LU	school	n	Aggregate
LU	school	n	Locale_by_use
LU	school	v	Education_teaching
LU	school year	n	Calendric_unit
LU	schoolmaster	n	Education_teaching
LU	schoolmistress	n	Education_teaching
LU	schoolteacher	n	Education_teaching
LU	schooner	n	Vehicle
LU	sciatica	n	Medical_conditions
LU	science	n	Craft
LU	scientist	n	People_by_vocation
LU	scintillate	v	Light_movement
LU	scintillate	v	Location_of_light
LU	scintillation	n	Light_movement
LU	scintillation	n	Location_of_light
LU	scion	n	Kinship
LU	scoff	v	Judgment_communication
LU	scold	v	Judgment_direct_address
LU	scoop	n	Information
LU	scoop	n	Measure_volume
LU	scoopful	n	Measure_volume
LU	scoot	v	Cause_motion
LU	scoot	v	Self_motion
LU	scooter	n	Vehicle
LU	scope	n	Diversity
LU	scope	n	Scope
LU	scorch	v	Absorb_heat
LU	scorch	v	Apply_heat
LU	scorcher	n	Ambient_temperature
LU	score	n	Behind_the_scenes
LU	score	n	Cardinal_numbers
LU	score	v	Damaging
LU	score	v	Getting
LU	scores	n	Quantified_mass
LU	scorn	n	Judgment
LU	scorn	v	Judgment
LU	scornful	a	Judgment
LU	scour	v	Scouring
LU	scour	v	Scrutiny
LU	scourge	v	Corporal_punishment
LU	scout	v	Scrutiny
LU	scowl	n	Facial_expression
LU	scowl	v	Making_faces
LU	scramble	n	Self_motion
LU	scramble	v	Self_motion
LU	scrap	n	Part_piece
LU	scrape	n	Predicament
LU	scrape	n	Sounds
LU	scrape	v	Damaging
LU	scrape	v	Experience_bodily_harm
LU	scrape	v	Friction
LU	scrape	v	Make_noise
LU	scrape	v	Removing
LU	scratch	v	Cause_bodily_experience
LU	scratch	v	Damaging
LU	scrawny	a	Body_description_holistic
LU	scream	v	Communication_noise
LU	scream	v	Make_noise
LU	screech	n	Sounds
LU	screech	v	Communication_noise
LU	screech	v	Friction
LU	screech	v	Make_noise
LU	screech	v	Motion_noise
LU	screen	v	Eclipse
LU	screened	a	Eclipse
LU	screenplay	n	Text
LU	screw	n	Connectors
LU	screw up	v	Bungling
LU	screw-up [event]	n	Bungling
LU	screw-up [person]	n	Bungling
LU	scrimp	v	Frugality
LU	script	n	Text
LU	scrub	n	Biological_area
LU	scrumptious	a	Chemical-sense_description
LU	scrunch	n	Sounds
LU	scrunch	v	Body_movement
LU	scrunch	v	Friction
LU	scrunch	v	Make_noise
LU	scrunch	v	Reshaping
LU	scrutinize	v	Scrutiny
LU	scrutiny	n	Scrutiny
LU	scuffle	n	Hostile_encounter
LU	scuffle	v	Hostile_encounter
LU	scullery	n	Building_subparts
LU	sculpt	v	Create_physical_artwork
LU	sculpture	n	Physical_artworks
LU	scurry	v	Self_motion
LU	scuttle	v	Self_motion
LU	sea	n	Natural_features
LU	seaboard	n	Relational_natural_features
LU	seal	n	Fastener
LU	seal	v	Closure
LU	seal	v	Hunting
LU	seal (one's) lips	v	Becoming_silent
LU	seam	n	Clothing_parts
LU	seamount	n	Natural_features
LU	sear	v	Absorb_heat
LU	sear	v	Apply_heat
LU	search	n	Scrutiny
LU	search	v	Scrutiny
LU	seat	n	Clothing_parts
LU	seat	n	Vehicle_subpart
LU	seat	v	Capacity
LU	seatbelt	n	Vehicle_subpart
LU	seated	a	Posture
LU	second	a	Ordinal_numbers
LU	second	n	Calendric_unit
LU	second	n	Measure_duration
LU	second-rate	a	Desirability
LU	secret	a	Secrecy_status
LU	secretary	n	Appellations
LU	secretary	n	Leadership
LU	secrete	v	Emanating
LU	secrete	v	Emitting
LU	secretive	a	Candidness
LU	secretly	r	Secrecy_status
LU	sect	n	Offshoot
LU	section	n	Part_whole
LU	section	v	Separating
LU	sector	n	Fields
LU	secure	a	Being_at_risk
LU	secure	v	Attaching
LU	secure	v	Getting
LU	secure	v	Protecting
LU	secure	v	Taking_captive
LU	security	n	Being_at_risk
LU	sedan	n	Vehicle
LU	sedative	n	Intoxicants
LU	see	n	Relational_political_locales
LU	see	v	Categorization
LU	see	v	Causation
LU	see	v	Condition_symptom_relation
LU	see	v	Eventive_affecting
LU	see	v	Grasp
LU	see	v	Perception_experience
LU	see	v	Reference_text
LU	see	v	Touring
LU	see (through)	v	See_through
LU	see eye to eye	v	Be_in_agreement_on_assessment
LU	seed	v	Emptying
LU	seed	v	Filling
LU	seeing	v	Personal_relationship
LU	seek	v	Seeking
LU	seek	v	Seeking_to_achieve
LU	seem	v	Give_impression
LU	seep	v	Fluidic_motion
LU	seesaw	v	Cause_to_move_in_place
LU	seethe	v	Emotion_heat
LU	segment	n	Part_whole
LU	segment	v	Separating
LU	segregate	v	Separating
LU	seize	v	Manipulation
LU	seize	v	Taking
LU	seizure	n	Taking
LU	seldom	r	Frequency
LU	select	v	Choosing
LU	selection	n	Choosing
LU	self	n	Proper_reference
LU	sell	v	Commerce_sell
LU	sell short	v	Short_selling
LU	seller	n	Commerce_sell
LU	semaphore	v	Communication_means
LU	senate	n	Leadership
LU	senator	n	People_by_vocation
LU	send	v	Causation
LU	send	v	Sending
LU	send up	v	Sentencing
LU	senior	a	Subordinates_and_superiors
LU	sensation	n	Sensation
LU	sensational	a	Desirability
LU	sense	n	Feeling
LU	sense	n	Linguistic_meaning
LU	sense	n	Mental_property
LU	sense	n	Opinion
LU	sense	n	Sensation
LU	sense	v	Perception_experience
LU	sense (of humor)	n	Inclination
LU	sensible	a	Mental_property
LU	sensitive	a	Health_response
LU	sensitivity	n	Health_response
LU	sentence	n	Sentencing
LU	sentence	v	Sentencing
LU	separate	v	Becoming_separated
LU	separate	v	Differentiation
LU	separate	v	Forming_relationships
LU	separate	v	Separating
LU	separation	n	Forming_relationships
LU	sequence	n	Sequence
LU	sequential	a	Sequence
LU	series	n	Sequence
LU	serious	a	Importance
LU	seriously	r	Importance
LU	sermon	n	Text
LU	sermonize	v	Speak_on_topic
LU	servant	n	People_by_vocation
LU	servant	n	Subordinates_and_superiors
LU	serve	n	Sports_jargon
LU	serve	v	Assistance
LU	serve	v	Being_incarcerated
LU	serve	v	Capacity
LU	serve	v	Function
LU	serve	v	Offering
LU	serve	v	Serving_in_capacity
LU	serve	v	Subordinates_and_superiors
LU	serve	v	Successful_action
LU	serve	v	Sufficiency
LU	serve (one's) time	v	Being_incarcerated
LU	server	n	People_by_vocation
LU	service	n	Public_services
LU	service	n	Rite
LU	service member	n	Member_of_military
LU	set	a	Activity_ready_state
LU	set	n	Aggregate
LU	set	v	Bail_decision
LU	set	v	Cause_change_of_consistency
LU	set	v	Change_of_consistency
LU	set	v	Placing
LU	set (upon)	v	Attack
LU	set ablaze	v	Setting_fire
LU	set about	v	Activity_start
LU	set alight	v	Setting_fire
LU	set back	v	Expensiveness
LU	set down	v	Cause_to_land
LU	set down	v	Vehicle_landing
LU	set fire	v	Setting_fire
LU	set free	v	Releasing
LU	set off	v	Cause_to_start
LU	set off	v	Setting_out
LU	set off	v	Triggering
LU	set on fire	v	Setting_fire
LU	set out	v	Setting_out
LU	set store	v	Judgment
LU	set up	v	Arranging
LU	set up	v	Intentionally_create
LU	set up	v	Making_arrangements
LU	set up	v	Scheduling
LU	settle	v	Colonization
LU	settle	v	Make_agreement_on_action
LU	settle on	v	Choosing
LU	settlement	n	Locale_by_use
LU	settlement [act]	n	Colonization
LU	settlement [entity]	n	Colonization
LU	settler	n	Colonization
LU	seventeenth	a	Ordinal_numbers
LU	sever	v	Separating
LU	several	a	Quantified_mass
LU	several	n	Quantified_mass
LU	severe	a	Gradable_artistic_quality
LU	severe	a	Judgment_of_intensity
LU	severe	a	Strictness
LU	sew	v	Attaching
LU	sewn	a	Being_attached
LU	sex	n	Sex
LU	sextet	n	Aggregate
LU	sexual assault	n	Offenses
LU	sexual harassment	n	Offenses
LU	sexually assault	v	Rape
LU	shack	n	Buildings
LU	shack up	v	Residence
LU	shackle	v	Attaching
LU	shackle	v	Immobilization
LU	shackled	a	Being_attached
LU	shade	n	Type
LU	shadow	n	Optical_image
LU	shadow	v	Cotheme
LU	shadowy	a	Secrecy_status
LU	shady	a	Level_of_light
LU	shag	v	Sex
LU	shah	n	Appellations
LU	shah	n	Leadership
LU	shake	v	Body_movement
LU	shake	v	Cause_to_move_in_place
LU	shake	v	Experiencer_obj
LU	shake	v	Moving_in_place
LU	shako	n	Accoutrements
LU	shall	v	Required_event
LU	shaman	n	Medical_professionals
LU	shame	v	Experiencer_obj
LU	shameful	a	Disgraceful_situation
LU	shampoo	v	Grooming
LU	shanghai	v	Kidnapping
LU	shanty	n	Buildings
LU	shape	n	Shapes
LU	shape	v	Reshaping
LU	shape up	v	Improvement_or_decline
LU	shard	n	Part_piece
LU	share	n	Capital_stock
LU	share	v	Commonality
LU	share	v	Communication
LU	share	v	Sharing
LU	shared	a	Commonality
LU	sharp	a	Sharpness
LU	sharpen	v	Cause_to_be_sharp
LU	shatter	v	Breaking_apart
LU	shatter	v	Cause_to_fragment
LU	shave	v	Grooming
LU	shave	v	Removing
LU	shawl	n	Clothing
LU	sheathe	v	Placing
LU	shebang	n	Buildings
LU	shed	n	Buildings
LU	shed	v	Undressing
LU	sheen	n	Light_movement
LU	sheen	n	Location_of_light
LU	sheep	n	Animals
LU	sheet	n	Shapes
LU	sheik	n	Appellations
LU	sheik	n	Leadership
LU	shelf	n	Natural_features
LU	shell	n	Ammunition
LU	shell	n	Part_inner_outer
LU	shell	n	Weapon
LU	shell out	v	Commerce_pay
LU	shellfish	n	Food
LU	shelter	n	Buildings
LU	shelter	n	Protecting
LU	shelter	v	Protecting
LU	shelve	v	Placing
LU	shepherd	v	Cotheme
LU	shield	n	Protecting
LU	shield	v	Protecting
LU	shift	n	Change_position_on_a_scale
LU	shift	n	Clothing
LU	shift	n	Undergo_change
LU	shift	v	Cause_change
LU	shift	v	Change_position_on_a_scale
LU	shift	v	Undergo_change
LU	shimmer	v	Light_movement
LU	shimmer	v	Location_of_light
LU	shindig	n	Social_event
LU	shine	n	Light_movement
LU	shine	n	Location_of_light
LU	shine	v	Light_movement
LU	shine	v	Location_of_light
LU	shining	a	Location_of_light
LU	shiny	a	Location_of_light
LU	ship	n	Vehicle
LU	ship	v	Sending
LU	shipment	n	Sent_items
LU	shipment [act]	n	Sending
LU	shipment [items]	n	Sending
LU	shipping	n	Sending
LU	shirk	v	Avoiding
LU	shirt	n	Clothing
LU	shirtless	a	Wearing
LU	shit	n	Desirability
LU	shit	v	Excreting
LU	shit	v	Prevarication
LU	shitcan	v	Firing
LU	shitload	n	Quantified_mass
LU	shitty	a	Desirability
LU	shiver	v	Body_movement
LU	shiver	v	Cause_to_fragment
LU	shoal	n	Aggregate
LU	shoal	n	Natural_features
LU	shock	n	Just_found_out
LU	shock	n	Medical_conditions
LU	shock	v	Experiencer_obj
LU	shocked	a	Just_found_out
LU	shocker	n	Experiencer_obj
LU	shocking	a	Stimulus_focus
LU	shoe	n	Clothing
LU	shoelace	n	Clothing_parts
LU	shoelace	n	Connectors
LU	shoeless	a	Wearing
LU	shoot	v	Behind_the_scenes
LU	shoot	v	Hit_target
LU	shoot	v	Ingest_substance
LU	shoot	v	Shoot_projectiles
LU	shoot	v	Use_firearm
LU	shoot down	v	Downing
LU	shoot the breeze	v	Chatting
LU	shooter	n	Weapon
LU	shooting	n	Killing
LU	shootout	n	Hostile_encounter
LU	shop	n	Businesses
LU	shop	n	Locale_by_use
LU	shop	v	Shopping
LU	shoplift	v	Theft
LU	shoplifter	n	Theft
LU	shoplifting	n	Theft
LU	shopping	n	Shopping
LU	shore	n	Relational_natural_features
LU	shoreline	n	Relational_natural_features
LU	short	a	Body_description_holistic
LU	short	a	Duration_description
LU	short	a	Measurable_attributes
LU	shorten	v	Change_event_duration
LU	shorts	n	Clothing
LU	shot	n	Attempt
LU	shot	n	Use_firearm
LU	shotgun	n	Weapon
LU	should	v	Desirable_event
LU	shoulder	n	Body_parts
LU	shoulder	v	Placing
LU	shoulder	v	Self_motion
LU	shout	v	Communication_manner
LU	shove	v	Cause_motion
LU	show	v	Cause_to_perceive
LU	show	v	Condition_symptom_relation
LU	show	v	Cotheme
LU	show	v	Evidence
LU	show	v	Finish_competition
LU	show	v	Obviousness
LU	show	v	Reasoning
LU	show up	v	Obviousness
LU	showdown	n	Hostile_encounter
LU	shower	n	Precipitation
LU	shower	v	Filling
LU	shower	v	Grooming
LU	shower	v	Mass_motion
LU	shower	v	Placing
LU	shower	v	Precipitation
LU	shred	n	Part_piece
LU	shred	v	Cause_to_fragment
LU	shred	v	Grinding
LU	shredded	a	Ground_up
LU	shrewd	a	Mental_property
LU	shriek	v	Communication_noise
LU	shrill	v	Communication_noise
LU	shrimp	n	Food
LU	shrink	v	Cause_expansion
LU	shrink	v	Expansion
LU	shrink	v	Posture
LU	shrink	v	Self_motion
LU	shrink from	v	Avoiding
LU	shroud	v	Eclipse
LU	shroud	v	Hiding_objects
LU	shrouded	a	Eclipse
LU	shrubbery	n	Biological_area
LU	shrug	v	Body_movement
LU	shudder	v	Body_movement
LU	shuffle	n	Self_motion
LU	shuffle	v	Body_movement
LU	shuffle	v	Self_motion
LU	shun	v	Avoiding
LU	shush	v	Becoming_silent
LU	shush	v	Silencing
LU	shut	v	Body_movement
LU	shut down	v	Locale_closure
LU	shut down	v	Process_stop
LU	shut off	v	Change_operational_state
LU	shut up	v	Becoming_silent
LU	shut up	v	Inhibit_movement
LU	shut up	v	Silencing
LU	shut-eye	n	Sleep
LU	shutdown	n	Process_stop
LU	shuttle	v	Bringing
LU	shy	a	Sociability
LU	sibling	n	Kinship
LU	sick	a	Biological_urge
LU	sick	a	Medical_conditions
LU	sicken	v	Experiencer_obj
LU	sickened	a	Emotion_directed
LU	sickening	a	Stimulus_focus
LU	sickness	n	Medical_conditions
LU	side	n	Part_orientational
LU	side	n	Taking_sides
LU	side	v	Taking_sides
LU	side-splitting	a	Stimulus_focus
LU	sidestep	n	Avoiding
LU	sidestep	n	Dodging
LU	sidestep	v	Avoiding
LU	sidestep	v	Dodging
LU	sidewalk	n	Roadways
LU	sidle	v	Self_motion
LU	siege	n	Besieging
LU	siege	v	Besieging
LU	sift	v	Scouring
LU	sift	v	Scrutiny
LU	sigh	n	Breathing
LU	sigh	v	Breathing
LU	sight	n	Range
LU	sight	n	Sensation
LU	sight seer	n	Touring
LU	sight-see	v	Touring
LU	sights	n	Touring
LU	sigmoidoscope	n	Medical_instruments
LU	sign	n	Sign
LU	sign	v	Hiring
LU	sign	v	Sign_agreement
LU	sign	v	Text_creation
LU	sign on	v	Get_a_job
LU	sign on	v	Hiring
LU	sign up	v	Becoming_a_member
LU	sign up	v	Hiring
LU	signal	n	Gesture
LU	signal	v	Communication
LU	signal	v	Gesture
LU	signaller	n	People_by_military_specialty
LU	signatory	n	Sign_agreement
LU	signature	a	Distinctiveness
LU	signature	n	Distinctiveness
LU	signature	n	Sign_agreement
LU	significance	n	Importance
LU	significance	n	Probability
LU	significant	a	Importance
LU	significant other	n	Personal_relationship
LU	signify	v	Sign
LU	silence	v	Becoming_silent
LU	silence	v	Killing
LU	silence	v	Silencing
LU	silent	a	Volubility
LU	silhouette	n	Optical_image
LU	silks	n	Clothing
LU	silo	n	Locale_by_use
LU	similar	a	Similarity
LU	similarity [count]	n	Similarity
LU	similarity [mass]	n	Similarity
LU	simmer	v	Absorb_heat
LU	simmer	v	Apply_heat
LU	simmer	v	Emotion_heat
LU	simmering	n	Apply_heat
LU	simper	v	Communication_manner
LU	simple	a	System_complexity
LU	simulate	v	Feigning
LU	simultaneity	n	Simultaneity
LU	simultaneous	a	Simultaneity
LU	simultaneously	r	Simultaneity
LU	sin	n	Misdeed
LU	sin	v	Misdeed
LU	since	r	Time_vector
LU	sincere	a	Candidness
LU	sinful	a	Morality_evaluation
LU	sing	v	Communication_manner
LU	singe	v	Absorb_heat
LU	singe	v	Apply_heat
LU	singer	n	People_by_vocation
LU	single	a	Personal_relationship
LU	single	a	Sole_instance
LU	singly	r	Accompaniment
LU	sinner	n	People_by_morality
LU	sip	n	Ingestion
LU	sip	v	Ingestion
LU	sir	n	Attention_getting
LU	sire	v	Giving_birth
LU	siren	n	Noise_makers
LU	sister	n	Appellations
LU	sister	n	Co-association
LU	sister	n	Kinship
LU	sister-in-law	n	Kinship
LU	sit	v	Being_located
LU	sit	v	Change_posture
LU	sit	v	Placing
LU	sit	v	Posture
LU	sit down	v	Change_posture
LU	sit up	v	Change_posture
LU	site	n	Locale
LU	site	n	Locale_by_event
LU	site	n	Locale_by_use
LU	sitting room	n	Building_subparts
LU	situate	v	Placing
LU	situated	a	Being_located
LU	six-shooter	n	Weapon
LU	sixteenth	a	Ordinal_numbers
LU	sizable	a	Size
LU	sizzle	n	Sounds
LU	sizzle	v	Absorb_heat
LU	sizzle	v	Make_noise
LU	skate	v	Operate_vehicle
LU	skedaddle	v	Departing
LU	skedaddle	v	Quitting_a_place
LU	skeptic	n	Certainty
LU	skeptical	a	Certainty
LU	skepticism	n	Certainty
LU	skerry	n	Natural_features
LU	sketch	v	Create_representation
LU	skilful	a	Expertise
LU	skill	n	Expertise
LU	skilled	a	Expertise
LU	skim	v	Reading_perception
LU	skim	v	Removing
LU	skim	v	Scrutiny
LU	skim	v	Self_motion
LU	skin	n	Body_parts
LU	skin	n	Part_inner_outer
LU	skin	v	Emptying
LU	skinny	a	Body_description_holistic
LU	skinny	n	Information
LU	skip	v	Forgoing
LU	skip	v	Self_motion
LU	skip town	v	Evading
LU	skirmish	n	Hostile_encounter
LU	skirmish	v	Hostile_encounter
LU	skirt	n	Clothing
LU	skirt	n	Clothing_parts
LU	skirt	v	Avoiding
LU	skirt	v	Path_shape
LU	skirt	v	Traversing
LU	skulk	v	Self_motion
LU	skullcap	n	Accoutrements
LU	skyrocket	v	Change_position_on_a_scale
LU	skyscraper	n	Buildings
LU	slalom	v	Self_motion
LU	slam	v	Cause_impact
LU	slam	v	Cause_motion
LU	slam	v	Impact
LU	slam	v	Judgment_communication
LU	slam	v	Sex
LU	slammer	n	Prison
LU	slant	v	Motion_directional
LU	slant	v	Path_shape
LU	slap	n	Sounds
LU	slap	v	Cause_harm
LU	slap	v	Cause_impact
LU	slap	v	Impact
LU	slash	v	Cause_change_of_position_on_a_scale
LU	slaughter	n	Killing
LU	slaughter	v	Killing
LU	slaughterer	n	Killing
LU	slay	v	Killing
LU	slayer	n	Killing
LU	slaying	n	Killing
LU	sledge	v	Operate_vehicle
LU	sleep	v	Capacity
LU	sleep	v	Sleep
LU	sleep (together/with)	v	Personal_relationship
LU	sleep [event]	n	Sleep
LU	sleep [quantity]	n	Sleep
LU	sleep over	v	Temporary_stay
LU	sleepiness	n	Biological_urge
LU	sleepwalk	v	Self_motion
LU	sleepy	a	Biological_urge
LU	sleet	n	Precipitation
LU	sleet	v	Precipitation
LU	sleeve	n	Clothing_parts
LU	slender	a	Body_description_holistic
LU	slew	n	Aggregate
LU	slice	n	Part_piece
LU	slice	v	Cause_harm
LU	slice	v	Cutting
LU	slide	v	Cause_motion
LU	slide	v	Change_position_on_a_scale
LU	slide	v	Motion
LU	slim	a	Body_description_holistic
LU	slink	v	Self_motion
LU	slip	n	Clothing
LU	slip	v	Self_motion
LU	slip	v	Undressing
LU	slip on	v	Dressing
LU	slipper	n	Clothing
LU	slither	v	Self_motion
LU	sliver	n	Part_piece
LU	sliver	v	Cause_to_fragment
LU	slog	n	Self_motion
LU	slog	v	Self_motion
LU	slop	v	Self_motion
LU	slosh	v	Self_motion
LU	sloshed	a	Intoxication
LU	slouch	v	Change_posture
LU	slouch	v	Posture
LU	slouch	v	Self_motion
LU	slouched	a	Posture
LU	slough	n	Natural_features
LU	slow	a	Taking_time
LU	slow	v	Change_event_duration
LU	slow	v	Hindering
LU	slowly	r	Taking_time
LU	sluggish	a	Dynamism
LU	sluggishness	n	Dynamism
LU	slumber	n	Sleep
LU	slumber	v	Sleep
LU	slump	n	Thriving
LU	slur	v	Communication_manner
LU	slurp	n	Ingestion
LU	slurp	v	Ingestion
LU	smack	n	Sounds
LU	smack	v	Body_movement
LU	smack	v	Cause_harm
LU	smack	v	Cause_impact
LU	smack	v	Experience_bodily_harm
LU	smack	v	Impact
LU	small	a	Size
LU	small arms	n	Weapon
LU	small arms fire	n	Attack
LU	smart	a	Aesthetics
LU	smart	a	Mental_property
LU	smart	a	Social_interaction_evaluation
LU	smart	a	Speed_description
LU	smart	v	Perception_body
LU	smash	v	Cause_harm
LU	smash	v	Cause_to_fragment
LU	smash	v	Impact
LU	smattering	n	Quantified_mass
LU	smear	v	Filling
LU	smear	v	Placing
LU	smeared	a	Abounding_with
LU	smell	n	Sensation
LU	smell	v	Chemical-sense_description
LU	smell	v	Give_impression
LU	smell	v	Perception_active
LU	smell	v	Perception_experience
LU	smelly	a	Chemical-sense_description
LU	smidgen	n	Part_piece
LU	smile	n	Facial_expression
LU	smile	v	Making_faces
LU	smirk	n	Facial_expression
LU	smirk	v	Making_faces
LU	smirk	v	Statement
LU	smitten	a	Mental_stimulus_exp_focus
LU	smock	n	Clothing
LU	smoke	v	Ingest_substance
LU	smother	v	Killing
LU	smother	v	Putting_out_fire
LU	smothering	n	Killing
LU	smoulder	v	Emotion_heat
LU	smuggle	v	Smuggling
LU	smuggler	n	Smuggling
LU	smuggling	n	Smuggling
LU	snack	v	Ingestion
LU	snake	v	Motion
LU	snake	v	Path_shape
LU	snap	n	Clothing_parts
LU	snap	v	Breaking_apart
LU	snap	v	Breaking_off
LU	snap	v	Cause_to_fragment
LU	snare	n	Trap
LU	snarl	n	Facial_expression
LU	snarl	n	Sounds
LU	snarl	v	Communication_noise
LU	snarl	v	Make_noise
LU	snatch	n	Theft
LU	snatch	v	Kidnapping
LU	snatch	v	Removing
LU	snatch	v	Theft
LU	snatcher	n	Kidnapping
LU	snatcher	n	Theft
LU	sneak	v	Self_motion
LU	sneaker	n	Clothing
LU	sneer	n	Facial_expression
LU	snicker	v	Make_noise
LU	sniff	n	Perception_active
LU	sniff	v	Ingest_substance
LU	sniff	v	Perception_active
LU	sniff	v	Seeking
LU	snifter	n	Containers
LU	snigger	n	Sounds
LU	snigger	v	Make_noise
LU	sniper	n	People_by_military_specialty
LU	snippet	n	Part_piece
LU	snitch	n	Reporting
LU	snitch	v	Reporting
LU	snitch	v	Theft
LU	snood	n	Accoutrements
LU	snooze	n	Sleep
LU	snooze	v	Sleep
LU	snore	n	Sounds
LU	snore	v	Make_noise
LU	snort	n	Sounds
LU	snort	v	Communication_noise
LU	snort	v	Ingest_substance
LU	snort	v	Make_noise
LU	snout	n	Body_parts
LU	snow	n	Precipitation
LU	snow	v	Precipitation
LU	snow [event]	n	Precipitation
LU	snowfall	n	Precipitation
LU	snowstorm	n	Weather
LU	snowy	a	Weather
LU	snuff	n	Intoxicants
LU	snuff out	v	Putting_out_fire
LU	so	r	Degree
LU	so	r	Sufficiency
LU	so far	r	Continued_state_of_affairs
LU	so-called	a	Being_named
LU	so-so	a	Desirability
LU	so-so	a	Expertise
LU	soak	v	Cause_to_be_wet
LU	soak	v	Fluidic_motion
LU	soak	v	Soaking
LU	soak up	v	Soaking_up
LU	soaked	a	Being_wet
LU	soaking	a	Being_wet
LU	soap	v	Grooming
LU	soar	v	Change_position_on_a_scale
LU	soar	v	Motion
LU	sob	n	Sounds
LU	sob	v	Make_noise
LU	sober	a	Intoxication
LU	sober	v	Experiencer_obj
LU	sobering	a	Stimulus_focus
LU	sociable	a	Sociability
LU	sociable	a	Social_interaction_evaluation
LU	social	n	Social_event
LU	socially	r	Domain
LU	society	n	Organization
LU	sociologist	n	People_by_vocation
LU	sock	n	Clothing
LU	sockless	a	Wearing
LU	sodden	a	Being_wet
LU	soften	v	Cause_change_of_consistency
LU	soften	v	Change_of_consistency
LU	software developer	n	People_by_vocation
LU	soggy	a	Being_wet
LU	soiree	n	Social_event
LU	solace	n	Experiencer_focus
LU	solace	v	Experiencer_obj
LU	solarium	n	Building_subparts
LU	solder	v	Attaching
LU	soldier	n	Member_of_military
LU	sole	a	Sole_instance
LU	sole	n	Body_parts
LU	sole	n	Clothing_parts
LU	solemn	a	Stimulus_focus
LU	solid	n	Substance
LU	solid	n	Substance_by_phase
LU	solidification	n	Change_of_phase
LU	solidified	a	Substance_by_phase
LU	solidify	v	Cause_change_of_phase
LU	solidify	v	Change_of_phase
LU	solve	v	Resolve_problem
LU	sombrero	n	Accoutrements
LU	somebody	n	People
LU	someone	n	People
LU	something	n	Hedging
LU	sometime	a	Frequency
LU	sometimes	r	Frequency
LU	somewhat	r	Degree
LU	somnolence	n	Biological_urge
LU	somnolent	a	Biological_urge
LU	son	n	Kinship
LU	son-in-law	n	Kinship
LU	song	n	Text
LU	sonnet	n	Text
LU	sooner	r	Relative_time
LU	sooner rather than later	r	Relative_time
LU	sooner rather than later	r	Time_vector
LU	soothe	v	Experiencer_obj
LU	soothing	a	Stimulus_focus
LU	soothsay	v	Predicting
LU	sop	v	Cause_to_be_wet
LU	sophisticated	a	Stage_of_progress
LU	soporific	a	Biological_urge
LU	sopping	a	Being_wet
LU	sopping (wet)	a	Degree
LU	sore	a	Emotion_directed
LU	sore	n	Body_mark
LU	sorrow	n	Emotion_directed
LU	sorrowful	a	Emotion_directed
LU	sorry	a	Contrition
LU	sort	n	Type
LU	sort	v	Differentiation
LU	sort of	r	Hedging
LU	soubriquet	n	Being_named
LU	sough	n	Sounds
LU	sough	v	Make_noise
LU	sound	n	Artistic_style
LU	sound	n	Natural_features
LU	sound	n	Sensation
LU	sound	n	Sounds
LU	sound	n	Spelling_and_pronouncing
LU	sound	v	Cause_to_make_noise
LU	sound	v	Give_impression
LU	sound	v	Make_noise
LU	soundtrack	n	Behind_the_scenes
LU	soup	n	Food
LU	sour	a	Chemical-sense_description
LU	source	n	Attributed_information
LU	source	n	Relational_natural_features
LU	source	n	Source_of_getting
LU	souse	v	Cause_to_be_wet
LU	south	a	Part_orientational
LU	south	n	Direction
LU	south	n	Directional_locative_relation
LU	south	n	Part_orientational
LU	south	r	Direction
LU	south	r	Directional_locative_relation
LU	southeast	n	Directional_locative_relation
LU	southeast	r	Directional_locative_relation
LU	southern	a	Part_orientational
LU	southernmost	a	Part_orientational
LU	southwest	n	Directional_locative_relation
LU	southwest	r	Directional_locative_relation
LU	sovereign	n	Leadership
LU	sow	v	Filling
LU	sow	v	Planting
LU	spanish	a	Origin
LU	spank	v	Corporal_punishment
LU	sparing	a	Frugality
LU	spark	v	Cause_to_start
LU	spark	v	Setting_fire
LU	sparkle	v	Light_movement
LU	sparkle	v	Location_of_light
LU	spartan	a	Frugality
LU	spat	n	Hostile_encounter
LU	spat	n	Quarreling
LU	spatter	v	Cause_fluidic_motion
LU	spatter	v	Filling
LU	spattered	a	Abounding_with
LU	spatula	n	Artifact
LU	spawn	v	Giving_birth
LU	speak	v	Chatting
LU	speak	v	Statement
LU	speak	v	Text_creation
LU	spear	n	Weapon
LU	spear	v	Cause_harm
LU	spearhead	v	Leadership
LU	specialist	n	Expertise
LU	species	n	Biological_classification
LU	specific	a	Specific_individual
LU	specimen	n	Instance
LU	spectacles	n	Accoutrements
LU	speculate	v	Coming_to_believe
LU	speculator	n	People_by_vocation
LU	speculum	n	Medical_instruments
LU	speech	n	Communication
LU	speech	n	Text
LU	speech therapist	n	Medical_professionals
LU	speech therapy	n	Medical_specialties
LU	speed	n	Intoxicants
LU	speed	n	Speed_description
LU	speedily	r	Speed_description
LU	speedy	a	Speed_description
LU	speedy	a	Taking_time
LU	spell	v	Spelling_and_pronouncing
LU	spellbook	n	Text
LU	spend	v	Expend_resource
LU	spend	v	Using_resource
LU	spendthrift	n	Frugality
LU	spent	a	Used_up
LU	spew	v	Cause_fluidic_motion
LU	spew	v	Excreting
LU	spew	v	Fluidic_motion
LU	spice	n	Food
LU	spicy	a	Chemical-sense_description
LU	spill	v	Cause_fluidic_motion
LU	spill	v	Fluidic_motion
LU	spill beans	v	Reveal_secret
LU	spin	v	Cause_to_move_in_place
LU	spin	v	Moving_in_place
LU	spin	v	Perception_body
LU	spin	v	Processing_materials
LU	spindly	a	Body_description_holistic
LU	spine-chilling	a	Stimulus_focus
LU	spine-tingling	a	Stimulus_focus
LU	spinney	n	Biological_area
LU	spinster	n	Personal_relationship
LU	spiral	v	Motion
LU	spirit	n	Gusto
LU	spit up	v	Excreting
LU	spiteful	a	Social_interaction_evaluation
LU	spitting image	n	Similarity
LU	spittoon	n	Containers
LU	splash	n	Measure_by_action
LU	splash	v	Cause_fluidic_motion
LU	splash	v	Filling
LU	splash	v	Fluidic_motion
LU	splash	v	Motion_noise
LU	splatter	v	Cause_fluidic_motion
LU	splatter	v	Filling
LU	splatter	v	Fluidic_motion
LU	splattered	a	Abounding_with
LU	splendid	a	Desirability
LU	splendid	a	Expertise
LU	splendid	a	Usefulness
LU	splinter	v	Breaking_apart
LU	splinter	v	Cause_to_fragment
LU	splinter group	n	Offshoot
LU	split	v	Becoming_separated
LU	split	v	Cause_to_fragment
LU	split	v	Quitting_a_place
LU	split	v	Separating
LU	sploosh	v	Make_noise
LU	splutter	v	Communication_noise
LU	splutter	v	Motion_noise
LU	spoil	v	Rotting
LU	spoiling	a	Desiring
LU	spokesman	n	People_by_vocation
LU	spokesman	n	Representative
LU	spokesperson	n	People_by_vocation
LU	spokesperson	n	Representative
LU	spokeswoman	n	People_by_vocation
LU	spokeswoman	n	Representative
LU	sponge	v	Soaking_up
LU	spook	v	Experiencer_obj
LU	spoon	n	Containers
LU	spoon	n	Measure_volume
LU	spoonful	n	Measure_volume
LU	sporadic	a	Frequency
LU	sporran	n	Accoutrements
LU	sport	v	Wearing
LU	spot	n	Locale
LU	spot	v	Becoming_aware
LU	spot fire	n	Fire_burning
LU	spousal	a	Personal_relationship
LU	spouse	n	Personal_relationship
LU	spout	v	Fluidic_motion
LU	sprain	v	Experience_bodily_harm
LU	sprawl	v	Change_posture
LU	sprawl	v	Posture
LU	sprawl out	v	Change_posture
LU	sprawled	a	Posture
LU	spray	v	Cause_fluidic_motion
LU	spray	v	Filling
LU	spray	v	Fluidic_motion
LU	spread	v	Dispersal
LU	spread	v	Expansion
LU	spread	v	Filling
LU	spring	n	Calendric_unit
LU	spring	n	Natural_features
LU	spring	v	Freeing_from_confinement
LU	spring	v	Self_motion
LU	spring chicken	n	People_by_age
LU	spring up	v	Coming_to_be
LU	sprinkle	v	Cause_fluidic_motion
LU	sprinkle	v	Dispersal
LU	sprinkle	v	Filling
LU	sprinkle	v	Precipitation
LU	sprinkled	a	Abounding_with
LU	sprint	n	Self_motion
LU	sprint	v	Self_motion
LU	spur	v	Subjective_influence
LU	spurt	v	Fluidic_motion
LU	sputter	v	Communication_noise
LU	spy	n	People_by_vocation
LU	spy	v	Perception_active
LU	spy out	v	Becoming_aware
LU	spy out the land	v	Scrutiny
LU	squabble	n	Hostile_encounter
LU	squabble	n	Quarreling
LU	squabble	v	Quarreling
LU	squad	n	Aggregate
LU	squander	v	Expend_resource
LU	squander	v	Frugality
LU	square	n	Locale_by_use
LU	square	n	Shapes
LU	square	v	Compatibility
LU	squash	v	Cause_harm
LU	squash	v	Reshaping
LU	squat	a	Body_description_holistic
LU	squat	v	Change_posture
LU	squat	v	Posture
LU	squat	v	Residence
LU	squat down	v	Change_posture
LU	squatter	n	Residence
LU	squawk	n	Sounds
LU	squawk	v	Communication_noise
LU	squawk	v	Make_noise
LU	squeak	n	Vocalizations
LU	squeak	v	Communication_noise
LU	squeak	v	Make_noise
LU	squeal	n	Reporting
LU	squeal	n	Sounds
LU	squeal	v	Communication_noise
LU	squeal	v	Friction
LU	squeal	v	Make_noise
LU	squeeze	v	Cause_to_move_in_place
LU	squeeze	v	Manipulation
LU	squelch	v	Motion_noise
LU	squint	v	Perception_active
LU	squirt	v	Cause_fluidic_motion
LU	squirt	v	Filling
LU	squirt	v	Fluidic_motion
LU	squish	v	Reshaping
LU	stab	n	Attempt
LU	stab	v	Cause_harm
LU	stability	n	Precariousness
LU	stable	a	Precariousness
LU	stable	n	Buildings
LU	stable	v	Placing
LU	stack up	v	Evaluative_comparison
LU	stadium	n	Buildings
LU	staff	n	Employing
LU	staff	v	Working_a_post
LU	stage	v	Behind_the_scenes
LU	stage	v	Feigning
LU	stage name	n	Being_named
LU	stagger	v	Experiencer_obj
LU	stagger	v	Self_motion
LU	stagnate	v	Progression
LU	stain	v	Processing_materials
LU	staircase	n	Connecting_architecture
LU	stairs	n	Connecting_architecture
LU	stalemate	n	Hostile_encounter
LU	stalk	v	Cotheme
LU	stalk	v	Emptying
LU	stalk	v	Self_motion
LU	stamina	n	Dynamism
LU	stammer	v	Communication_manner
LU	stamp	v	Body_movement
LU	stamp out	v	Putting_out_fire
LU	stance	n	Posture
LU	stand	n	Aggregate
LU	stand	v	Being_located
LU	stand	v	Change_posture
LU	stand	v	Occupy_rank
LU	stand	v	Placing
LU	stand	v	Posture
LU	stand	v	Tolerating
LU	stand by	v	Standing_by
LU	stand down	v	Quitting
LU	stand out	v	Obviousness
LU	stand up	v	Change_posture
LU	stand-up	a	Morality_evaluation
LU	standard	a	Exemplariness
LU	standoff	n	Hostile_encounter
LU	standout	n	Desirability
LU	staple	n	Connectors
LU	staple	v	Attaching
LU	stapled	a	Being_attached
LU	star	n	Performers_and_roles
LU	star	v	Performers_and_roles
LU	star (in)	v	Performers_and_roles
LU	starboard	n	Non-gradable_proximity
LU	stare	n	Perception_active
LU	stare	v	Perception_active
LU	stark	a	Gradable_artistic_quality
LU	stars	n	Destiny
LU	start	n	Temporal_subregion
LU	start	v	Activity_start
LU	start	v	Catching_fire
LU	start	v	Process_start
LU	startle	v	Experiencer_obj
LU	startled	a	Emotion_directed
LU	startling	a	Stimulus_focus
LU	starvation	n	Death
LU	starve	v	Death
LU	starve	v	Killing
LU	starve	v	Prevent_or_allow_possession
LU	stash	n	Cache
LU	stash	v	Placing
LU	state	n	Leadership
LU	state	n	State_of_entity
LU	state	n	Thermodynamic_phase
LU	state	v	Statement
LU	state [internal]	n	Political_locales
LU	state [sovereign]	n	Political_locales
LU	state-of-the-art	a	Stage_of_progress
LU	statement	n	Statement
LU	station	n	Assigned_location
LU	station	n	Locale_by_use
LU	statue	n	Physical_artworks
LU	statuette	n	Physical_artworks
LU	stature	n	Fame
LU	statute	n	Law
LU	statutory rape	n	Offenses
LU	stave off	v	Preventing_or_letting
LU	stay	n	Temporary_stay
LU	stay	v	Residence
LU	stay	v	State_continue
LU	stay	v	Temporary_stay
LU	stay away	v	Avoiding
LU	stay over	v	Temporary_stay
LU	steady	a	Precariousness
LU	steal	v	Self_motion
LU	steal	v	Theft
LU	stealer	n	Theft
LU	stealing	n	Theft
LU	steam	v	Absorb_heat
LU	steam	v	Apply_heat
LU	steaming	n	Apply_heat
LU	steep	v	Soaking
LU	stein	n	Containers
LU	stench	n	Chemical-sense_description
LU	stenosis	n	Medical_conditions
LU	step	n	Connecting_architecture
LU	step	n	Intentionally_act
LU	step	n	Self_motion
LU	step	v	Self_motion
LU	step down	v	Quitting
LU	step up	v	Cause_change_of_position_on_a_scale
LU	stepbrother	n	Kinship
LU	stepdaughter	n	Kinship
LU	stepfather	n	Kinship
LU	stepmother	n	Kinship
LU	stepsister	n	Kinship
LU	stepson	n	Kinship
LU	stereotype	v	Categorization
LU	sterling	n	Money
LU	stethoscope	n	Medical_instruments
LU	stew	n	Food
LU	stew	v	Absorb_heat
LU	stew	v	Apply_heat
LU	stew	v	Emotion_heat
LU	stewing	n	Apply_heat
LU	stick	n	Shapes
LU	stick	v	Attaching
LU	stick	v	Becoming_attached
LU	stick	v	Being_attached
LU	stick	v	Cause_motion
LU	stick	v	Placing
LU	stick up	v	Robbery
LU	stick-up	n	Robbery
LU	stiff	a	Chemical_potency
LU	stigma	n	Judgment
LU	stigmatize	v	Judgment
LU	stiletto	n	Clothing
LU	still	r	Continued_state_of_affairs
LU	stimulate	v	Biological_mechanisms
LU	stimulate	v	Cause_to_start
LU	stimulate	v	Experiencer_obj
LU	stimulate	v	Subjective_influence
LU	stimulating	a	Stimulus_focus
LU	sting	v	Cause_harm
LU	sting	v	Experiencer_obj
LU	sting	v	Perception_body
LU	stinging	a	Stimulus_focus
LU	stingy	a	Stinginess
LU	stink	n	Chemical-sense_description
LU	stink	n	Sensation
LU	stink	v	Chemical-sense_description
LU	stink	v	Give_impression
LU	stint	n	Being_employed
LU	stipulation	n	Terms_of_agreement
LU	stir	v	Experiencer_obj
LU	stir up	v	Cause_to_start
LU	stirring	a	Stimulus_focus
LU	stock	n	Capital_stock
LU	stock	n	Store
LU	stock	v	Carry_goods
LU	stock	v	Storing
LU	stockade	n	Prison
LU	stocking	n	Clothing
LU	stockpile	n	Store
LU	stockpile	v	Amassing
LU	stocky	a	Body_description_holistic
LU	stole	n	Clothing
LU	stolen	a	Theft
LU	stomp	v	Self_motion
LU	stone	v	Cause_harm
LU	stone	v	Emptying
LU	stone (cold)	n	Degree
LU	stoned	a	Intoxication
LU	stooge	n	Subordinates_and_superiors
LU	stoop	n	Building_subparts
LU	stoop	v	Change_posture
LU	stoop	v	Posture
LU	stop	v	Activity_stop
LU	stop	v	Halt
LU	stop	v	Preventing_or_letting
LU	stop	v	Process_stop
LU	stop	v	Thwarting
LU	stop in	v	Drop_in_on
LU	stopping	n	Preventing_or_letting
LU	storage	n	Storing
LU	store	n	Businesses
LU	store	n	Store
LU	store	v	Containing
LU	store	v	Storing
LU	storeroom	n	Building_subparts
LU	storm	n	Weather
LU	storm	v	Attack
LU	storm	v	Self_motion
LU	storm	v	Weather
LU	stormy	a	Weather
LU	stout	a	Body_description_holistic
LU	stow	v	Placing
LU	stow it	v	Becoming_silent
LU	straddle	v	Surrounding
LU	straddling	a	Surrounding
LU	straggle	v	Self_motion
LU	straight	a	Candidness
LU	straight dope	n	Information
LU	straightforward	a	Candidness
LU	strain	n	Type
LU	strain	v	Experience_bodily_harm
LU	strait	n	Natural_features
LU	straitjacket	v	Immobilization
LU	strand	n	Natural_features
LU	stranger	n	Indigenous_origin
LU	strap	n	Clothing_parts
LU	strap	n	Connectors
LU	strap	v	Attaching
LU	strategic	a	Weapon
LU	strategic nuclear weapon	n	Weapon
LU	stream	n	Natural_features
LU	stream	n	Quantified_mass
LU	stream	v	Fluidic_motion
LU	stream	v	Mass_motion
LU	street	n	Roadways
LU	strength	n	Level_of_force_exertion
LU	strength	n	Level_of_force_resistance
LU	strengthen	v	Cause_change_of_strength
LU	stress	n	Medical_conditions
LU	stress	v	Convey_importance
LU	stress	v	Emphasizing
LU	stressed	a	Emotion_directed
LU	stressful	a	Stimulus_focus
LU	stretch	n	Shapes
LU	stretch	v	Body_movement
LU	stretch	v	Cause_expansion
LU	stretch	v	Expansion
LU	strew	v	Dispersal
LU	strew	v	Filling
LU	strewn	a	Abounding_with
LU	strict	a	Strictness
LU	stricture	n	Judgment
LU	stride	v	Self_motion
LU	strife	n	Hostile_encounter
LU	strike	n	Attack
LU	strike	n	Cause_harm
LU	strike	n	Political_actions
LU	strike	n	Range
LU	strike	v	Attack
LU	strike	v	Be_in_agreement_on_action
LU	strike	v	Cause_harm
LU	strike	v	Cause_impact
LU	strike	v	Cognitive_impact
LU	strike	v	Coming_to_believe
LU	strike	v	Erasing
LU	strike	v	Eventive_affecting
LU	strike	v	Impact
LU	strike	v	Light_movement
LU	strike	v	Political_actions
LU	strike [baseball]	n	Sports_jargon
LU	strike [bowling]	n	Sports_jargon
LU	strike a chord	v	Stimulus_focus
LU	strike up	v	Activity_start
LU	striking	a	Stimulus_focus
LU	string	n	Connectors
LU	strip	n	Shapes
LU	strip	v	Emptying
LU	strip	v	Removing
LU	strip off	v	Undressing
LU	stroke	n	Manipulation
LU	stroke	v	Manipulation
LU	stroll	n	Self_motion
LU	stroll	v	Self_motion
LU	strong	a	Chemical_potency
LU	strong	a	Expertise
LU	strong	a	Judgment_of_intensity
LU	strong	a	Level_of_force_exertion
LU	strong	a	Level_of_force_resistance
LU	strong	a	Usefulness
LU	strongman	n	Dominate_competitor
LU	strongylosis	n	Medical_conditions
LU	structure	n	Buildings
LU	struggle	n	Hostile_encounter
LU	struggle	v	Hostile_encounter
LU	strut	v	Self_motion
LU	stub	v	Experience_bodily_harm
LU	stubby	a	Body_description_holistic
LU	stuck	a	Being_attached
LU	stud	v	Distributed_position
LU	studded	a	Abounding_with
LU	student	n	Education_teaching
LU	student	n	People_by_vocation
LU	studio	n	Building_subparts
LU	study	n	Building_subparts
LU	study	n	Experimentation
LU	study	n	Scrutiny
LU	study	v	Education_teaching
LU	study	v	Scrutiny
LU	study	v	Studying
LU	stuff	v	Filling
LU	stuff	v	Placing
LU	stuffed	a	Abounding_with
LU	stumble	v	Encounter
LU	stumble	v	Self_motion
LU	stun	v	Experiencer_obj
LU	stunned	a	Emotion_directed
LU	stupefaction	n	Emotion_directed
LU	stupefied	a	Emotion_directed
LU	stupefy	v	Experiencer_obj
LU	stupefying	a	Stimulus_focus
LU	stupendous	a	Desirability
LU	stupendous	a	Expertise
LU	stupid	a	Mental_property
LU	stupidly	r	Mental_property
LU	sturdiness	n	Level_of_force_resistance
LU	sturdy	a	Level_of_force_resistance
LU	stutter	v	Communication_manner
LU	style	n	Artistic_style
LU	style	n	Trendiness
LU	styled	a	Hair_configuration
LU	stymie	v	Thwarting
LU	subcontract	v	Being_employed
LU	subcontract	v	Hiring
LU	subject	n	Experimentation
LU	subject	n	People_by_jurisdiction
LU	subject	n	Topic
LU	sublimation	n	Change_of_phase
LU	sublime	v	Change_of_phase
LU	submarine	n	Vehicle
LU	submission	n	Submitting_documents
LU	submit	v	Giving_in
LU	submit	v	Submitting_documents
LU	subordinate	n	Subordinates_and_superiors
LU	subpoena	n	Documents
LU	subscribe	v	Opinion
LU	subscriber	n	Opinion
LU	subsequent	a	Relative_time
LU	subsequently	r	Relative_time
LU	subset	n	Be_subset_of
LU	subsist	v	Subsisting
LU	subsistence	n	Attempt_obtain_food_scenario
LU	substandard	a	Desirability
LU	substantial	a	Size
LU	substantiate	v	Evidence
LU	substantiate	v	Verification
LU	substitute	v	Replacing
LU	substitute	v	Take_place_of
LU	substitution	n	Replacing
LU	subtract	v	Non-commutative_process
LU	subtraction	n	Non-commutative_process
LU	subversion	n	Subversion
LU	subvert	v	Subversion
LU	succeed	v	Personal_success
LU	succeed	v	Relative_time
LU	succeed	v	Success_or_failure
LU	succeed	v	Successful_action
LU	succeed	v	Take_place_of
LU	success	n	Success_or_failure
LU	success	n	Successful_action
LU	success [event]	n	Personal_success
LU	success [person]	n	Personal_success
LU	success [state]	n	Personal_success
LU	successful	a	Personal_success
LU	successful	a	Success_or_failure
LU	successful	a	Successful_action
LU	succession	n	Sequence
LU	succession	n	Take_place_of
LU	successive	a	Sequence
LU	succor	v	Assistance
LU	suck	v	Desirability
LU	suffer	v	Catastrophe
LU	suffer	v	Deny_or_grant_permission
LU	suffer	v	Eventive_affecting
LU	suffice	v	Sufficiency
LU	sufficient	a	Being_up_to_it
LU	sufficient	a	Sufficiency
LU	sufficiently	r	Sufficiency
LU	suffocate	v	Death
LU	suffocate	v	Killing
LU	suffocation	n	Death
LU	suffocation	n	Killing
LU	suffuse	v	Filling
LU	sugar	n	Food
LU	sugar daddy	n	Personal_relationship
LU	suggest	v	Attempt_suasion
LU	suggest	v	Condition_symptom_relation
LU	suggest	v	Evidence
LU	suggest	v	Evoking
LU	suggest	v	Statement
LU	suggestion	n	Attempt_suasion
LU	suicide	n	Killing
LU	suicide	v	Killing
LU	suicide attack	n	Suicide_attack
LU	suicide attacker	n	Suicide_attack
LU	suicide bomber	n	Suicide_attack
LU	suicide bombing	n	Suicide_attack
LU	suit	n	Clothing
LU	suit	v	Suitability
LU	suitability	n	Suitability
LU	suitable	a	Suitability
LU	suitableness	n	Suitability
LU	suitcase	n	Containers
LU	suited	a	Suitability
LU	suitor	n	Personal_relationship
LU	sultan	n	Appellations
LU	sultan	n	Leadership
LU	sum	n	Commutative_statement
LU	sum up	v	Summarizing
LU	summarize	v	Summarizing
LU	summer	n	Calendric_unit
LU	summit	n	Part_orientational
LU	summit	n	Relational_natural_features
LU	summon	v	Citing
LU	summon	v	Request
LU	summons	n	Citing
LU	summons	n	Documents
LU	summons	v	Arrest
LU	summons	v	Citing
LU	sunburn	v	Experience_bodily_harm
LU	sundress	n	Clothing
LU	sunless	a	Level_of_light
LU	sunny	a	Level_of_light
LU	sunshine	n	Weather
LU	sup	v	Ingestion
LU	super	a	Desirability
LU	super	a	Usefulness
LU	superb	a	Desirability
LU	superb	a	Expertise
LU	superb	a	Usefulness
LU	superintendent	n	Appellations
LU	superintendent	n	Leadership
LU	superior	n	Subordinates_and_superiors
LU	superlative	a	Desirability
LU	superlative	a	Expertise
LU	supermarket	n	Buildings
LU	supervisor	n	Appellations
LU	supervisor	n	Leadership
LU	supplier	n	Supply
LU	supply	n	Store
LU	supply	n	Supply
LU	supply	v	Supply
LU	supply side	n	Commerce_scenario
LU	support	v	Evidence
LU	support	v	Funding
LU	support	v	Supporting
LU	support	v	Taking_sides
LU	supporter	n	Taking_sides
LU	supportive	a	Taking_sides
LU	suppose	v	Opinion
LU	supposedly	r	Unattributed_information
LU	supposition	n	Awareness
LU	suppress	v	Self_control
LU	suppression	n	Self_control
LU	sure	a	Certainty
LU	sure	a	Likelihood
LU	surely	r	Likelihood
LU	surface	n	Part_inner_outer
LU	surface	v	Filling
LU	surfaced	a	Abounding_with
LU	surgeon	n	Medical_interaction_scenario
LU	surgeon	n	Medical_professionals
LU	surmise	v	Coming_to_believe
LU	surname	n	Being_named
LU	surpass	v	Surpassing
LU	surplice	n	Clothing
LU	surprise	n	Experiencer_obj
LU	surprise	n	Just_found_out
LU	surprise	v	Experiencer_obj
LU	surprised	a	Just_found_out
LU	surprising	a	Stimulus_focus
LU	surrender	n	Surrendering
LU	surrender	v	Surrendering
LU	surrender	v	Surrendering_possession
LU	surreptitious	a	Secrecy_status
LU	surround	v	Surrounding
LU	surrounding	a	Locative_relation
LU	surrounding	a	Surrounding
LU	surveillance	n	Scrutiny
LU	surveillance [entity]	n	Scrutiny
LU	survey	n	Scrutiny
LU	survey	v	Scrutiny
LU	surveyor	n	Scrutiny
LU	survival	n	Surviving
LU	survive	v	Surviving
LU	susceptibility	n	Being_at_risk
LU	susceptibility	n	Health_response
LU	susceptible	a	Being_at_risk
LU	susceptible	a	Health_response
LU	suspect	a	Being_questionable
LU	suspect	n	Suspicion
LU	suspect	v	Awareness
LU	suspect	v	Suspicion
LU	suspected	a	Awareness_status
LU	suspend	v	Activity_pause
LU	suspenseful	a	Stimulus_focus
LU	suspicion	n	Awareness
LU	suspicious	a	Being_questionable
LU	suspicious	a	Mental_property
LU	suspicious	a	Mental_stimulus_exp_focus
LU	suspire	v	Breathing
LU	sustained	a	Duration_description
LU	suzerain	n	Leadership
LU	svelte	a	Body_description_holistic
LU	swaddled	a	Wearing
LU	swagger	v	Self_motion
LU	swallow	v	Fall_for
LU	swamp	n	Biological_area
LU	swampland	n	Biological_area
LU	swap	n	Exchange
LU	swap	v	Change_tool
LU	swap	v	Exchange
LU	swap out	v	Replacing
LU	swarm	n	Aggregate
LU	swarm	v	Abounding_with
LU	swarm	v	Mass_motion
LU	swarming	a	Abounding_with
LU	swathed	a	Wearing
LU	sway	n	Authority
LU	sway	v	Causation
LU	sway	v	Suasion
LU	swear	v	Commitment
LU	sweat	n	Excreting
LU	sweat	v	Excreting
LU	sweater	n	Clothing
LU	sweatpants	n	Clothing
LU	sweatshirt	n	Clothing
LU	sweaty	a	Being_wet
LU	sweep	n	Scouring
LU	sweep	n	Scrutiny
LU	sweep	v	Scouring
LU	sweep	v	Scrutiny
LU	sweet	a	Chemical-sense_description
LU	sweet	a	Desirability
LU	sweet	a	Social_interaction_evaluation
LU	sweet	n	Food
LU	sweetener	n	Food
LU	swell	v	Cause_change_of_position_on_a_scale
LU	swell	v	Cause_expansion
LU	swell	v	Change_position_on_a_scale
LU	swell	v	Expansion
LU	swerve	v	Motion
LU	swerve	v	Path_shape
LU	swift	a	Taking_time
LU	swig	n	Ingestion
LU	swig	v	Ingestion
LU	swill	v	Ingestion
LU	swim	n	Self_motion
LU	swim	v	Self_motion
LU	swimsuit	n	Clothing
LU	swing	n	Moving_in_place
LU	swing	v	Body_movement
LU	swing	v	Cause_to_move_in_place
LU	swing	v	Change_direction
LU	swing	v	Change_position_on_a_scale
LU	swing	v	Motion
LU	swing	v	Moving_in_place
LU	swing	v	Path_shape
LU	swing	v	Self_motion
LU	swing	v	Undergo_change
LU	swing (into)	v	Activity_start
LU	swipe	v	Cause_harm
LU	swipe	v	Removing
LU	swipe	v	Theft
LU	swirl	v	Cause_to_move_in_place
LU	swish	v	Motion_noise
LU	swiss	a	Origin
LU	switch	n	Controller_object
LU	switch	v	Change_tool
LU	switch	v	Exchange
LU	switch	v	Replacing
LU	switchboard	n	Controller_object
LU	sword	n	Weapon
LU	symbolize	v	Representing
LU	sympathetic	a	Emotion_directed
LU	sympathize	v	Emotion_directed
LU	sympathize	v	Others_situation_as_stimulus
LU	sympathy	n	Emotion_directed
LU	symptom	n	Condition_symptom_relation
LU	symptom	n	Sign
LU	symptomatic	a	Condition_symptom_relation
LU	symptomatic	a	Sign
LU	synagogue	n	Buildings
LU	syndrome	n	Medical_conditions
LU	synonym	n	Word_relations
LU	synonymous	a	Word_relations
LU	synopsis	n	Summarizing
LU	synthesis	n	Intentionally_create
LU	synthesise	v	Intentionally_create
LU	syphilis	n	Medical_conditions
LU	syrian	a	Origin
LU	syringe	n	Medical_instruments
LU	system	n	Gizmo
LU	system	n	Set_of_interrelated_entities
LU	system	n	System
LU	t-shirt	n	Clothing
LU	tabernacle	n	Buildings
LU	tablespoon	n	Measure_volume
LU	taciturn	a	Volubility
LU	tack	n	Connectors
LU	tack	v	Attaching
LU	tack	v	Operate_vehicle
LU	tack	v	Self_motion
LU	tack on	v	Attaching
LU	tackle	v	Firefighting
LU	tactful	a	Social_interaction_evaluation
LU	tactic	n	Means
LU	tag along	v	Cotheme
LU	taiga	n	Biological_area
LU	tail	n	Body_parts
LU	tail	n	Entourage
LU	tail	v	Cotheme
LU	tailor	n	People_by_vocation
LU	take	n	Opinion
LU	take	v	Bringing
LU	take	v	Capacity
LU	take	v	Conquering
LU	take	v	Have_as_requirement
LU	take	v	Ingest_substance
LU	take	v	Removing
LU	take	v	Ride_vehicle
LU	take	v	Sex
LU	take	v	Taking
LU	take	v	Taking_time
LU	take (off)	v	Getting_vehicle_underway
LU	take [picture]	v	Create_physical_artwork
LU	take a piss	v	Excreting
LU	take after	v	Similarity
LU	take apart	v	Cause_to_fragment
LU	take away	v	Non-commutative_process
LU	take break	v	Activity_pause
LU	take captive	v	Taking_captive
LU	take effect	v	Come_into_effect
LU	take hold	v	Becoming_attached
LU	take off	v	Undressing
LU	take off	v	Vehicle_departure_initial_stage
LU	take on	v	Hiring
LU	take out	v	Destroying
LU	take out	v	Killing
LU	take over	v	Change_of_leadership
LU	take part	v	Participation
LU	take place	v	Event
LU	take place	v	Take_place_of
LU	take shape	v	Coming_to_be
LU	take to task	v	Judgment_direct_address
LU	take to the air	v	Self_motion
LU	take up	v	Activity_start
LU	taken	a	Experiencer_focus
LU	takeover	n	Conquering
LU	talk	n	Discussion
LU	talk	v	Chatting
LU	talk	v	Statement
LU	talk	v	Talking_into
LU	talk (to)	v	Discussion
LU	talk over	v	Discussion
LU	talkative	a	Volubility
LU	talking-to	n	Judgment_direct_address
LU	tall	a	Body_description_holistic
LU	tall	a	Dimension
LU	tall	a	Measurable_attributes
LU	tally	n	Amounting_to
LU	tally	v	Adding_up
LU	talon	n	Body_parts
LU	tan	a	Color
LU	tangent	a	Spatial_contact
LU	tangle	v	Rope_manipulation
LU	tank	n	Containers
LU	tank	n	Vehicle
LU	tank car	n	Vehicle
LU	tankful	n	Measure_volume
LU	tantamount	a	Being_in_category
LU	tap	v	Appointing
LU	tape	n	Connectors
LU	tape	v	Attaching
LU	taped	a	Being_attached
LU	tardy	a	Relative_time
LU	target	n	Aiming
LU	target	n	Purpose
LU	target	v	Aiming
LU	tarn	n	Natural_features
LU	tarnish	v	Corroding_caused
LU	tart	a	Chemical-sense_description
LU	task	n	Being_obligated
LU	tassel	n	Clothing_parts
LU	taste	n	Perception_active
LU	taste	n	Sensation
LU	taste	v	Give_impression
LU	taste	v	Perception_active
LU	taste	v	Perception_experience
LU	taste	v	Tasting
LU	tasteless	a	Chemical-sense_description
LU	tasty	a	Aesthetics
LU	tasty	a	Chemical-sense_description
LU	tatters	n	Clothing
LU	tattoo	n	Body_decoration
LU	tavern	n	Buildings
LU	taxi	n	Vehicle
LU	taxi	v	Operate_vehicle
LU	taxi	v	Ride_vehicle
LU	taxi	v	Self_motion
LU	tea	n	Food
LU	teach	v	Education_teaching
LU	teacher	n	Education_teaching
LU	teacher	n	People_by_vocation
LU	team	n	Aggregate
LU	team	n	Team
LU	team up	v	Collaboration
LU	tear	v	Cause_to_fragment
LU	tear	v	Damaging
LU	tear	v	Experience_bodily_harm
LU	tear	v	Removing
LU	tear up	v	Cause_to_fragment
LU	tear-jerking	a	Stimulus_focus
LU	teaspoon	n	Containers
LU	teaspoon	n	Measure_volume
LU	teaspoonful	n	Measure_volume
LU	technical	a	Fields
LU	technician	n	People_by_vocation
LU	technique	n	Means
LU	technology	n	Artifact
LU	technology	n	Gizmo
LU	teddy	n	Clothing
LU	tedious	a	Stimulus_focus
LU	teem	v	Abounding_with
LU	teem	v	Abundance
LU	teem	v	Mass_motion
LU	teeming	a	Abounding_with
LU	teenager	n	People_by_age
LU	teeter	v	Precariousness
LU	telegraph	v	Communication_means
LU	telegraph	v	Contacting
LU	telephone	v	Communication_means
LU	telephone	v	Contacting
LU	telex	v	Communication_means
LU	telex	v	Contacting
LU	telex	v	Sending
LU	tell	v	Becoming_aware
LU	tell	v	Evidence
LU	tell	v	Prevarication
LU	tell	v	Request
LU	tell	v	Speak_on_topic
LU	tell	v	Statement
LU	tell	v	Telling
LU	tell (on)	v	Reporting
LU	tell apart	v	Differentiation
LU	tell from	v	Differentiation
LU	tell off	v	Judgment_direct_address
LU	telling off	n	Judgment_direct_address
LU	temblor	n	Moving_in_place
LU	temp	v	Being_employed
LU	temperature	n	Ambient_temperature
LU	temperature	n	Temperature
LU	temple	n	Body_parts
LU	temple	n	Buildings
LU	tempt	v	Subjective_influence
LU	tenant	n	Residence
LU	tend	v	Likelihood
LU	tendency	n	Inclination
LU	tenement	n	Buildings
LU	tent	n	Buildings
LU	tentacle	n	Body_parts
LU	tenth	a	Ordinal_numbers
LU	tenth	n	Part_whole
LU	tepee	n	Buildings
LU	tepid	a	Temperature
LU	term	n	Simple_name
LU	term	n	Terms_of_agreement
LU	term	v	Labeling
LU	term	v	Simple_naming
LU	terminal	n	Buildings
LU	terminate	v	Activity_stop
LU	terminate	v	Firing
LU	terminate	v	Killing
LU	termination	n	Firing
LU	terminator	n	Death
LU	terrible	a	Desirability
LU	terrible	a	Expertise
LU	terrific	a	Desirability
LU	terrific	a	Expertise
LU	terrific	a	Usefulness
LU	terrified	a	Fear
LU	terrify	v	Experiencer_obj
LU	terrifying	a	Stimulus_focus
LU	territorial	a	Political_locales
LU	territory	n	Political_locales
LU	terror	n	Fear
LU	terror	n	Terrorism
LU	terror-stricken	a	Emotion_directed
LU	terrorism	n	Terrorism
LU	terrorist	n	Terrorism
LU	terrorize	v	Cause_to_experience
LU	terse	a	Volubility
LU	test	n	Examination
LU	test	n	Operational_testing
LU	test	v	Experimentation
LU	test	v	Operational_testing
LU	test out	v	Trying_out
LU	testament	n	Documents
LU	testify	v	Evidence
LU	testimony	n	Documents
LU	testing	n	Operational_testing
LU	tetanus	n	Medical_conditions
LU	tether	v	Attaching
LU	tethered	a	Being_attached
LU	tetralogy	n	Text
LU	textbook	n	Text
LU	thank	v	Judgment_direct_address
LU	thanks	n	Judgment_direct_address
LU	that	r	Degree
LU	thaw	v	Cause_change_of_phase
LU	thaw	v	Change_of_phase
LU	thawed	a	Substance_by_phase
LU	the breaks	n	Destiny
LU	the go ahead	n	Deny_or_grant_permission
LU	the go-ahead	n	Deny_or_grant_permission
LU	the green light	n	Deny_or_grant_permission
LU	the okay	n	Deny_or_grant_permission
LU	the sack	n	Firing
LU	the sticks	n	Isolated_places
LU	theater	n	Buildings
LU	theater	n	Fields
LU	theater	n	Locale_by_use
LU	theater [of war]	n	Locale_by_event
LU	theft	n	Offenses
LU	theft	n	Theft
LU	theme	n	Topic
LU	then	a	Time_vector
LU	then	r	Temporal_collocation
LU	therapeutic	a	Cure
LU	therapist	n	Cure
LU	therapist	n	Medical_professionals
LU	therapy	n	Cure
LU	therapy	n	Medical_specialties
LU	there	r	Locative_relation
LU	there	r	Spatial_co-location
LU	there be	v	Existence
LU	thereabouts	r	Proportional_quantity
LU	thereafter	r	Time_vector
LU	thermonuclear	a	Nuclear_process
LU	thermos	n	Containers
LU	thick	a	Dimension
LU	thick	a	Measurable_attributes
LU	thicken	v	Cause_change_of_consistency
LU	thicken	v	Change_of_consistency
LU	thicket	n	Biological_area
LU	thickset	a	Body_description_holistic
LU	thief	n	Theft
LU	thieve	v	Theft
LU	thieving	a	Theft
LU	thieving	n	Theft
LU	thigh	n	Body_parts
LU	thin	a	Body_description_holistic
LU	thin	a	Measurable_attributes
LU	thin	v	Cause_change_of_consistency
LU	thin	v	Change_of_consistency
LU	thing	n	Entity
LU	think	v	Awareness
LU	think	v	Cogitation
LU	think	v	Opinion
LU	think	v	Regard
LU	think up	v	Coming_up_with
LU	third	a	Ordinal_numbers
LU	third	n	Part_whole
LU	third-rate	a	Desirability
LU	thirst	n	Biological_urge
LU	thirst	n	Desiring
LU	thirst	v	Desiring
LU	thirsty	a	Biological_urge
LU	thirsty	a	Desiring
LU	thirteenth	a	Ordinal_numbers
LU	thong	n	Clothing_parts
LU	thorax	n	Body_parts
LU	thorny	a	Stimulus_focus
LU	thoroughfare	n	Roadways
LU	thought	n	Awareness
LU	thought	n	Cogitation
LU	thoughtful	a	Social_interaction_evaluation
LU	thoughtfulness	n	Social_interaction_evaluation
LU	thoughtless	a	Social_interaction_evaluation
LU	thousands	n	Quantified_mass
LU	thread	n	Connectors
LU	threat	n	Commitment
LU	threat	n	Risky_situation
LU	threaten	v	Commitment
LU	threaten	v	Omen
LU	threatened	a	Being_at_risk
LU	thrice	r	Event_instance
LU	thrift	n	Frugality
LU	thrifty	a	Frugality
LU	thrill	v	Experiencer_obj
LU	thrilled	a	Emotion_directed
LU	thriller	n	Text
LU	thrilling	a	Stimulus_focus
LU	thrive	v	Thriving
LU	throat	n	Body_parts
LU	throne	v	Change_of_leadership
LU	throng	n	Aggregate
LU	throng	v	Abounding_with
LU	throng	v	Come_together
LU	throng	v	Mass_motion
LU	thronged	a	Abounding_with
LU	thronging	a	Abounding_with
LU	through	a	Activity_done_state
LU	through	a	Used_up
LU	through the roof	r	Position_on_a_scale
LU	throw	v	Body_movement
LU	throw	v	Cause_motion
LU	throw off	v	Undressing
LU	throw on	v	Dressing
LU	throw together	v	Cause_to_amalgamate
LU	throw up	v	Excreting
LU	thrust	v	Cause_motion
LU	thud	v	Cause_impact
LU	thud	v	Impact
LU	thud	v	Motion_noise
LU	thumb	n	Body_parts
LU	thump	n	Sounds
LU	thump	v	Cause_impact
LU	thump	v	Impact
LU	thump	v	Make_noise
LU	thump	v	Motion_noise
LU	thunder	n	Sounds
LU	thunder	v	Communication_noise
LU	thunder	v	Make_noise
LU	thunder	v	Motion_noise
LU	thunderstorm	n	Weather
LU	thwack	v	Cause_harm
LU	thwart	v	Thwarting
LU	tiara	n	Accoutrements
LU	ticket	n	Fining
LU	ticket	v	Fining
LU	tickle	v	Cause_bodily_experience
LU	tickle	v	Experiencer_obj
LU	tickle	v	Manipulation
LU	tickle	v	Perception_body
LU	tie	n	Clothing
LU	tie	n	Connectors
LU	tie	n	Finish_competition
LU	tie	n	Make_cognitive_connection
LU	tie	n	Social_connection
LU	tie	v	Attaching
LU	tie	v	Closure
LU	tie	v	Finish_competition
LU	tie	v	Inhibit_movement
LU	tie	v	Knot_creation
LU	tie	v	Make_cognitive_connection
LU	tie	v	Relating_concepts
LU	tie	v	Rope_manipulation
LU	tie the knot	v	Forming_relationships
LU	tie up	v	Activity_finish
LU	tie up	v	Immobilization
LU	tied	a	Being_attached
LU	tied	a	Cognitive_connection
LU	tiff	n	Hostile_encounter
LU	tiff	n	Quarreling
LU	tights	n	Clothing
LU	tile	v	Filling
LU	tiled	a	Abounding_with
LU	time	n	Event_instance
LU	time	n	Imprisonment
LU	time	n	Location_in_time
LU	time	n	Measure_duration
LU	time	n	Temporal_pattern
LU	time	n	Timespan
LU	time off	n	Temporary_leave
LU	time to time	r	Frequency
LU	timer	n	Artifact
LU	times	n	Commutative_statement
LU	timetable	n	Timetable
LU	timid	a	Sociability
LU	tin	n	Containers
LU	tingle	v	Perception_body
LU	tinkle	n	Sounds
LU	tinkle	v	Cause_to_make_noise
LU	tinkle	v	Impact
LU	tinkle	v	Make_noise
LU	tiny	a	Size
LU	tip	n	Part_orientational
LU	tip-top	a	Desirability
LU	tippet	n	Clothing
LU	tipsy	a	Intoxication
LU	tiptoe	v	Self_motion
LU	tire	n	Vehicle_subpart
LU	tired	a	Biological_urge
LU	tiredness	n	Biological_urge
LU	tiresome	a	Stimulus_focus
LU	tiring	a	Stimulus_focus
LU	title	n	Documents
LU	titter	n	Sounds
LU	titter	v	Communication_noise
LU	titter	v	Make_noise
LU	to a halt	r	Halt
LU	to a stop	r	Halt
LU	to date	r	Continued_state_of_affairs
LU	toast	n	Out_of_existence
LU	toast	v	Absorb_heat
LU	toast	v	Apply_heat
LU	toasting	n	Apply_heat
LU	toasty	a	Heat_potential
LU	tobacco	n	Intoxicants
LU	toboggan	n	Vehicle
LU	toboggan	v	Operate_vehicle
LU	today	n	Calendric_unit
LU	today	n	Temporal_collocation
LU	toddle	v	Self_motion
LU	toe	n	Body_parts
LU	toenail	n	Body_parts
LU	together	r	Accompaniment
LU	together	r	Collaboration
LU	togs	n	Clothing
LU	toilet bowl	n	Containers
LU	toke	n	Ingest_substance
LU	tolerable	a	Desirability
LU	tolerant	a	Strictness
LU	tolerant	a	Tolerating
LU	tolerate	v	Tolerating
LU	toleration	n	Tolerating
LU	toll	n	Sounds
LU	toll	v	Cause_to_make_noise
LU	toll	v	Make_noise
LU	tome	n	Text
LU	tomorrow	n	Calendric_unit
LU	ton	n	Measure_mass
LU	ton	n	Quantified_mass
LU	tongue	n	Body_parts
LU	tongue-lashing	n	Judgment_direct_address
LU	tonight	n	Calendric_unit
LU	too	r	Sufficiency
LU	tool	n	Gizmo
LU	toot	v	Cause_to_make_noise
LU	toot	v	Make_noise
LU	tooth	n	Body_parts
LU	toothsome	a	Chemical-sense_description
LU	top	a	Occupy_rank
LU	top	a	Part_orientational
LU	top	n	Part_orientational
LU	top-hat	n	Accoutrements
LU	top-notch	a	Desirability
LU	topic	n	Topic
LU	topknot	n	Hair_configuration
LU	topless	a	Wearing
LU	topple	v	Change_of_leadership
LU	topple	v	Motion_directional
LU	tops	n	Proportional_quantity
LU	tor	n	Natural_features
LU	torment	v	Cause_to_experience
LU	torment	v	Experiencer_obj
LU	tormented	a	Emotion_directed
LU	tormenting	a	Stimulus_focus
LU	torrent	n	Precipitation
LU	torrent	n	Quantified_mass
LU	torrential	a	Precipitation
LU	torture	v	Cause_harm
LU	toss	v	Body_movement
LU	toss	v	Cause_motion
LU	total	a	Amounting_to
LU	total	a	Completeness
LU	total	n	Amounting_to
LU	total	v	Adding_up
LU	total	v	Amounting_to
LU	total	v	Render_nonfunctional
LU	totally	r	Degree
LU	tote	v	Bringing
LU	totter	v	Self_motion
LU	touch	n	Quantified_mass
LU	touch	v	Impact
LU	touch	v	Manipulation
LU	touch	v	Spatial_contact
LU	touch (on)	v	Mention
LU	touch down	v	Vehicle_landing
LU	touching	a	Spatial_contact
LU	touching	a	Stimulus_focus
LU	tough	a	Difficulty
LU	tough	a	Level_of_force_resistance
LU	toughness	n	Level_of_force_resistance
LU	toupee	n	Accoutrements
LU	tour	n	Touring
LU	tour	n	Travel
LU	tour	v	Touring
LU	tour	v	Travel
LU	tourism	n	Touring
LU	tourist	n	Touring
LU	tout	v	Judgment_communication
LU	tower	n	Building_subparts
LU	tower	n	Buildings
LU	town	n	Political_locales
LU	township	n	Political_locales
LU	toxic	a	Toxic_substance
LU	toxicologist	n	People_by_vocation
LU	toxin	n	Toxic_substance
LU	trace	n	Connectors
LU	trace	n	Graph_shape
LU	trace	n	Ingredients
LU	trace	n	Leaving_traces
LU	trace	n	Physical_artworks
LU	trace	n	Quantified_mass
LU	tracing	n	Physical_artworks
LU	track	n	Leaving_traces
LU	track	n	Roadways
LU	track	v	Cotheme
LU	tracksuit	n	Clothing
LU	tract	n	Text
LU	tractate	n	Text
LU	trade	n	Exchange
LU	trade	v	Change_tool
LU	trade	v	Exchange
LU	trademark	a	Distinctiveness
LU	trademark	n	Distinctiveness
LU	trader	n	People_by_vocation
LU	tradition	n	Custom
LU	traditional	a	Custom
LU	traditionally	r	Custom
LU	trafficker	n	Commerce_scenario
LU	tragedy	n	Catastrophe
LU	tragedy	n	Text
LU	trail	n	Leaving_traces
LU	trail	n	Roadways
LU	trail	v	Cotheme
LU	train	n	Convoy
LU	train	n	Entourage
LU	train	n	Vehicle
LU	train	v	Education_teaching
LU	training	n	Education_teaching
LU	trainload	n	Measure_volume
LU	traipse	v	Self_motion
LU	tram	n	Vehicle
LU	trammel	v	Hindering
LU	tramp	v	Self_motion
LU	tranquillizer	n	Intoxicants
LU	trans-shipping	n	Import_export_scenario
LU	transaction	n	Commercial_transaction
LU	transfer	n	Transfer
LU	transfer	v	Cause_motion
LU	transfer	v	Change_tool
LU	transfer	v	Transfer
LU	transfix	v	Cause_harm
LU	transform	v	Cause_change
LU	transform	v	Undergo_transformation
LU	transformation	n	Cause_change
LU	transformation	n	Undergo_transformation
LU	transgress	v	Compliance
LU	transgress	v	Misdeed
LU	transgression	n	Compliance
LU	transgression	n	Misdeed
LU	transition	n	Undergo_change
LU	transition	v	Undergo_transformation
LU	translate	v	Be_translation_equivalent
LU	translate	v	Categorization
LU	translate	v	Have_as_translation_equivalent
LU	translate	v	Translating
LU	translation	n	Translating
LU	transmogrify	v	Undergo_transformation
LU	transmutation	n	Undergo_transformation
LU	transmute	v	Undergo_transformation
LU	transpire	v	Event
LU	transport	n	Bringing
LU	transport	v	Bringing
LU	transship	v	Import_export_scenario
LU	transubstantiate	v	Undergo_transformation
LU	transubstantiation	n	Undergo_transformation
LU	trap	n	Trap
LU	traumatic	a	Stimulus_focus
LU	traumatised	a	Emotion_directed
LU	traumatising	a	Stimulus_focus
LU	traumatize	v	Experiencer_obj
LU	travel	n	Travel
LU	travel	v	Motion
LU	travel	v	Travel
LU	traveler	n	Travel
LU	traverse	v	Path_shape
LU	traverse	v	Traversing
LU	tray	n	Measure_volume
LU	tread	v	Self_motion
LU	treason	n	Offenses
LU	treat	v	Communicate_categorization
LU	treat	v	Cure
LU	treat	v	Giving
LU	treat	v	Medical_intervention
LU	treat	v	Processing_materials
LU	treat	v	Topic
LU	treat	v	Treating_and_mistreating
LU	treatise	n	Text
LU	treatment	n	Cure
LU	treatment	n	Experimentation
LU	treaty	n	Be_in_agreement_on_action
LU	treaty	n	Documents
LU	treaty	n	Make_agreement_on_action
LU	tree	n	Plants
LU	trek	v	Self_motion
LU	tremendous	a	Desirability
LU	tremendous	a	Expertise
LU	tremendous	a	Usefulness
LU	trendy	a	Trendiness
LU	tress	n	Hair_configuration
LU	trial	n	Operational_testing
LU	trial	n	Trial
LU	triangle	n	Shapes
LU	tribe	n	Aggregate
LU	tribunal	n	Judicial_body
LU	trick	v	Intentional_deception
LU	trick	v	Manipulate_into_doing
LU	trickle	n	Quantified_mass
LU	trickle	v	Fluidic_motion
LU	tricky	a	Difficulty
LU	tricycle	n	Vehicle
LU	trigger	v	Cause_to_start
LU	trigger	v	Getting_triggered
LU	trigger	v	Triggering
LU	trilby	n	Accoutrements
LU	trill	v	Communication_noise
LU	trilogy	n	Text
LU	trinket	n	Accoutrements
LU	trio	n	Aggregate
LU	trip	n	Intoxication
LU	trip	n	Travel
LU	trip	v	Self_motion
LU	triple	v	Change_position_on_a_scale
LU	triplex	n	Buildings
LU	trivial	a	Difficulty
LU	trivial name	n	Being_named
LU	troop	n	Member_of_military
LU	troop	v	Mass_motion
LU	troop	v	Self_motion
LU	trot	v	Self_motion
LU	trouble	n	Experiencer_obj
LU	trouble	n	Predicament
LU	trouble	v	Experiencer_obj
LU	troublesome	a	Stimulus_focus
LU	troubling	a	Stimulus_focus
LU	trounce	v	Beat_opponent
LU	trousers	n	Clothing
LU	truck	n	Vehicle
LU	truck	v	Bringing
LU	truckload	n	Measure_volume
LU	trudge	v	Self_motion
LU	true	a	Accuracy
LU	true	a	Actually_occurring_entity
LU	true	a	Artificiality
LU	true	a	Candidness
LU	true	a	Correctness
LU	true	a	Exemplar
LU	true north	n	Direction
LU	trumpet	n	Sounds
LU	trumpet	v	Cause_to_make_noise
LU	trumpet	v	Communication_noise
LU	trumpet	v	Make_noise
LU	trundle	v	Bringing
LU	trundle	v	Self_motion
LU	trunk	n	Body_parts
LU	trunk	n	Vehicle_subpart
LU	truss	v	Attaching
LU	trust	n	Trust
LU	trust	v	Certainty
LU	trust	v	Trust
LU	trustworthy	a	Trust
LU	truthful	a	Candidness
LU	try	n	Attempt
LU	try	v	Attempt
LU	try	v	Attempt_means
LU	try	v	Tasting
LU	try	v	Try_defendant
LU	try	v	Trying_out
LU	try out	v	Operational_testing
LU	try out	v	Trying_out
LU	tsar	n	Appellations
LU	tsar	n	Leadership
LU	tsarina	n	Leadership
LU	tub	n	Artifact
LU	tub	n	Containers
LU	tuberculosis	n	Medical_conditions
LU	tuck	v	Ingestion
LU	tuck	v	Placing
LU	tuckered	a	Biological_urge
LU	tuckered out	a	Biological_urge
LU	tug	v	Cause_motion
LU	tug	v	Manipulation
LU	tumble	n	Change_position_on_a_scale
LU	tumble	v	Change_position_on_a_scale
LU	tumbler	n	Containers
LU	tumor	n	Medical_conditions
LU	tun	n	Containers
LU	tuna	n	Food
LU	tundra	n	Biological_area
LU	tunic	n	Clothing
LU	tunnel	n	Roadways
LU	turban	n	Accoutrements
LU	tureen	n	Containers
LU	turkey	n	Food
LU	turkish	a	Origin
LU	turn	n	Change_direction
LU	turn	n	Temporal_subregion
LU	turn	v	Becoming
LU	turn	v	Cause_change
LU	turn	v	Cause_to_move_in_place
LU	turn	v	Change_direction
LU	turn	v	Contingency
LU	turn	v	Moving_in_place
LU	turn	v	Undergo_change
LU	turn down	v	Respond_to_proposal
LU	turn in	v	Submitting_documents
LU	turn in	v	Surrendering
LU	turn off	v	Change_operational_state
LU	turn on	v	Change_operational_state
LU	turn out	v	Turning_out
LU	turned on	a	Biological_urge
LU	turquoise	a	Color
LU	tussle	n	Hostile_encounter
LU	tutee	n	Education_teaching
LU	tutor	n	Education_teaching
LU	tutor	v	Education_teaching
LU	tutu	n	Clothing
LU	tweak	n	Adjusting
LU	tweak	v	Adjusting
LU	tweak	v	Manipulation
LU	tweeds	n	Clothing
LU	tweet	n	Sounds
LU	tweet	v	Make_noise
LU	twenty	n	Being_located
LU	twenty-two	n	Weapon
LU	twice	r	Event_instance
LU	twiddle	v	Body_movement
LU	twilight	n	Calendric_unit
LU	twinkle	n	Light_movement
LU	twinkle	n	Location_of_light
LU	twinkle	v	Light_movement
LU	twinkle	v	Location_of_light
LU	twirl	v	Cause_to_move_in_place
LU	twirl	v	Moving_in_place
LU	twist	v	Body_movement
LU	twist	v	Cause_harm
LU	twist	v	Experience_bodily_harm
LU	twist	v	Go_into_shape
LU	twist	v	Manipulate_into_shape
LU	twist	v	Path_shape
LU	twisting	a	Path_shape
LU	twisty	a	Path_shape
LU	twitch	v	Body_movement
LU	twitter	n	Sounds
LU	twitter	v	Communication_noise
LU	twitter	v	Make_noise
LU	two-piece	n	Clothing
LU	tying	n	Attaching
LU	type	n	Type
LU	type	v	Text_creation
LU	type in	v	Text_creation
LU	type out	v	Text_creation
LU	type up	v	Text_creation
LU	typecast	v	Categorization
LU	typically	r	Typicality
LU	tyrant	n	Leadership
LU	ubiquitous	a	Locative_relation
LU	ugly	a	Aesthetics
LU	ulcer	n	Medical_conditions
LU	ultimately	r	Temporal_collocation
LU	ululate	v	Make_noise
LU	un	n	People
LU	unable	a	Capability
LU	unaltered	a	Change_post-state
LU	unarmed	a	Bearing_arms
LU	unattached	a	Being_detached
LU	unbuckle	v	Closure
LU	uncanny	a	Idiosyncrasy
LU	uncertain	a	Certainty
LU	uncertainty	n	Certainty
LU	unchain	v	Detaching
LU	unchanged	a	Change_post-state
LU	uncivil	a	Social_interaction_evaluation
LU	unclad	a	Wearing
LU	unclassified	a	Secrecy_status
LU	uncle	n	Appellations
LU	uncle	n	Kinship
LU	unclear	a	Obviousness
LU	unclothed	a	Wearing
LU	uncommon	a	Condition_symptom_relation
LU	uncommunicative	a	Volubility
LU	unconfirmed	a	Verification
LU	unconscious	a	Sleep
LU	uncool	a	Desirability
LU	uncork	v	Closure
LU	uncritical	a	Judgment
LU	unction	n	Rite
LU	undead	a	Dead_or_alive
LU	undead	n	Dead_or_alive
LU	under arrest	a	Detaining
LU	underbelly	n	Part_orientational
LU	underclothes	n	Clothing
LU	underclothing	n	Clothing
LU	undercut	v	Subversion
LU	undergarment	n	Clothing
LU	undergo	v	Undergoing
LU	underground	a	Locative_relation
LU	underground	r	Locative_relation
LU	underline	v	Convey_importance
LU	underling	n	Subordinates_and_superiors
LU	undermine	v	Subversion
LU	underpass	n	Roadways
LU	underprivileged	a	Wealthiness
LU	underscore	v	Convey_importance
LU	underside	n	Part_orientational
LU	understand	v	Awareness
LU	understand	v	Categorization
LU	understand	v	Grasp
LU	understanding	n	Awareness
LU	undertake	v	Attempt
LU	undertake	v	Commitment
LU	undertaking	n	Commitment
LU	underway	a	Process_continue
LU	underwear	n	Clothing
LU	undies	n	Clothing
LU	undo	v	Detaching
LU	undoubtedly	r	Likelihood
LU	undress	n	Wearing
LU	undressed	a	Wearing
LU	undulate	v	Motion
LU	undulate	v	Path_shape
LU	unemployed	a	Being_employed
LU	unemployment	n	Being_employed
LU	unemployment	n	Unemployment_rate
LU	unequalled	a	Beyond_compare
LU	unethical	a	Morality_evaluation
LU	unexciting	a	Stimulus_focus
LU	unexpected	a	Expectation
LU	unfair	a	Fairness_evaluation
LU	unfairly	r	Fairness_evaluation
LU	unfamiliar	a	Familiarity
LU	unfasten	v	Closure
LU	unfasten	v	Detaching
LU	unfazed	a	Experiencer_focus
LU	unforeseeable	a	Expectation
LU	unfortunate	a	Desirability
LU	unfreeze	v	Cause_change_of_phase
LU	unfreeze	v	Change_of_phase
LU	unfriendly	a	Social_interaction_evaluation
LU	unfulfilled	a	Emotions_success_or_failure
LU	unfulfilling	a	Stimulus_focus
LU	unfunny	a	Stimulus_focus
LU	unfused	a	Being_detached
LU	ungenerous	a	Stinginess
LU	ungracious	a	Social_interaction_evaluation
LU	unhinge	v	Becoming_detached
LU	unhinge	v	Detaching
LU	unhitch	v	Detaching
LU	unhook	v	Becoming_detached
LU	unhook	v	Detaching
LU	unidentified	a	Verification
LU	uniform	a	Diversity
LU	uniform	n	Clothing
LU	uniformity	n	Diversity
LU	unify	v	Amalgamation
LU	unify	v	Cause_to_amalgamate
LU	unintelligible	a	Grasp
LU	uninterrupted	a	Interrupt_process
LU	union	n	Organization
LU	unique	a	Idiosyncrasy
LU	unite	v	Amalgamation
LU	unite	v	Cause_to_amalgamate
LU	university	n	Locale_by_use
LU	unjust	a	Fairness_evaluation
LU	unjustly	r	Fairness_evaluation
LU	unkind	a	Social_interaction_evaluation
LU	unknown	a	Awareness
LU	unlawful	a	Legality
LU	unlighted	a	Level_of_light
LU	unlike	a	Similarity
LU	unlikely	a	Likelihood
LU	unload	v	Emptying
LU	unload	v	Removing
LU	unmake	v	Destroying
LU	unmatched	a	Beyond_compare
LU	unmonitored	a	Scrutiny
LU	unmoor	v	Detaching
LU	unmoored	a	Being_detached
LU	unnerve	v	Experiencer_obj
LU	unnerving	a	Stimulus_focus
LU	unpalatable	a	Chemical-sense_description
LU	unpleasant	a	Stimulus_focus
LU	unpleasing	a	Stimulus_focus
LU	unpredictable	a	Expectation
LU	unprocessed	a	Degree_of_processing
LU	unreasonable	a	Mental_property
LU	unrepentant	a	Contrition
LU	unrivalled	a	Beyond_compare
LU	unsafe	a	Being_at_risk
LU	unsafe	a	Risky_situation
LU	unscrew	v	Closure
LU	unscrupulous	a	Morality_evaluation
LU	unsettle	v	Experiencer_obj
LU	unsettled	a	Emotion_directed
LU	unsettling	a	Stimulus_focus
LU	unshod	a	Wearing
LU	unstable	a	Precariousness
LU	unsteady	a	Precariousness
LU	unsuccessful	a	Success_or_failure
LU	unsuccessful	a	Successful_action
LU	unsuitability	n	Suitability
LU	unsuitable	a	Suitability
LU	unsuitableness	n	Suitability
LU	unsung	a	Obscurity
LU	unsure	a	Certainty
LU	unsympathetic	a	Emotion_directed
LU	untie	v	Attaching
LU	untie	v	Detaching
LU	unusual	a	Typicality
LU	unwell	a	Medical_conditions
LU	unwilling	a	Willingness
LU	unwillingness	n	Willingness
LU	unzip	v	Closure
LU	up	r	Direction
LU	upbraid	v	Judgment_direct_address
LU	upend	v	Beat_opponent
LU	uplifting	a	Stimulus_focus
LU	upper	n	Intoxicants
LU	upper-class	a	Social_desirability
LU	uprising	n	Change_of_leadership
LU	upset	a	Emotion_directed
LU	upset	a	Experiencer_focus
LU	upset	v	Experiencer_obj
LU	upset	v	Preventing_or_letting
LU	upsetting	a	Stimulus_focus
LU	upstanding	a	Morality_evaluation
LU	uranium	n	Substance
LU	urban	a	Locale_by_use
LU	urge	n	Desiring
LU	urge	v	Attempt_suasion
LU	urge	v	Request
LU	urinate	v	Excreting
LU	urn	n	Containers
LU	urologist	n	Medical_professionals
LU	use	n	Alternatives
LU	use	n	Purpose
LU	use	n	Tool_purpose
LU	use	n	Using
LU	use	v	Ingest_substance
LU	use	v	Treating_and_mistreating
LU	use	v	Using
LU	use	v	Using_resource
LU	use up	v	Expend_resource
LU	used up	a	Used_up
LU	useful	a	Usefulness
LU	usher	v	Cotheme
LU	usher in	v	Sign
LU	usually	r	Frequency
LU	utensil	n	Gizmo
LU	utilisation	n	Using
LU	utilise	v	Using
LU	utility	n	Usefulness
LU	utility room	n	Building_subparts
LU	utter	v	Text_creation
LU	v	n	Shapes
LU	vacate	v	Quitting_a_place
LU	vacation	n	Temporary_leave
LU	vacillate	v	Waver_between_options
LU	vague	a	Linguistic_meaning
LU	vale	n	Natural_features
LU	valid	a	Being_in_effect
LU	valise	n	Containers
LU	valley	n	Natural_features
LU	valuable	a	Usefulness
LU	value	n	Usefulness
LU	value	v	Assessing
LU	value	v	Judgment
LU	vamoose	v	Departing
LU	vamoose	v	Quitting_a_place
LU	van	n	Vehicle
LU	vandalise	v	Damaging
LU	vandalism	n	Damaging
LU	vanilla	a	Typicality
LU	vanish	v	Ceasing_to_be
LU	vanish	v	Departing
LU	vaporize	v	Change_of_phase
LU	vaporize	v	Destroying
LU	variability	n	Diversity
LU	variable	n	Contingency
LU	variant	n	Similarity
LU	variation	n	Cause_change
LU	varied	a	Diversity
LU	variety	n	Aggregate
LU	variety	n	Biological_classification
LU	variety	n	Diversity
LU	variety	n	Type
LU	various	a	Diversity
LU	varnish	v	Filling
LU	varnished	a	Abounding_with
LU	vary	v	Cause_change
LU	vary	v	Similarity
LU	vase	n	Containers
LU	vat	n	Containers
LU	vaticinate	v	Predicting
LU	vault	v	Self_motion
LU	vaunt	v	Bragging
LU	veal	n	Food
LU	veer	v	Change_direction
LU	veer	v	Path_shape
LU	veer	v	Undergo_change
LU	vegetable	n	Food
LU	vehicle	n	Vehicle
LU	veil	n	Accoutrements
LU	veil	v	Eclipse
LU	veiled	a	Eclipse
LU	veld	n	Biological_area
LU	vend	v	Commerce_sell
LU	vendor	n	Commerce_sell
LU	vengeance	n	Revenge
LU	vengeful	a	Revenge
LU	venom	n	Toxic_substance
LU	venomous	a	Toxic_substance
LU	vent	v	Expressing_publicly
LU	venture	v	Daring
LU	venture	v	Self_motion
LU	venture	v	Statement
LU	venue	n	Locale_by_event
LU	veranda	n	Building_subparts
LU	verdict	n	Verdict
LU	verifiable	a	Verification
LU	verification	n	Verification
LU	verify	v	Evidence
LU	verify	v	Verification
LU	vermilion	a	Color
LU	versed	a	Expertise
LU	version	n	Type
LU	very	r	Degree
LU	very image	n	Similarity
LU	vesper	n	Rite
LU	vessel	n	Vehicle
LU	vest	n	Clothing
LU	vest	v	Change_of_leadership
LU	vestibule	n	Building_subparts
LU	vestige	n	Leaving_traces
LU	vestment	n	Clothing
LU	veterinarian	n	People_by_vocation
LU	vex	v	Experiencer_obj
LU	vexation	n	Emotion_directed
LU	vexation	n	Experiencer_obj
LU	vexation	n	Stimulus_focus
LU	vexatious	a	Stimulus_focus
LU	vexed	a	Emotion_directed
LU	vexing	a	Stimulus_focus
LU	vial	n	Containers
LU	vibrant	a	Dynamism
LU	vibrate	v	Cause_to_move_in_place
LU	vibrate	v	Moving_in_place
LU	vice-captain	n	Leadership
LU	vice-chairman	n	Leadership
LU	vice-president [non-political]	n	Leadership
LU	vice-president [political]	n	Leadership
LU	vice-principal	n	Leadership
LU	viceroy	n	Leadership
LU	victim	n	Catastrophe
LU	victor	n	Finish_competition
LU	victorious	a	Finish_competition
LU	victory	n	Finish_competition
LU	vietnamese	a	Origin
LU	view	n	Opinion
LU	view	n	Range
LU	view	v	Categorization
LU	view	v	Perception_active
LU	viewpoint	n	Attributed_information
LU	vigil	n	Rite
LU	vigor	n	Dynamism
LU	vigorous	a	Dynamism
LU	vile	a	Morality_evaluation
LU	vilification	n	Judgment
LU	villa	n	Buildings
LU	village	n	Locale_by_use
LU	village	n	Political_locales
LU	villain	n	People_by_morality
LU	villainous	a	Morality_evaluation
LU	vim	n	Gusto
LU	vinaigrette	n	Food
LU	vindictive	a	Revenge
LU	vinegar	n	Food
LU	violate	v	Compliance
LU	violation	n	Compliance
LU	violence	n	Violence
LU	violet	a	Color
LU	virtuosity	n	Expertise
LU	virtuoso	n	Expertise
LU	virtuous	a	Morality_evaluation
LU	visa	n	Documents
LU	viscountcy	n	Political_locales
LU	visible	a	Obviousness
LU	visit	n	Arriving
LU	visit	n	Visiting
LU	visit	v	Arriving
LU	visit	v	Visiting
LU	visitor	n	Visiting
LU	vital	a	Importance
LU	vivarium	n	Containers
LU	vivid	a	Color_qualities
LU	vizier	n	Leadership
LU	voice	v	Expressing_publicly
LU	void	a	Being_in_effect
LU	void	v	Emitting
LU	void	v	Emptying
LU	void	v	Excreting
LU	volcano	n	Natural_features
LU	voluble	a	Volubility
LU	volume	n	Text
LU	voluminous	a	Size
LU	voluntary	a	Being_obligatory
LU	volunteer	v	Commitment
LU	volunteer	v	Giving
LU	vomit	v	Excreting
LU	voting	a	Capital_stock
LU	vow	n	Commitment
LU	vow	v	Commitment
LU	voyage	n	Travel
LU	voyage	v	Travel
LU	vulgar	a	Social_desirability
LU	vulnerability	n	Being_at_risk
LU	vulnerable	a	Being_at_risk
LU	waddle	v	Self_motion
LU	wade	v	Self_motion
LU	waffle	v	Waver_between_options
LU	wag	v	Body_movement
LU	wager	n	Wagering
LU	wager	v	Run_risk
LU	wager	v	Wagering
LU	waggle	v	Body_movement
LU	wail	n	Sounds
LU	wail	v	Communication_noise
LU	wail	v	Make_noise
LU	waist	n	Clothing_parts
LU	waist-band	n	Clothing_parts
LU	waistband	n	Clothing_parts
LU	waistcoat	n	Clothing
LU	waistline	n	Clothing_parts
LU	wait	v	Expectation
LU	wait	v	Holding_off_on
LU	wait	v	Waiting
LU	waiter	n	People_by_vocation
LU	waitress	n	People_by_vocation
LU	wake	n	Leaving_traces
LU	wake	v	Cause_to_wake
LU	wake	v	Waking_up
LU	wake up	v	Cause_to_wake
LU	wake up	v	Waking_up
LU	wakeful	a	Being_awake
LU	walk	n	Self_motion
LU	walk	v	Cotheme
LU	walk	v	Self_motion
LU	walk-out	n	Political_actions
LU	wall	n	Architectural_part
LU	wallet	n	Containers
LU	wallpaper	v	Filling
LU	wallpapered	a	Abounding_with
LU	waltz	v	Self_motion
LU	wander	v	Self_motion
LU	want	n	Possession
LU	want	v	Desiring
LU	want	v	Possession
LU	wanted	a	Want_suspect
LU	wanting	a	Possession
LU	wants	n	Desiring
LU	war	n	Hostile_encounter
LU	war	v	Hostile_encounter
LU	warble	v	Communication_noise
LU	ward	n	Building_subparts
LU	warehouse	n	Buildings
LU	warehouse	v	Placing
LU	warehouse	v	Storing
LU	warfare	n	Hostile_encounter
LU	warhead	n	Weapon
LU	warm	a	Ambient_temperature
LU	warm	a	Color_qualities
LU	warm	a	Heat_potential
LU	warm	a	Risky_situation
LU	warm	a	Social_interaction_evaluation
LU	warm	a	Subjective_temperature
LU	warm	a	Temperature
LU	warm	v	Cause_temperature_change
LU	warm	v	Change_of_temperature
LU	warm up	v	Cause_temperature_change
LU	warn	v	Warning
LU	warning	n	Warning
LU	warp	v	Reshaping
LU	warplane	n	Vehicle
LU	warrant	n	Deserving
LU	warrant	n	Documents
LU	warrant	v	Deserving
LU	wart	n	Body_mark
LU	wash	n	Natural_features
LU	wash	v	Filling
LU	wash	v	Grooming
LU	wash	v	Removing
LU	waste	v	Frugality
LU	wasted	a	Intoxication
LU	wasteful	a	Frugality
LU	watch	n	Accoutrements
LU	watch	v	Being_awake
LU	watch	v	Perception_active
LU	watch	v	Seeking
LU	water	n	Food
LU	water	n	Natural_features
LU	water	n	Substance
LU	waterfall	n	Natural_features
LU	waterless	a	Being_dry
LU	waterlogged	a	Being_wet
LU	watershed	n	Natural_features
LU	wave	n	Hair_configuration
LU	wave	n	Quantified_mass
LU	wave	v	Body_movement
LU	wave	v	Cause_to_move_in_place
LU	wave	v	Gesture
LU	wave	v	Moving_in_place
LU	waver	v	Waver_between_options
LU	wavy	a	Hair_configuration
LU	wax	v	Filling
LU	wax	v	Grooming
LU	way	n	Alternatives
LU	way	n	Conduct
LU	way	n	Direction
LU	way	n	Manner
LU	way	n	Means
LU	way	n	Planned_trajectory
LU	way	n	Roadways
LU	way	n	Self_motion
LU	way	r	Degree
LU	ways	n	Custom
LU	weak	a	Judgment_of_intensity
LU	weak	a	Level_of_force_exertion
LU	weak	a	Level_of_force_resistance
LU	weaken	v	Cause_change_of_strength
LU	weakness	n	Level_of_force_exertion
LU	weakness	n	Level_of_force_resistance
LU	wealthy	a	Wealthiness
LU	weapon	n	Weapon
LU	weapon of mass destruction	n	Weapon
LU	weaponization	n	Processing_materials
LU	weaponize	v	Processing_materials
LU	weaponless	a	Bearing_arms
LU	weaponry	n	Weapon
LU	wear	v	Wearing
LU	weariness	n	Biological_urge
LU	weary	a	Biological_urge
LU	weather	n	Weather
LU	weather	v	Surviving
LU	weave	v	Motion
LU	weave	v	Path_shape
LU	web	n	Network
LU	web developer	n	People_by_vocation
LU	wed	v	Forming_relationships
LU	wedding	n	Forming_relationships
LU	wedge	n	Shapes
LU	wee	a	Size
LU	weed	n	Intoxicants
LU	weed	n	Plants
LU	weed	v	Emptying
LU	weed	v	Removing
LU	week	n	Calendric_unit
LU	week	n	Measure_duration
LU	weekday	n	Calendric_unit
LU	weekend	n	Calendric_unit
LU	weekly	a	Frequency
LU	weeknight	n	Calendric_unit
LU	weigh	v	Assessing
LU	weigh	v	Dimension
LU	weigh anchor	v	Getting_vehicle_underway
LU	weight	n	Dimension
LU	weird	a	Idiosyncrasy
LU	weld	v	Attaching
LU	weld	v	Building
LU	welded	a	Being_attached
LU	well	r	Desirability
LU	well known	a	Fame
LU	well-off	a	Wealthiness
LU	well-versed	a	Expertise
LU	wellington	n	Clothing
LU	welly	n	Clothing
LU	welt	v	Cause_harm
LU	west	a	Part_orientational
LU	west	n	Directional_locative_relation
LU	west	n	Part_orientational
LU	west	r	Direction
LU	west	r	Directional_locative_relation
LU	western	a	Part_orientational
LU	westernmost	a	Part_orientational
LU	wet	a	Being_wet
LU	wet	v	Cause_to_be_wet
LU	what	n	Entity
LU	what become (of)	v	Eventive_affecting
LU	wheel	n	Artifact
LU	wheel	n	Vehicle_subpart
LU	wheel	v	Bringing
LU	wheeze	v	Communication_noise
LU	wheeze	v	Motion_noise
LU	whelp	v	Giving_birth
LU	when	r	Temporal_collocation
LU	where	r	Locative_relation
LU	where [interrog]	r	Spatial_co-location
LU	where [relativizer]	r	Spatial_co-location
LU	whereabouts	n	Being_located
LU	whiff	n	Sensation
LU	whimper	n	Sounds
LU	whimper	v	Communication_noise
LU	whimper	v	Make_noise
LU	whine	n	Sounds
LU	whine	v	Communication_noise
LU	whine	v	Complaining
LU	whine	v	Make_noise
LU	whine	v	Motion_noise
LU	whinge	v	Complaining
LU	whinny	n	Sounds
LU	whinny	v	Make_noise
LU	whip	v	Cause_harm
LU	whip up	v	Cooking_creation
LU	whir	v	Motion_noise
LU	whisk	n	Artifact
LU	whisk	v	Self_motion
LU	whisker	n	Body_parts
LU	whisper	v	Communication_manner
LU	whisper	v	Make_noise
LU	whistle	n	Sounds
LU	whistle	v	Make_noise
LU	white	a	Color
LU	white	a	Race_descriptor
LU	white-knuckle	a	Stimulus_focus
LU	whiz	n	Expertise
LU	whodunit	n	Text
LU	whole	a	Ranked_expectation
LU	whoop	v	Communication_noise
LU	why	n	Reason
LU	wicked	a	Morality_evaluation
LU	wide	a	Dimension
LU	wide	r	Hit_or_miss
LU	widen	v	Cause_expansion
LU	widow	n	Personal_relationship
LU	widow	v	Personal_relationship
LU	widowed	a	Personal_relationship
LU	widower	n	Personal_relationship
LU	width	n	Dimension
LU	wife	n	Personal_relationship
LU	wig	n	Accoutrements
LU	wiggle	v	Body_movement
LU	wiggle	v	Cause_to_move_in_place
LU	wigwam	n	Buildings
LU	wildfire	n	Emergency_fire
LU	wildland fire	n	Emergency_fire
LU	will	n	Desiring
LU	will	n	Documents
LU	will	v	Desiring
LU	will	v	Giving
LU	willing	a	Willingness
LU	willingness	n	Willingness
LU	win	n	Finish_competition
LU	win	v	Finish_competition
LU	win	v	Finish_game
LU	win	v	Getting
LU	win	v	Win_prize
LU	wind	v	Manipulate_into_shape
LU	wind	v	Motion
LU	wind	v	Path_shape
LU	windbreaker	n	Clothing
LU	windcheater	n	Clothing
LU	winding	a	Path_shape
LU	window	n	Architectural_part
LU	window	n	Connecting_architecture
LU	window	n	Time_period_of_action
LU	window	n	Vehicle_subpart
LU	windshield	n	Vehicle_subpart
LU	windy	a	Path_shape
LU	wine bottle	n	Containers
LU	wine cellar	n	Building_subparts
LU	wing	n	Body_parts
LU	wing	n	Building_subparts
LU	wink	n	Body_movement
LU	wink	v	Body_movement
LU	winner	n	Finish_competition
LU	winter	n	Calendric_unit
LU	wire	n	Connectors
LU	wire	v	Attaching
LU	wire	v	Communication_means
LU	wire	v	Sending
LU	wiry	a	Body_description_holistic
LU	wise	a	Mental_property
LU	wish	n	Desiring
LU	wish	v	Desiring
LU	wish (that)	v	Desiring
LU	wit	n	Mental_property
LU	withdraw	v	Removing
LU	withdraw	v	Withdraw_from_participation
LU	withdrawal	n	Removing
LU	withdrawal	n	Withdraw_from_participation
LU	without compare	a	Beyond_compare
LU	without equal	a	Beyond_compare
LU	without match	a	Beyond_compare
LU	without peer	a	Beyond_compare
LU	withy	n	Connectors
LU	witness	v	Perception_experience
LU	wizard	n	Expertise
LU	woebegone	a	Emotion_directed
LU	wold	n	Biological_area
LU	woman	n	People
LU	wonder	v	Cogitation
LU	wonderful	a	Desirability
LU	wonderful	a	Expertise
LU	wonderful	a	Usefulness
LU	woo	v	Forming_relationships
LU	wood	n	Biological_area
LU	woodland	n	Biological_area
LU	word	n	Simple_name
LU	word	v	Encoding
LU	wording	n	Encoding
LU	work	n	Being_employed
LU	work	n	Dimension
LU	work	n	Labor_product
LU	work	n	Locale_by_use
LU	work	n	Work
LU	work	v	Being_employed
LU	work	v	Being_operational
LU	work	v	Usefulness
LU	work	v	Work
LU	work	v	Working_a_post
LU	work out	v	Coming_to_believe
LU	work out	v	Exercising
LU	work through	v	Resolve_problem
LU	work together	v	Collaboration
LU	worked up	a	Experiencer_focus
LU	worker	n	Employing
LU	working	a	Being_operational
LU	working	a	Version_sequence
LU	working-class	a	Social_desirability
LU	workroom	n	Building_subparts
LU	workshop	n	Building_subparts
LU	world	n	Political_locales
LU	worn out	a	Biological_urge
LU	worn out	a	Used_up
LU	worried	a	Emotion_directed
LU	worried	a	Experiencer_focus
LU	worrisome	a	Stimulus_focus
LU	worry	v	Emotion_active
LU	worry	v	Experiencer_obj
LU	worrying	a	Stimulus_focus
LU	worsen	v	Improvement_or_decline
LU	worship	n	Rite
LU	worth	a	Deserving
LU	worthless	a	Desirability
LU	would	v	Likelihood
LU	wound	n	Medical_conditions
LU	wound	v	Cause_harm
LU	wound	v	Experiencer_obj
LU	wow	v	Experiencer_obj
LU	wrangle	n	Quarreling
LU	wrangle	v	Quarreling
LU	wrangling	n	Hostile_encounter
LU	wrangling	n	Quarreling
LU	wrap	n	Clothing
LU	wrap	v	Filling
LU	wrap	v	Placing
LU	wrap up	v	Activity_finish
LU	wrapped up (in)	a	Mental_stimulus_exp_focus
LU	wreak	v	Causation
LU	wreathe	v	Distributed_position
LU	wrench	v	Cause_motion
LU	wrest	v	Cause_motion
LU	wretched	a	Emotion_directed
LU	wriggle	v	Body_movement
LU	wriggle	v	Self_motion
LU	wring	v	Manipulation
LU	wrinkle	v	Body_movement
LU	writ	n	Documents
LU	write	v	Contacting
LU	write	v	Spelling_and_pronouncing
LU	write	v	Statement
LU	write	v	Text_creation
LU	write down	v	Text_creation
LU	write in	v	Contacting
LU	write in	v	Text_creation
LU	write out	v	Text_creation
LU	write up	v	Text_creation
LU	writer	n	People_by_vocation
LU	writhe	v	Body_movement
LU	writings	n	Text
LU	wrong	a	Correctness
LU	wrong	a	Legality
LU	wrong	a	Morality_evaluation
LU	wrongdoer	n	People_by_morality
LU	wrongful	a	Legality
LU	wrongly	r	Legality
LU	xylophone	n	Noise_makers
LU	yacht	n	Vehicle
LU	yak	v	Chatting
LU	yammer	n	Sounds
LU	yammer	v	Make_noise
LU	yank	v	Cause_motion
LU	yank	v	Manipulation
LU	yap	n	Sounds
LU	yap	v	Make_noise
LU	yard	n	Measure_linear_extent
LU	yarmulkah	n	Accoutrements
LU	yawn	v	Body_movement
LU	year	n	Calendric_unit
LU	year	n	Measure_duration
LU	yearly	a	Frequency
LU	yearn	v	Desiring
LU	yearning	n	Desiring
LU	yell	v	Communication_noise
LU	yellow	a	Color
LU	yellow	a	Race_descriptor
LU	yellowcake	n	Substance
LU	yelp	n	Sounds
LU	yelp	v	Communication_noise
LU	yelp	v	Make_noise
LU	yen	n	Desiring
LU	yen	v	Desiring
LU	yesterday	n	Calendric_unit
LU	yet	r	Time_vector
LU	yield	v	Creating
LU	yield	v	Giving_in
LU	yield	v	Surrendering_possession
LU	yodel	n	Sounds
LU	yodel	v	Make_noise
LU	yoke	v	Attaching
LU	yoke	v	Filling
LU	young	a	Age
LU	youngish	a	Age
LU	youngster	n	People_by_age
LU	youth	n	People_by_age
LU	yowl	n	Sounds
LU	yowl	v	Make_noise
LU	yummy	a	Chemical-sense_description
LU	zealot	n	People_by_religion
LU	zenith	n	Extreme_point
LU	zigzag	v	Motion
LU	zigzag	v	Path_shape
LU	zing	v	Motion_noise
LU	zip	n	Clothing_parts
LU	zip	v	Closure
LU	zipper	n	Clothing_parts
LU	zipper	n	Fastener
LU	zit	n	Body_mark
LU	zone	n	Locale
LU	zonk out	v	Fall_asleep
LU	zoo	n	Locale_by_use
REL	Causative_of	Absorb_heat	Apply_heat
REL	Causative_of	Amalgamation	Cause_to_amalgamate
REL	Causative_of	Becoming_attached	Attaching
REL	Causative_of	Becoming_detached	Detaching
REL	Causative_of	Becoming_separated	Separating
REL	Causative_of	Becoming_silent	Silencing
REL	Causative_of	Being_at_risk	Endangering
REL	Causative_of	Being_awake	Cause_to_wake
REL	Causative_of	Being_dry	Cause_to_be_dry
REL	Causative_of	Being_in_operation	Change_operational_state
REL	Causative_of	Being_included	Cause_to_be_included
REL	Causative_of	Being_named	Name_conferral
REL	Causative_of	Being_obligated	Imposing_obligation
REL	Causative_of	Being_wet	Cause_to_be_wet
REL	Causative_of	Breaking_apart	Cause_to_fragment
REL	Causative_of	Change_of_consistency	Cause_change_of_consistency
REL	Causative_of	Change_of_phase	Cause_change_of_phase
REL	Causative_of	Change_of_temperature	Cause_temperature_change
REL	Causative_of	Change_position_on_a_scale	Cause_change_of_position_on_a_scale
REL	Causative_of	Come_together	Gathering_up
REL	Causative_of	Corroding	Corroding_caused
REL	Causative_of	Death	Killing
REL	Causative_of	Deciding	Suasion
REL	Causative_of	Eclipse	Hiding_objects
REL	Causative_of	Emanating	Emitting
REL	Causative_of	Expansion	Cause_expansion
REL	Causative_of	Experiencer_focus	Cause_emotion
REL	Causative_of	Fire_going_out	Putting_out_fire
REL	Causative_of	Fluidic_motion	Cause_fluidic_motion
REL	Causative_of	Fullness	Filling
REL	Causative_of	Getting_triggered	Triggering
REL	Causative_of	Ground_up	Grinding
REL	Causative_of	Impact	Cause_impact
REL	Causative_of	Leadership	Change_of_leadership
REL	Causative_of	Limitation	Limiting
REL	Causative_of	Make_noise	Cause_to_make_noise
REL	Causative_of	Medical_conditions	Infecting
REL	Causative_of	Motion	Cause_motion
REL	Causative_of	Moving_in_place	Cause_to_move_in_place
REL	Causative_of	Openness	Change_accessibility
REL	Causative_of	Perception_body	Cause_bodily_experience
REL	Causative_of	Perception_experience	Cause_to_perceive
REL	Causative_of	Posture	Change_posture
REL	Causative_of	Process_continue	Cause_to_continue
REL	Causative_of	Process_end	Cause_to_end
REL	Causative_of	Process_pause	Interrupt_process
REL	Causative_of	Process_resume	Cause_to_resume
REL	Causative_of	Process_start	Cause_to_start
REL	Causative_of	Progression	Cause_to_make_progress
REL	Causative_of	Proliferating_in_number	Cause_proliferation_in_number
REL	Causative_of	Purpose	Eventive_cognizer_affecting
REL	Causative_of	Recovery	Cure
REL	Causative_of	Rotting	Cause_to_rot
REL	Causative_of	Soaking_up	Soaking
REL	Causative_of	State_continue	Cause_to_continue
REL	Causative_of	Success_or_failure	Thwarting
REL	Causative_of	Take_place_of	Replacing
REL	Causative_of	Timetable	Scheduling
REL	Causative_of	Undergo_change	Cause_change
REL	Causative_of	Used_up	Expend_resource
REL	Inchoative_of	Aggregate	Come_together
REL	Inchoative_of	Awareness	Coming_to_believe
REL	Inchoative_of	Being_attached	Becoming_attached
REL	Inchoative_of	Being_detached	Becoming_detached
REL	Inchoative_of	Being_dry	Becoming_dry
REL	Inchoative_of	Being_in_effect	Come_into_effect
REL	Inchoative_of	Being_rotted	Rotting
REL	Inchoative_of	Being_up_to_it	Rising_to_a_challenge
REL	Inchoative_of	Dead_or_alive	Death
REL	Inchoative_of	Existence	Coming_to_be
REL	Inchoative_of	Membership	Becoming_a_member
REL	Inchoative_of	Personal_relationship	Forming_relationships
REL	Inchoative_of	Position_on_a_scale	Change_position_on_a_scale
REL	Inchoative_of	Possession	Getting
REL	Inchoative_of	Process_continue	Process_start
REL	Inchoative_of	Remembering_information	Memorization
REL	Inchoative_of	Shapes	Go_into_shape
REL	Inchoative_of	Substance_by_phase	Cause_change_of_phase
REL	Inchoative_of	Temperature	Change_of_temperature
REL	Inheritance	Abandonment	Intentionally_affect
REL	Inheritance	Abounding_with	Locative_relation
REL	Inheritance	Absorb_heat	Transition_to_a_quality
REL	Inheritance	Abundance	Gradable_attributes
REL	Inheritance	Abusing	Committing_crime
REL	Inheritance	Accompaniment	Relation
REL	Inheritance	Accoutrements	Artifact
REL	Inheritance	Accuracy	Inclination
REL	Inheritance	Achieving_first	Intentionally_create
REL	Inheritance	Active_substance	Substance
REL	Inheritance	Activity	Process
REL	Inheritance	Activity_abandoned_state	Process_uncompleted_state
REL	Inheritance	Activity_done_state	Process_completed_state
REL	Inheritance	Activity_finish	Intentionally_act
REL	Inheritance	Activity_finish	Process_end
REL	Inheritance	Activity_ongoing	Process_continue
REL	Inheritance	Activity_pause	Process_pause
REL	Inheritance	Activity_paused_state	Process_stopped_state
REL	Inheritance	Activity_ready_state	Process_initial_state
REL	Inheritance	Activity_resume	Process_resume
REL	Inheritance	Activity_start	Process_start
REL	Inheritance	Activity_stop	Process_stop
REL	Inheritance	Actually_occurring_entity	Entity
REL	Inheritance	Addiction	Gradable_attributes
REL	Inheritance	Adjacency	Locative_relation
REL	Inheritance	Adjusting	Intentionally_affect
REL	Inheritance	Aesthetics	Desirability
REL	Inheritance	Affirm_or_deny	Statement
REL	Inheritance	Age	Measurable_attributes
REL	Inheritance	Aging	Eventive_affecting
REL	Inheritance	Agree_or_refuse_to_act	Respond_to_proposal
REL	Inheritance	Agriculture	Attempt_obtain_food_scenario
REL	Inheritance	Aiming	Manipulation
REL	Inheritance	Alignment_image_schema	Image_schema
REL	Inheritance	Amalgamation	Reciprocality
REL	Inheritance	Amassing	Getting
REL	Inheritance	Ambient_temperature	Temperature
REL	Inheritance	Ammunition	Artifact
REL	Inheritance	Animals	Biological_entity
REL	Inheritance	Annoyance	Emotions_by_stimulus
REL	Inheritance	Appellations	Being_named
REL	Inheritance	Apply_heat	Activity
REL	Inheritance	Apply_heat	Intentionally_affect
REL	Inheritance	Appointing	Intentionally_affect
REL	Inheritance	Architectural_part	Shaped_part
REL	Inheritance	Arithmetic	Reciprocality
REL	Inheritance	Arithmetic_commutative	Arithmetic
REL	Inheritance	Arithmetic_non-commutative	Arithmetic
REL	Inheritance	Arraignment	Process
REL	Inheritance	Arranging	Intentionally_affect
REL	Inheritance	Arrest	Intentionally_affect
REL	Inheritance	Arriving	Eventive_affecting
REL	Inheritance	Arson	Offenses
REL	Inheritance	Artifact	Entity
REL	Inheritance	Artificiality	Gradable_attributes
REL	Inheritance	Assemble	Come_together
REL	Inheritance	Assemble	Intentionally_act
REL	Inheritance	Assessing	Cogitation
REL	Inheritance	Assigned_location	Locale
REL	Inheritance	Assistance	Intentionally_act
REL	Inheritance	Atonement	Intentionally_act
REL	Inheritance	Attaching	Intentionally_affect
REL	Inheritance	Attack	Intentionally_affect
REL	Inheritance	Attempt	Intentionally_act
REL	Inheritance	Attempt_distant_interaction_scenario	Attempting_and_resolving_scenario
REL	Inheritance	Attempt_means	Using
REL	Inheritance	Attempt_obtain_food_scenario	Attempting_and_resolving_scenario
REL	Inheritance	Attempt_obtain_mineral_scenario	Attempting_and_resolving_scenario
REL	Inheritance	Attempt_suasion	Attempt
REL	Inheritance	Attempting_and_resolving_scenario	Intentionally_act
REL	Inheritance	Attending	Intentionally_act
REL	Inheritance	Attention	State
REL	Inheritance	Attitude_description	Social_behavior_evaluation
REL	Inheritance	Authority	Influencing_potential
REL	Inheritance	Avoiding	Intentionally_act
REL	Inheritance	Awareness	Mental_activity
REL	Inheritance	Bail_decision	Intentionally_act
REL	Inheritance	Basis_for_attribute	Relation
REL	Inheritance	Be_in_agreement_on_assessment	Similarity
REL	Inheritance	Be_on_alert	Activity_ready_state
REL	Inheritance	Be_subset_of	Being_included
REL	Inheritance	Bearing_arms	State
REL	Inheritance	Becoming	Transition_to_state
REL	Inheritance	Becoming_a_member	Intentionally_act
REL	Inheritance	Becoming_attached	Transition_to_a_quality
REL	Inheritance	Becoming_aware	Perception
REL	Inheritance	Becoming_detached	Transition_to_a_quality
REL	Inheritance	Becoming_dry	Transition_to_a_quality
REL	Inheritance	Becoming_visible	Transition_to_a_quality
REL	Inheritance	Being_active	Gradable_attributes
REL	Inheritance	Being_at_risk	Gradable_attributes
REL	Inheritance	Being_attached	Reciprocality
REL	Inheritance	Being_attached	State
REL	Inheritance	Being_born	Coming_to_be
REL	Inheritance	Being_contained_within	Interior_profile_relation
REL	Inheritance	Being_dry	Gradable_attributes
REL	Inheritance	Being_in_control	Control
REL	Inheritance	Being_in_operation	State
REL	Inheritance	Being_incarcerated	Being_in_captivity
REL	Inheritance	Being_located	State
REL	Inheritance	Being_operational	Capability
REL	Inheritance	Being_questionable	Social_behavior_evaluation
REL	Inheritance	Being_relevant	Cognitive_connection
REL	Inheritance	Being_rotted	Gradable_attributes
REL	Inheritance	Being_up_to_it	Capability
REL	Inheritance	Being_wet	Gradable_attributes
REL	Inheritance	Besieging	Attack
REL	Inheritance	Biological_area	Locale
REL	Inheritance	Biological_classification	Type
REL	Inheritance	Biological_entity	Entity
REL	Inheritance	Biological_urge	Gradable_attributes
REL	Inheritance	Birth_scenario	Event
REL	Inheritance	Body_decoration	Artifact
REL	Inheritance	Body_description_holistic	Gradable_attributes
REL	Inheritance	Body_description_part	Gradable_attributes
REL	Inheritance	Body_mark	Physical_entity
REL	Inheritance	Body_parts	Shaped_part
REL	Inheritance	Borrowing	Receiving
REL	Inheritance	Bounded_entity	Physical_entity
REL	Inheritance	Bounded_region	Image_schema
REL	Inheritance	Bragging	Judgment_communication
REL	Inheritance	Breaking_out_captive	Intentionally_affect
REL	Inheritance	Building	Intentionally_create
REL	Inheritance	Buildings	Artifact
REL	Inheritance	Burying	Placing
REL	Inheritance	Business_closure	Endeavor_failure
REL	Inheritance	Business_closure	Locale_closure
REL	Inheritance	Cache	Store
REL	Inheritance	Calendric_unit	Location_in_time
REL	Inheritance	Capability	Gradable_attributes
REL	Inheritance	Capability	Possibility
REL	Inheritance	Capacity	Capability
REL	Inheritance	Causation	Eventive_affecting
REL	Inheritance	Cause_bodily_experience	Transitive_action
REL	Inheritance	Cause_change	Transitive_action
REL	Inheritance	Cause_change_of_consistency	Transitive_action
REL	Inheritance	Cause_change_of_phase	Transitive_action
REL	Inheritance	Cause_change_of_position_on_a_scale	Transitive_action
REL	Inheritance	Cause_change_of_strength	Transitive_action
REL	Inheritance	Cause_emotion	Intentionally_affect
REL	Inheritance	Cause_expansion	Transitive_action
REL	Inheritance	Cause_fluidic_motion	Cause_motion
REL	Inheritance	Cause_harm	Cause_bodily_experience
REL	Inheritance	Cause_impact	Transitive_action
REL	Inheritance	Cause_motion	Transitive_action
REL	Inheritance	Cause_proliferation_in_number	Cause_change_of_position_on_a_scale
REL	Inheritance	Cause_temperature_change	Transitive_action
REL	Inheritance	Cause_to_amalgamate	Intentionally_affect
REL	Inheritance	Cause_to_be_dry	Transitive_action
REL	Inheritance	Cause_to_be_included	Transitive_action
REL	Inheritance	Cause_to_be_sharp	Transitive_action
REL	Inheritance	Cause_to_be_wet	Transitive_action
REL	Inheritance	Cause_to_continue	Transitive_action
REL	Inheritance	Cause_to_end	Transitive_action
REL	Inheritance	Cause_to_experience	Intentionally_affect
REL	Inheritance	Cause_to_fragment	Transitive_action
REL	Inheritance	Cause_to_make_noise	Transitive_action
REL	Inheritance	Cause_to_make_progress	Intentionally_affect
REL	Inheritance	Cause_to_move_in_place	Transitive_action
REL	Inheritance	Cause_to_perceive	Intentionally_affect
REL	Inheritance	Cause_to_resume	Transitive_action
REL	Inheritance	Cause_to_rot	Transitive_action
REL	Inheritance	Cause_to_start	Causation
REL	Inheritance	Cause_to_wake	Transitive_action
REL	Inheritance	Ceasing_to_be	Transition_to_state
REL	Inheritance	Certainty	Gradable_attributes
REL	Inheritance	Change_accessibility	Intentionally_affect
REL	Inheritance	Change_event_duration	Cause_change
REL	Inheritance	Change_event_time	Cause_change
REL	Inheritance	Change_of_consistency	Event
REL	Inheritance	Change_of_leadership	Appointing
REL	Inheritance	Change_of_temperature	Change_position_on_a_scale
REL	Inheritance	Change_operational_state	Intentionally_affect
REL	Inheritance	Change_position_on_a_scale	Event
REL	Inheritance	Change_posture	Intentionally_act
REL	Inheritance	Change_resistance	Cause_change_of_strength
REL	Inheritance	Change_tool	Intentionally_act
REL	Inheritance	Chaos	State
REL	Inheritance	Chatting	Reciprocality
REL	Inheritance	Chemical-sense_description	Gradable_attributes
REL	Inheritance	Chemical_potency	Gradable_attributes
REL	Inheritance	Choosing	Deciding
REL	Inheritance	Choosing	Intentionally_act
REL	Inheritance	Circumscribed_existence	Existence
REL	Inheritance	Clemency	Intentionally_act
REL	Inheritance	Closure	Intentionally_affect
REL	Inheritance	Clothing	Artifact
REL	Inheritance	Coincidence	Event
REL	Inheritance	Collaboration	Intentionally_act
REL	Inheritance	Collaboration	Reciprocality
REL	Inheritance	Collocation_image_schema	Image_schema
REL	Inheritance	Color	Gradable_attributes
REL	Inheritance	Color_qualities	Gradable_attributes
REL	Inheritance	Come_down_with	Eventive_affecting
REL	Inheritance	Come_into_effect	Process_start
REL	Inheritance	Come_together	Event
REL	Inheritance	Coming_to_be	Event
REL	Inheritance	Coming_to_believe	Event
REL	Inheritance	Commerce_buy	Getting
REL	Inheritance	Commerce_collect	Getting
REL	Inheritance	Commerce_goods-transfer	Transfer
REL	Inheritance	Commerce_money-transfer	Transfer
REL	Inheritance	Commerce_pay	Giving
REL	Inheritance	Commerce_sell	Giving
REL	Inheritance	Commercial_transaction	Reciprocality
REL	Inheritance	Committing_crime	Misdeed
REL	Inheritance	Communication	Cause_to_perceive
REL	Inheritance	Communication_manner	Communication
REL	Inheritance	Communication_noise	Communication
REL	Inheritance	Communication_response	Communication
REL	Inheritance	Communication_response	Response
REL	Inheritance	Compatibility	Gradable_attributes
REL	Inheritance	Complaining	Statement
REL	Inheritance	Completeness	Gradable_attributes
REL	Inheritance	Compliance	Satisfying
REL	Inheritance	Compliance	Social_behavior_evaluation
REL	Inheritance	Conditional_scenario	Alternativity
REL	Inheritance	Confronting_problem	Intentionally_act
REL	Inheritance	Connecting_architecture	Architectural_part
REL	Inheritance	Connectors	Artifact
REL	Inheritance	Contact_image_schema	Image_schema
REL	Inheritance	Contacting	Intentionally_act
REL	Inheritance	Container_focused_placing	Transitive_action
REL	Inheritance	Container_focused_removing	Transitive_action
REL	Inheritance	Containing	Locative_relation
REL	Inheritance	Contrary_circumstances	Concessive
REL	Inheritance	Control	Objective_influence
REL	Inheritance	Controller_object	Artifact
REL	Inheritance	Convoy	Aggregate
REL	Inheritance	Cooking_creation	Intentionally_create
REL	Inheritance	Corporal_punishment	Cause_harm
REL	Inheritance	Corporal_punishment	Rewards_and_punishments
REL	Inheritance	Correctness	Gradable_attributes
REL	Inheritance	Corroding_caused	Transitive_action
REL	Inheritance	Cotheme	Self_motion
REL	Inheritance	Counterattack	Attack
REL	Inheritance	Create_physical_artwork	Intentionally_create
REL	Inheritance	Creating	Transitive_action
REL	Inheritance	Cure	Transitive_action
REL	Inheritance	Cutting	Intentionally_affect
REL	Inheritance	Cycle_of_life_and_death	Cycle_of_existence_scenario
REL	Inheritance	Damaging	Transitive_action
REL	Inheritance	Daring	Intentionally_act
REL	Inheritance	Dead_or_alive	State
REL	Inheritance	Death	Ceasing_to_be
REL	Inheritance	Deception_success	Deception_end
REL	Inheritance	Departing	Eventive_affecting
REL	Inheritance	Desirability	Gradable_attributes
REL	Inheritance	Desirable_event	Desirability
REL	Inheritance	Desiring	Experiencer_focus
REL	Inheritance	Destiny	Eventive_affecting
REL	Inheritance	Destroying	Transitive_action
REL	Inheritance	Detaching	Intentionally_affect
REL	Inheritance	Detonate_explosive	Using
REL	Inheritance	Difficulty	Gradable_attributes
REL	Inheritance	Directional_locative_relation	Locative_relation
REL	Inheritance	Discussion	Chatting
REL	Inheritance	Disgraceful_situation	Social_behavior_evaluation
REL	Inheritance	Dispersal	Placing
REL	Inheritance	Distant_operated_IED	Improvised_explosive_device
REL	Inheritance	Distributed_position	Locative_relation
REL	Inheritance	Diversity	Similarity
REL	Inheritance	Documents	Text
REL	Inheritance	Dodging	Avoiding
REL	Inheritance	Dominate_competitor	Being_in_control
REL	Inheritance	Downing	Transitive_action
REL	Inheritance	Drop_in_on	Visitor_arrival
REL	Inheritance	Duplication	Intentionally_create
REL	Inheritance	Duration_description	Measurable_attributes
REL	Inheritance	Duration_relation	Relation
REL	Inheritance	Duration_scenario	Measure_scenario
REL	Inheritance	Dying	State
REL	Inheritance	Dynamism	Gradable_attributes
REL	Inheritance	Earnings_and_losses	Commerce_collect
REL	Inheritance	Education_teaching	Intentionally_affect
REL	Inheritance	Emergency	Event
REL	Inheritance	Emergency_fire	Fire_burning
REL	Inheritance	Emotion_active	Cogitation
REL	Inheritance	Emotions	State
REL	Inheritance	Emotions_by_possibility	Emotions_by_stimulus
REL	Inheritance	Emotions_by_stimulus	Emotions
REL	Inheritance	Emotions_of_mental_activity	Emotions_by_stimulus
REL	Inheritance	Emotions_success_or_failure	Emotions_by_stimulus
REL	Inheritance	Emptying	Container_focused_removing
REL	Inheritance	Encounter	Come_together
REL	Inheritance	Endangering	Transitive_action
REL	Inheritance	Endeavor_failure	Success_or_failure
REL	Inheritance	Enforcing	Execute_plan
REL	Inheritance	Entourage	Aggregate
REL	Inheritance	Erasing	Transitive_action
REL	Inheritance	Escaping	Departing
REL	Inheritance	Evading	Avoiding
REL	Inheritance	Evaluative_comparison	Position_on_a_scale
REL	Inheritance	Event_endstate	State
REL	Inheritance	Event_initial_state	State
REL	Inheritance	Event_instance	Instance
REL	Inheritance	Eventive_affecting	Event
REL	Inheritance	Eventive_cognizer_affecting	Eventive_affecting
REL	Inheritance	Examination	Intentionally_act
REL	Inheritance	Exchange	Intentionally_act
REL	Inheritance	Exchange	Reciprocality
REL	Inheritance	Exchange_currency	Cause_change
REL	Inheritance	Execute_plan	Intentionally_act
REL	Inheritance	Execution	Killing
REL	Inheritance	Execution	Rewards_and_punishments
REL	Inheritance	Exemplar	Instance
REL	Inheritance	Exercising	Intentionally_act
REL	Inheritance	Existence	State
REL	Inheritance	Expectation	Awareness
REL	Inheritance	Expected_location_of_person	Locative_relation
REL	Inheritance	Expend_resource	Using
REL	Inheritance	Experience_bodily_harm	Event
REL	Inheritance	Expertise	Social_behavior_evaluation
REL	Inheritance	Explosion	Eventive_affecting
REL	Inheritance	Extradition	Intentionally_affect
REL	Inheritance	Fame	Personal_success
REL	Inheritance	Familiarity	Gradable_attributes
REL	Inheritance	Fastener	Artifact
REL	Inheritance	Fear	Emotions_by_possibility
REL	Inheritance	Fighting_activity	Hostile_encounter
REL	Inheritance	Filling	Container_focused_placing
REL	Inheritance	Fining	Rewards_and_punishments
REL	Inheritance	Finish_competition	Finish_game
REL	Inheritance	Finish_game	Activity_finish
REL	Inheritance	Fire_break	Artifact
REL	Inheritance	Fire_emergency_scenario	Disaster_scenario
REL	Inheritance	Firing	Employment_end
REL	Inheritance	Firing	Intentionally_affect
REL	Inheritance	Firing_point	Locale_by_event
REL	Inheritance	Fleeing	Self_motion
REL	Inheritance	Fluidic_motion	Motion
REL	Inheritance	Food	Physical_entity
REL	Inheritance	Foreign_or_domestic_country	Political_locales
REL	Inheritance	Forging	Duplication
REL	Inheritance	Forming_relationships	Intentionally_act
REL	Inheritance	Fragmentation_scenario	Becoming_separated
REL	Inheritance	Frequency	Gradable_attributes
REL	Inheritance	Front_for	Intentionally_act
REL	Inheritance	Frugality	Social_behavior_evaluation
REL	Inheritance	Fullness	Gradable_attributes
REL	Inheritance	Funding	Supply
REL	Inheritance	Gathering_up	Intentionally_affect
REL	Inheritance	Gesture	Communication
REL	Inheritance	Get_a_job	Intentionally_act
REL	Inheritance	Getting	Event
REL	Inheritance	Give_impression	Perception
REL	Inheritance	Giving	Intentionally_act
REL	Inheritance	Giving	Lose_possession
REL	Inheritance	Giving_scenario	Lose_possession_scenario
REL	Inheritance	Go_into_shape	Event
REL	Inheritance	Goal	Locative_relation
REL	Inheritance	Government_institution	Institutions
REL	Inheritance	Gradable_artistic_quality	Gradable_attributes
REL	Inheritance	Gradable_attributes	Attributes
REL	Inheritance	Gradable_proximity	Locative_relation
REL	Inheritance	Grasp	Awareness
REL	Inheritance	Grinding	Transitive_action
REL	Inheritance	Grooming	Intentionally_affect
REL	Inheritance	Guest_and_host	Relation_between_individuals
REL	Inheritance	Gusto	Capability
REL	Inheritance	Halt	Activity_stop
REL	Inheritance	Have_as_requirement	Contingency
REL	Inheritance	Having_commercial_agreement	Be_in_agreement_on_action
REL	Inheritance	Having_or_lacking_access	Capability
REL	Inheritance	Health_response	Inclination
REL	Inheritance	Heralding	Intentionally_act
REL	Inheritance	Hiding_objects	Intentionally_affect
REL	Inheritance	Hiring	Intentionally_affect
REL	Inheritance	Historic_event	Eventive_affecting
REL	Inheritance	History	Individual_history
REL	Inheritance	Hit_or_miss	Success_or_failure
REL	Inheritance	Hit_target	Intentionally_affect
REL	Inheritance	Hospitality	Social_interaction_evaluation
REL	Inheritance	Hostile_encounter	Intentionally_act
REL	Inheritance	Hunting_scenario	Attempt_obtain_food_scenario
REL	Inheritance	Identicality	Relation
REL	Inheritance	Idiosyncrasy	Relation
REL	Inheritance	Immobilization	Intentionally_affect
REL	Inheritance	Imposing_obligation	Transitive_action
REL	Inheritance	Imprisonment	Inhibit_movement
REL	Inheritance	Improvement_or_decline	Undergo_change
REL	Inheritance	Improvised_explosive_device	Weapon
REL	Inheritance	Inclination	Gradable_attributes
REL	Inheritance	Indicating	Mention
REL	Inheritance	Indigenous_origin	Origin
REL	Inheritance	Ineffability	Stimulus_focus
REL	Inheritance	Infecting	Transitive_action
REL	Inheritance	Information_display	Artifact
REL	Inheritance	Infrastructure	Artifact
REL	Inheritance	Ingest_substance	Intentionally_act
REL	Inheritance	Ingestion	Ingest_substance
REL	Inheritance	Ingestion	Manipulation
REL	Inheritance	Inherent_purpose	Relation
REL	Inheritance	Inhibit_movement	Intentionally_affect
REL	Inheritance	Inspecting	Scrutinizing_for
REL	Inheritance	Institutions	Organization
REL	Inheritance	Intentional_deception	Deception_end
REL	Inheritance	Intentional_traversing	Self_motion
REL	Inheritance	Intentional_traversing	Traversing
REL	Inheritance	Intentionally_act	Event
REL	Inheritance	Intentionally_affect	Intentionally_act
REL	Inheritance	Intentionally_affect	Transitive_action
REL	Inheritance	Intentionally_create	Creating
REL	Inheritance	Intentionally_create	Intentionally_act
REL	Inheritance	Intercepting	Intentionally_act
REL	Inheritance	Interior_profile_relation	Locative_relation
REL	Inheritance	Interrupt_process	Transitive_action
REL	Inheritance	Intoxicants	Physical_entity
REL	Inheritance	Intoxication	Gradable_attributes
REL	Inheritance	Invading	Attack
REL	Inheritance	Irregular_combatants	People
REL	Inheritance	Judgment_direct_address	Judgment_communication
REL	Inheritance	Judgment_of_intensity	Gradable_attributes
REL	Inheritance	Judicial_body	Institutions
REL	Inheritance	Just_found_out	Emotions_by_stimulus
REL	Inheritance	Key	Artifact
REL	Inheritance	Kidnapping	Committing_crime
REL	Inheritance	Killing	Transitive_action
REL	Inheritance	Knot_creation	Intentionally_create
REL	Inheritance	Labeling	Referring_by_name
REL	Inheritance	Law	Artifact
REL	Inheritance	Law_enforcement_agency	Government_institution
REL	Inheritance	Leaving_traces	Sign
REL	Inheritance	Legal_rulings	Intentionally_act
REL	Inheritance	Lending	Giving
REL	Inheritance	Level_of_force_exertion	Gradable_attributes
REL	Inheritance	Level_of_force_resistance	Gradable_attributes
REL	Inheritance	Level_of_light	Gradable_attributes
REL	Inheritance	Likelihood	Gradable_attributes
REL	Inheritance	Limiting	Intentionally_affect
REL	Inheritance	Lively_place	Abounding_with
REL	Inheritance	Lively_place	Gradable_attributes
REL	Inheritance	Locale_by_characteristic_entity	Locale
REL	Inheritance	Locale_by_collocation	Relational_location
REL	Inheritance	Locale_by_event	Locale_by_collocation
REL	Inheritance	Locale_by_ownership	Locale
REL	Inheritance	Locale_by_use	Locale
REL	Inheritance	Location_of_light	Measurable_attributes
REL	Inheritance	Location_on_path	Locative_relation
REL	Inheritance	Locative_relation	Basis_for_attribute
REL	Inheritance	Locative_relation	State
REL	Inheritance	Lose_possession	Eventive_affecting
REL	Inheritance	Losing	Losing_track_of_theme
REL	Inheritance	Losing_someone	Event
REL	Inheritance	Luck	Gradable_attributes
REL	Inheritance	Make_acquaintance	Reciprocality
REL	Inheritance	Make_compromise	Make_agreement_on_action
REL	Inheritance	Making_arrangements	Intentionally_affect
REL	Inheritance	Manipulate_into_doing	Intentionally_affect
REL	Inheritance	Manipulate_into_shape	Intentionally_affect
REL	Inheritance	Manipulation	Intentionally_act
REL	Inheritance	Manufacturing	Intentionally_create
REL	Inheritance	Margin_of_resolution	Gradable_attributes
REL	Inheritance	Mass_motion	Motion
REL	Inheritance	Mathematical_relationship	Arithmetic
REL	Inheritance	Measurable_attributes	Gradable_attributes
REL	Inheritance	Measure_area	Measures
REL	Inheritance	Measure_by_action	Measures
REL	Inheritance	Measure_duration	Measures
REL	Inheritance	Measure_linear_extent	Measures
REL	Inheritance	Measure_mass	Measures
REL	Inheritance	Measure_volume	Measures
REL	Inheritance	Medical_conditions	Gradable_attributes
REL	Inheritance	Medical_instruments	Artifact
REL	Inheritance	Medical_professionals	People_by_vocation
REL	Inheritance	Meet_specifications	Satisfying
REL	Inheritance	Member_of_military	People_by_vocation
REL	Inheritance	Membership	Be_subset_of
REL	Inheritance	Memorization	Cogitation
REL	Inheritance	Mental_property	Social_behavior_evaluation
REL	Inheritance	Mental_stimulus_exp_focus	Experiencer_focus
REL	Inheritance	Military	Organization
REL	Inheritance	Military_operation	Intentionally_act
REL	Inheritance	Mining	Attempt_obtain_mineral_scenario
REL	Inheritance	Misdeed	Event
REL	Inheritance	Money	Artifact
REL	Inheritance	Morality_evaluation	Social_behavior_evaluation
REL	Inheritance	Motion	Event
REL	Inheritance	Motion_directional	Motion
REL	Inheritance	Motion_noise	Motion
REL	Inheritance	Name_conferral	Intentionally_act
REL	Inheritance	Natural_features	Locale
REL	Inheritance	Negation	Alternativity
REL	Inheritance	Noise_makers	Artifact
REL	Inheritance	Non-gradable_proximity	Locative_relation
REL	Inheritance	Noncombatant	People
REL	Inheritance	Notability	Gradable_attributes
REL	Inheritance	Nuclear_process	Undergo_change
REL	Inheritance	Objective_influence	Event
REL	Inheritance	Obligation_scenario	Required_event
REL	Inheritance	Obscurity	Gradable_attributes
REL	Inheritance	Obviousness	Gradable_attributes
REL	Inheritance	Omen	Sign
REL	Inheritance	Ontogeny	Progression
REL	Inheritance	Operate_vehicle	Operating_a_system
REL	Inheritance	Operating_a_system	Using
REL	Inheritance	Organization	Aggregate
REL	Inheritance	Others_situation_as_stimulus	Emotions_by_stimulus
REL	Inheritance	Pardon	Clemency
REL	Inheritance	Part_edge	Part_whole
REL	Inheritance	Part_inner_outer	Part_whole
REL	Inheritance	Part_ordered_segments	Part_whole
REL	Inheritance	Part_orientational	Part_whole
REL	Inheritance	Part_piece	Being_included
REL	Inheritance	Part_whole	Part_piece
REL	Inheritance	Partiality	Social_interaction_evaluation
REL	Inheritance	Partitive	Relation
REL	Inheritance	Passing	Cause_motion
REL	Inheritance	Passing_off	Intentionally_act
REL	Inheritance	Patrolling	Inspecting
REL	Inheritance	People	Biological_entity
REL	Inheritance	People_along_political_spectrum	People
REL	Inheritance	People_by_age	People
REL	Inheritance	People_by_jurisdiction	People
REL	Inheritance	People_by_morality	People
REL	Inheritance	People_by_origin	People
REL	Inheritance	People_by_religion	People
REL	Inheritance	People_by_residence	People
REL	Inheritance	People_by_vocation	People
REL	Inheritance	Perception_active	Intentionally_act
REL	Inheritance	Perception_active	Perception
REL	Inheritance	Perception_experience	Perception
REL	Inheritance	Performers	People_by_vocation
REL	Inheritance	Personal_success	Gradable_attributes
REL	Inheritance	Physical_artworks	Artifact
REL	Inheritance	Physical_entity	Entity
REL	Inheritance	Piracy	Committing_crime
REL	Inheritance	Piracy	Intentionally_act
REL	Inheritance	Placing	Transitive_action
REL	Inheritance	Plants	Biological_entity
REL	Inheritance	Political_locales	Locale_by_ownership
REL	Inheritance	Popularity	Desirability
REL	Inheritance	Posing_as	Passing_off
REL	Inheritance	Position_on_a_scale	Gradable_attributes
REL	Inheritance	Post_getting	Possession
REL	Inheritance	Post_giving	Post_lose_possession
REL	Inheritance	Post_lose_possession	Possession
REL	Inheritance	Post_receiving	Post_getting
REL	Inheritance	Post_transfer	Possession
REL	Inheritance	Posture	State
REL	Inheritance	Practice	Intentionally_act
REL	Inheritance	Praiseworthiness	Social_behavior_evaluation
REL	Inheritance	Prank	Trap
REL	Inheritance	Pre_getting	Possession
REL	Inheritance	Pre_giving	Pre_lose_possession
REL	Inheritance	Pre_lose_possession	Possession
REL	Inheritance	Pre_receiving	Pre_getting
REL	Inheritance	Pre_transfer	Possession
REL	Inheritance	Precariousness	Being_at_risk
REL	Inheritance	Precipitation	Process
REL	Inheritance	Predicament	State_of_entity
REL	Inheritance	Predicting	Statement
REL	Inheritance	Preference	Desiring
REL	Inheritance	Preferred_alternative_scenario	Conditional_scenario
REL	Inheritance	Preliminaries	Means
REL	Inheritance	Presence	Being_located
REL	Inheritance	Preserving	Processing_materials
REL	Inheritance	Prevent_or_allow_possession	Preventing_or_letting
REL	Inheritance	Price_per_unit	Relational_quantity
REL	Inheritance	Prison	Locale_by_use
REL	Inheritance	Process_completed_state	State
REL	Inheritance	Process_end	Event
REL	Inheritance	Process_initial_state	State
REL	Inheritance	Process_pause	Event
REL	Inheritance	Process_resume	Event
REL	Inheritance	Process_start	Event
REL	Inheritance	Process_stop	Event
REL	Inheritance	Process_stopped_state	State
REL	Inheritance	Process_uncompleted_state	State
REL	Inheritance	Processing_materials	Intentionally_affect
REL	Inheritance	Procreative_sex	Sex
REL	Inheritance	Product_delivery	Delivery
REL	Inheritance	Product_line	Aggregate
REL	Inheritance	Proliferating_in_number	Change_position_on_a_scale
REL	Inheritance	Prominence	Gradable_attributes
REL	Inheritance	Proportion	Relational_quantity
REL	Inheritance	Proximity_image_schema	Image_schema
REL	Inheritance	Publishing	Intentionally_affect
REL	Inheritance	Punctual_perception	Perception_experience
REL	Inheritance	Quantity	Dimension
REL	Inheritance	Quarreling	Discussion
REL	Inheritance	Quitting	Employment_end
REL	Inheritance	Quitting	Intentionally_act
REL	Inheritance	Quitting_a_place	Departing
REL	Inheritance	Race_descriptor	Attributes
REL	Inheritance	Rape	Committing_crime
REL	Inheritance	Rape	Intentionally_affect
REL	Inheritance	Rashness	Social_behavior_evaluation
REL	Inheritance	Rate_description	Measurable_attributes
REL	Inheritance	Rate_quantification	Relational_quantity
REL	Inheritance	Reading_aloud	Reading_activity
REL	Inheritance	Reading_aloud	Statement
REL	Inheritance	Reading_perception	Reading_activity
REL	Inheritance	Reading_perception	Scrutiny
REL	Inheritance	Reassuring	Communication
REL	Inheritance	Receiving	Getting
REL	Inheritance	Receiving_scenario	Getting_scenario
REL	Inheritance	Recording	Statement
REL	Inheritance	Records	Text
REL	Inheritance	Region_with_portal	Bounded_region
REL	Inheritance	Rejuvenation	Transitive_action
REL	Inheritance	Relating_concepts	Cognitive_connection
REL	Inheritance	Relation_between_individuals	Relation
REL	Inheritance	Relational_location	Locale
REL	Inheritance	Relational_natural_features	Natural_features
REL	Inheritance	Relational_natural_features	Relational_location
REL	Inheritance	Relational_political_locales	Political_locales
REL	Inheritance	Relative_time	Relation
REL	Inheritance	Releasing	Intentionally_affect
REL	Inheritance	Releasing_from_custody	Releasing
REL	Inheritance	Removing	Transitive_action
REL	Inheritance	Render_nonfunctional	Transitive_action
REL	Inheritance	Renting	Commerce_buy
REL	Inheritance	Renting_out	Commerce_sell
REL	Inheritance	Reparation	Intentionally_affect
REL	Inheritance	Replacing	Intentionally_affect
REL	Inheritance	Representative	People_by_vocation
REL	Inheritance	Request_entity	Request
REL	Inheritance	Rescuing	Intentionally_affect
REL	Inheritance	Research	Scrutiny
REL	Inheritance	Reserving	Scheduling
REL	Inheritance	Reshaping	Damaging
REL	Inheritance	Resolve_problem	Intentionally_act
REL	Inheritance	Response	Eventive_affecting
REL	Inheritance	Rest	Part_whole
REL	Inheritance	Retaining	Activity_ongoing
REL	Inheritance	Retaining	Possession
REL	Inheritance	Reveal_secret	Statement
REL	Inheritance	Revenge	Rewards_and_punishments
REL	Inheritance	Rewards_and_punishments	Intentionally_affect
REL	Inheritance	Rewards_and_punishments	Response
REL	Inheritance	Rising_to_a_challenge	Meet_specifications
REL	Inheritance	Risky_situation	Gradable_attributes
REL	Inheritance	Roadways	Locale_by_use
REL	Inheritance	Robbery	Committing_crime
REL	Inheritance	Rope_manipulation	Manipulate_into_shape
REL	Inheritance	Rotting	Event
REL	Inheritance	Run_risk	Likelihood
REL	Inheritance	Scarcity	Abundance
REL	Inheritance	Scope	Attributes
REL	Inheritance	Scouring	Scrutinizing_for
REL	Inheritance	Scrutinizing_for	Scrutiny
REL	Inheritance	See_through	Coming_to_believe
REL	Inheritance	Seeking	Seeking_to_achieve
REL	Inheritance	Seeking_to_achieve	Work
REL	Inheritance	Self_control	Preventing_or_letting
REL	Inheritance	Self_motion	Intentionally_act
REL	Inheritance	Self_motion	Motion
REL	Inheritance	Sensation	Perception
REL	Inheritance	Separating	Intentionally_affect
REL	Inheritance	Sequence	Relation
REL	Inheritance	Set_relation	Inclusion_scenario
REL	Inheritance	Setting_back_burn	Setting_fire
REL	Inheritance	Setting_fire	Transitive_action
REL	Inheritance	Setting_out	Quitting_a_place
REL	Inheritance	Shaped_part	Part_whole
REL	Inheritance	Sharing	Reciprocality
REL	Inheritance	Sharpness	Gradable_attributes
REL	Inheritance	Shoot_projectiles	Cause_motion
REL	Inheritance	Shooting_scenario	Attempt_distant_interaction_scenario
REL	Inheritance	Shopping	Seeking
REL	Inheritance	Short_selling	Intentionally_affect
REL	Inheritance	Sign_agreement	Text_creation
REL	Inheritance	Silencing	Intentionally_affect
REL	Inheritance	Similarity	Gradable_attributes
REL	Inheritance	Similarity	Reciprocality
REL	Inheritance	Simultaneity	Relation
REL	Inheritance	Size	Measurable_attributes
REL	Inheritance	Sleep	Process_continue
REL	Inheritance	Smuggling	Bringing
REL	Inheritance	Smuggling	Committing_crime
REL	Inheritance	Soaking	Intentionally_affect
REL	Inheritance	Sociability	Inclination
REL	Inheritance	Social_behavior_evaluation	Gradable_attributes
REL	Inheritance	Social_connection	Relation_between_individuals
REL	Inheritance	Social_desirability	Desirability
REL	Inheritance	Social_event_collective	Social_event
REL	Inheritance	Social_event_individuals	Social_event
REL	Inheritance	Social_interaction_evaluation	Social_behavior_evaluation
REL	Inheritance	Socially_significant_history_scenario	History_scenario
REL	Inheritance	Sound_level	Measurable_attributes
REL	Inheritance	Spatial_co-location	Locative_relation
REL	Inheritance	Spatial_contact	Locative_relation
REL	Inheritance	Speed_description	Measurable_attributes
REL	Inheritance	Standing_by	Waiting
REL	Inheritance	State_of_entity	State
REL	Inheritance	Stinginess	Social_interaction_evaluation
REL	Inheritance	Store	Aggregate
REL	Inheritance	Strictness	Social_interaction_evaluation
REL	Inheritance	Suasion	Eventive_cognizer_affecting
REL	Inheritance	Suasion	Telling
REL	Inheritance	Submitting_documents	Giving
REL	Inheritance	Subsisting	Dead_or_alive
REL	Inheritance	Substance	Physical_entity
REL	Inheritance	Subversion	Thwarting
REL	Inheritance	Sufficiency	Position_on_a_scale
REL	Inheritance	Suicide_attack	Attack
REL	Inheritance	Suitability	Gradable_attributes
REL	Inheritance	Summarizing	Communication
REL	Inheritance	Supply	Giving
REL	Inheritance	Supporting	Assistance
REL	Inheritance	Surpassing	Position_on_a_scale
REL	Inheritance	Surrendering_possession	Giving
REL	Inheritance	Surviving	Success_or_failure
REL	Inheritance	System	Set_of_interrelated_entities
REL	Inheritance	System_complexity	Gradable_attributes
REL	Inheritance	Taking	Getting
REL	Inheritance	Taking	Intentionally_affect
REL	Inheritance	Taking_time	Gradable_attributes
REL	Inheritance	Talking_into	Manipulate_into_doing
REL	Inheritance	Tasting	Trying_out
REL	Inheritance	Team	Aggregate
REL	Inheritance	Telling	Statement
REL	Inheritance	Temperature	Measurable_attributes
REL	Inheritance	Temporal_collocation	Basis_for_attribute
REL	Inheritance	Temporary_group	Organization
REL	Inheritance	Temporary_group	Part_whole
REL	Inheritance	Temporary_leave	Expected_location_of_person
REL	Inheritance	Temporary_stay	Residence
REL	Inheritance	Temporary_stay	Visiting
REL	Inheritance	Temporary_transfer_scenario	Transfer_scenario
REL	Inheritance	Text	Artifact
REL	Inheritance	Text_creation	Intentionally_create
REL	Inheritance	Theft	Committing_crime
REL	Inheritance	Theft	Taking
REL	Inheritance	Thriving	State
REL	Inheritance	Thwarting	Preventing_or_letting
REL	Inheritance	Time_period_of_action	Timespan
REL	Inheritance	Time_vector	Basis_for_attribute
REL	Inheritance	Tool_purpose	Inherent_purpose
REL	Inheritance	Touring	Perception_active
REL	Inheritance	Transfer	Eventive_affecting
REL	Inheritance	Transition_to_a_quality	Becoming
REL	Inheritance	Transition_to_a_situation	Transition_to_state
REL	Inheritance	Transition_to_state	Event
REL	Inheritance	Transitive_action	Objective_influence
REL	Inheritance	Translating	Intentionally_create
REL	Inheritance	Transportation_status	State
REL	Inheritance	Travel	Self_motion
REL	Inheritance	Traversing	Event
REL	Inheritance	Treating_and_mistreating	Conduct
REL	Inheritance	Trendiness	Social_behavior_evaluation
REL	Inheritance	Trust	Certainty
REL	Inheritance	Trying_out	Research
REL	Inheritance	Typicality	Gradable_attributes
REL	Inheritance	Undergo_change	Transition_to_state
REL	Inheritance	Undergo_transformation	Undergo_change
REL	Inheritance	Undergoing	Event
REL	Inheritance	Unemployment_rate	Measurable_attributes
REL	Inheritance	Use_firearm	Using
REL	Inheritance	Used_up	Position_on_a_scale
REL	Inheritance	Usefulness	Gradable_attributes
REL	Inheritance	Using	Intentionally_affect
REL	Inheritance	Vehicle	Artifact
REL	Inheritance	Vehicle_landing	Arriving
REL	Inheritance	Vehicle_subpart	Part_whole
REL	Inheritance	Verdict	Legal_rulings
REL	Inheritance	Verification	Scrutiny
REL	Inheritance	Victim_operated_IED	Improvised_explosive_device
REL	Inheritance	Visit_host	Visitor_scenario
REL	Inheritance	Visit_host_arrival	Visiting_scenario_arrival
REL	Inheritance	Visit_host_departure	Visiting_scenario_departing
REL	Inheritance	Visit_host_stay	Visiting_scenario_stay
REL	Inheritance	Visiting	Being_located
REL	Inheritance	Visiting	Intentionally_act
REL	Inheritance	Visiting	Visiting_scenario_stay
REL	Inheritance	Visiting_scenario_arrival	Arriving
REL	Inheritance	Visiting_scenario_departing	Departing
REL	Inheritance	Visitor_and_host	Visiting_scenario
REL	Inheritance	Visitor_arrival	Visiting_scenario_arrival
REL	Inheritance	Visitor_departure	Visiting_scenario_departing
REL	Inheritance	Vocalizations	Sounds
REL	Inheritance	Volubility	Inclination
REL	Inheritance	Waking_up	Event
REL	Inheritance	Warning	Telling
REL	Inheritance	Wealthiness	Gradable_attributes
REL	Inheritance	Weapon	Artifact
REL	Inheritance	Wholes_and_parts	Inclusion_scenario
REL	Inheritance	Within_distance	Locative_relation
REL	Inheritance	Work	Attempt
REL	Inheritance	Working_a_post	Intentionally_act
REL	Metaphor	Deny_or_grant_permission	Preventing_or_letting
REL	Metaphor	Elusive_goal	Evading
REL	Metaphor	Firefighting	Hostile_encounter
REL	Metaphor	Manipulate_into_doing	Cause_motion
REL	Perspective_on	Abounding_with	Distributed_abundance
REL	Perspective_on	Alternatives	Alternativity
REL	Perspective_on	Asymmetric_reciprocality	Reciprocality
REL	Perspective_on	Attack	Hostile_encounter
REL	Perspective_on	Attempt	Attempt_action_scenario
REL	Perspective_on	Attempt_means	Attempt_action_scenario
REL	Perspective_on	Awareness	Awareness_situation
REL	Perspective_on	Be_subset_of	Set_relation
REL	Perspective_on	Being_at_risk	Risk_scenario
REL	Perspective_on	Being_born	Birth_scenario
REL	Perspective_on	Being_contained_within	Containment_scenario
REL	Perspective_on	Being_employed	Employment_continue
REL	Perspective_on	Being_included	Inclusion_scenario
REL	Perspective_on	Being_necessary	Requirement_scenario
REL	Perspective_on	Being_obligated	Obligation_scenario
REL	Perspective_on	Being_obligatory	Obligation_scenario
REL	Perspective_on	Borrowing	Temporary_transfer_scenario
REL	Perspective_on	Breaking_apart	Fragmentation_scenario
REL	Perspective_on	Breaking_off	Fragmentation_scenario
REL	Perspective_on	Causation	Causation_scenario
REL	Perspective_on	Commerce_buy	Commerce_goods-transfer
REL	Perspective_on	Commerce_collect	Commerce_money-transfer
REL	Perspective_on	Commerce_pay	Commerce_money-transfer
REL	Perspective_on	Commerce_sell	Commerce_goods-transfer
REL	Perspective_on	Commutative_process	Arithmetic_commutative
REL	Perspective_on	Commutative_statement	Arithmetic_commutative
REL	Perspective_on	Conditional_occurrence	Conditional_scenario
REL	Perspective_on	Container_focused_placing	Placing_scenario
REL	Perspective_on	Container_focused_removing	Removing_scenario
REL	Perspective_on	Containing	Containment_scenario
REL	Perspective_on	Desirable_event	Preferred_alternative_scenario
REL	Perspective_on	Dimension	Measure_scenario
REL	Perspective_on	Distributed_position	Distributed_abundance
REL	Perspective_on	Dominate_competitor	Domination
REL	Perspective_on	Dominate_situation	Domination
REL	Perspective_on	Drop_in_on	Visit_host_arrival
REL	Perspective_on	Duration_description	Duration_scenario
REL	Perspective_on	Duration_relation	Duration_scenario
REL	Perspective_on	Duration_scenario	Delimited_state_scenario
REL	Perspective_on	Elusive_goal	Result_of_attempt_scenario
REL	Perspective_on	Employee_scenario	Employment_scenario
REL	Perspective_on	Employer_scenario	Employment_scenario
REL	Perspective_on	Employing	Employment_continue
REL	Perspective_on	Eventive_affecting	Undergoing_scenario
REL	Perspective_on	Exemplariness	Exemplar
REL	Perspective_on	Experiencer_focus	Emotions
REL	Perspective_on	Exporting	Import_export_scenario
REL	Perspective_on	Fall_for	Deception_success
REL	Perspective_on	Get_a_job	Employment_start
REL	Perspective_on	Giving	Transfer
REL	Perspective_on	Giving_birth	Birth_scenario
REL	Perspective_on	Giving_scenario	Transfer_scenario
REL	Perspective_on	Gradable_proximity	Proximity_image_schema
REL	Perspective_on	Growing_food	Agriculture
REL	Perspective_on	Have_as_requirement	Requirement_scenario
REL	Perspective_on	Having_or_lacking_access	Access_scenario
REL	Perspective_on	Hiring	Employment_start
REL	Perspective_on	History	Socially_significant_history_scenario
REL	Perspective_on	Identicality	Identity_scenario
REL	Perspective_on	Identity	Identity_scenario
REL	Perspective_on	Importing	Import_export_scenario
REL	Perspective_on	Inclusion	Inclusion_scenario
REL	Perspective_on	Individual_history	History_scenario
REL	Perspective_on	Intentional_deception	Deception_success
REL	Perspective_on	Knot_creation	Knot_creation_scenario
REL	Perspective_on	Lending	Temporary_transfer_scenario
REL	Perspective_on	Location_in_time	Simultaneity
REL	Perspective_on	Locative_relation	Locative_scenario
REL	Perspective_on	Losing_track_of_perceiver	Losing_track_of
REL	Perspective_on	Losing_track_of_theme	Losing_track_of
REL	Perspective_on	Means	Causation
REL	Perspective_on	Measurable_attributes	Measure_scenario
REL	Perspective_on	Measure_duration	Duration_scenario
REL	Perspective_on	Measures	Measure_scenario
REL	Perspective_on	Meet_with_response	Response_scenario
REL	Perspective_on	Mental_stimulus_exp_focus	Emotions_of_mental_activity
REL	Perspective_on	Mental_stimulus_stimulus_focus	Emotions_of_mental_activity
REL	Perspective_on	Mention	Communication
REL	Perspective_on	Motion	Motion_scenario
REL	Perspective_on	Negative_conditional	Conditional_scenario
REL	Perspective_on	Non-commutative_process	Arithmetic_non-commutative
REL	Perspective_on	Non-commutative_statement	Arithmetic_non-commutative
REL	Perspective_on	Non-gradable_proximity	Proximity_image_schema
REL	Perspective_on	Openness	Access_scenario
REL	Perspective_on	Operate_vehicle	Use_vehicle
REL	Perspective_on	Part_piece	Wholes_and_parts
REL	Perspective_on	Placing	Placing_scenario
REL	Perspective_on	Post_giving	Post_transfer
REL	Perspective_on	Post_receiving	Post_transfer
REL	Perspective_on	Pre_giving	Pre_transfer
REL	Perspective_on	Pre_receiving	Pre_transfer
REL	Perspective_on	Preliminaries	Activity_prepare
REL	Perspective_on	Presentation_of_mitigation	Alternativity
REL	Perspective_on	Preventing_or_letting	Causation_scenario
REL	Perspective_on	Process_continue	Delimited_state_scenario
REL	Perspective_on	Provide_lodging	Lodging_scenario
REL	Perspective_on	Quantified_mass	Measure_scenario
REL	Perspective_on	Receive_visitor_scenario	Visitor_and_host
REL	Perspective_on	Receiving	Transfer
REL	Perspective_on	Receiving_scenario	Transfer_scenario
REL	Perspective_on	Removing	Removing_scenario
REL	Perspective_on	Required_event	Preferred_alternative_scenario
REL	Perspective_on	Response	Response_scenario
REL	Perspective_on	Ride_vehicle	Use_vehicle
REL	Perspective_on	Risky_situation	Risk_scenario
REL	Perspective_on	Rope_manipulation	Knot_creation_scenario
REL	Perspective_on	Run_risk	Risk_scenario
REL	Perspective_on	Scrutinizing_for	Searching_scenario
REL	Perspective_on	Seeking	Searching_scenario
REL	Perspective_on	Shoot_projectiles	Shooting_scenario
REL	Perspective_on	Source_of_getting	Motion_scenario
REL	Perspective_on	Source_path_goal	Motion_scenario
REL	Perspective_on	Stimulus_focus	Emotions
REL	Perspective_on	Success_or_failure	Result_of_attempt_scenario
REL	Perspective_on	Successful_action	Result_of_attempt_scenario
REL	Perspective_on	Symmetrical_collective_reciprocality	Reciprocality
REL	Perspective_on	Temporal_collocation	Simultaneity
REL	Perspective_on	Temporary_stay	Lodging_scenario
REL	Perspective_on	Thwarting	Result_of_attempt_scenario
REL	Perspective_on	Timespan	Delimited_state_scenario
REL	Perspective_on	Traversing	Motion_scenario
REL	Perspective_on	Try_defendant	Trial
REL	Perspective_on	Typicality	Instance
REL	Perspective_on	Undergoing	Undergoing_scenario
REL	Perspective_on	Use_firearm	Shooting_scenario
REL	Perspective_on	Visit_host	Visitor_and_host
REL	Perspective_on	Visitor_scenario	Visiting_scenario
REL	Precedes	Activity_abandoned_state	Activity_stop
REL	Precedes	Activity_done_state	Activity_finish
REL	Precedes	Activity_finish	Activity_ongoing
REL	Precedes	Activity_ongoing	Activity_resume
REL	Precedes	Activity_ongoing	Activity_start
REL	Precedes	Activity_pause	Activity_ongoing
REL	Precedes	Activity_paused_state	Activity_pause
REL	Precedes	Activity_paused_state	Activity_stop
REL	Precedes	Activity_ready_state	Activity_prepare
REL	Precedes	Activity_resume	Activity_paused_state
REL	Precedes	Activity_start	Activity_ready_state
REL	Precedes	Activity_stop	Activity_ongoing
REL	Precedes	Arraignment	Arrest
REL	Precedes	Arriving	Departing
REL	Precedes	Bail_decision	Entering_of_plea
REL	Precedes	Being_awake	Waking_up
REL	Precedes	Being_employed	Get_a_job
REL	Precedes	Ceasing_to_be	Existence
REL	Precedes	Conquering	Invading
REL	Precedes	Criminal_investigation	Committing_crime
REL	Precedes	Criminal_process	Criminal_investigation
REL	Precedes	Death	Being_born
REL	Precedes	Death	Dying
REL	Precedes	Death	Giving_birth
REL	Precedes	Dying	Being_born
REL	Precedes	Dying	Giving_birth
REL	Precedes	Employing	Hiring
REL	Precedes	Employment_continue	Employment_start
REL	Precedes	Employment_end	Employment_continue
REL	Precedes	Entering_of_plea	Notification_of_charges
REL	Precedes	Event	Event_initial_state
REL	Precedes	Event_endstate	Event
REL	Precedes	Existence	Coming_to_be
REL	Precedes	Fall_asleep	Being_awake
REL	Precedes	Fire_burning	Catching_fire
REL	Precedes	Fire_burning	Setting_fire
REL	Precedes	Fire_going_out	Fire_burning
REL	Precedes	Firing	Employing
REL	Precedes	Getting	Pre_getting
REL	Precedes	Getting_up	Being_awake
REL	Precedes	Giving	Pre_giving
REL	Precedes	Hit_or_miss	Aiming
REL	Precedes	Inhibit_movement	Taking_captive
REL	Precedes	Jury_deliberation	Court_examination
REL	Precedes	Lose_possession	Pre_lose_possession
REL	Precedes	Manufacturing	Product_development
REL	Precedes	Meet_with	Assemble
REL	Precedes	Out_of_existence	Ceasing_to_be
REL	Precedes	Placing	Removing
REL	Precedes	Post_getting	Getting
REL	Precedes	Post_giving	Giving
REL	Precedes	Post_lose_possession	Lose_possession
REL	Precedes	Post_receiving	Receiving
REL	Precedes	Post_transfer	Transfer
REL	Precedes	Process_completed_state	Process_end
REL	Precedes	Process_continue	Process_resume
REL	Precedes	Process_continue	Process_start
REL	Precedes	Process_end	Process_continue
REL	Precedes	Process_pause	Process_continue
REL	Precedes	Process_resume	Process_stopped_state
REL	Precedes	Process_start	Process_initial_state
REL	Precedes	Process_stop	Process_continue
REL	Precedes	Process_stopped_state	Process_pause
REL	Precedes	Process_stopped_state	Process_stop
REL	Precedes	Process_uncompleted_state	Process_stop
REL	Precedes	Product_development	Achieving_first
REL	Precedes	Product_line	Product_development
REL	Precedes	Putting_out_fire	Fire_burning
REL	Precedes	Putting_out_fire	Firefighting
REL	Precedes	Quitting	Being_employed
REL	Precedes	Receiving	Pre_receiving
REL	Precedes	Releasing	Inhibit_movement
REL	Precedes	Releasing_from_custody	Detaining
REL	Precedes	Repel	Invading
REL	Precedes	Resolve_problem	Confronting_problem
REL	Precedes	Result_of_attempt_scenario	Attempt_action_scenario
REL	Precedes	Sentencing	Trial
REL	Precedes	Sleep	Fall_asleep
REL	Precedes	Substance_by_phase	Change_of_phase
REL	Precedes	Transfer	Pre_transfer
REL	Precedes	Trial	Arraignment
REL	Precedes	Verdict	Jury_deliberation
REL	Precedes	Visit_host_departure	Visit_host_stay
REL	Precedes	Visit_host_stay	Visit_host_arrival
REL	Precedes	Visiting	Visitor_arrival
REL	Precedes	Visiting_scenario_departing	Visiting_scenario_stay
REL	Precedes	Visiting_scenario_stay	Visiting_scenario_arrival
REL	Precedes	Visitor_departure	Visiting
REL	Precedes	Waking_up	Sleep
REL	ReFraming_Mapping	Absorb_heat	Make_noise
REL	ReFraming_Mapping	Achieving_first	Coming_up_with
REL	ReFraming_Mapping	Activity_start	Traversing
REL	ReFraming_Mapping	Activity_stop	Activity_finish
REL	ReFraming_Mapping	Adjacency	Locative_relation
REL	ReFraming_Mapping	Adjacency	Non-gradable_proximity
REL	ReFraming_Mapping	Affirm_or_deny	Statement
REL	ReFraming_Mapping	Amalgamation	Cause_to_amalgamate
REL	ReFraming_Mapping	Amounting_to	Adding_up
REL	ReFraming_Mapping	Apply_heat	Soaking
REL	ReFraming_Mapping	Appointing	Change_of_leadership
REL	ReFraming_Mapping	Armor	Clothing
REL	ReFraming_Mapping	Arranging	Placing
REL	ReFraming_Mapping	Arriving	Traversing
REL	ReFraming_Mapping	Artificiality	Feigning
REL	ReFraming_Mapping	Assigned_location	Placing
REL	ReFraming_Mapping	Attaching	Placing
REL	ReFraming_Mapping	Attempt_suasion	Request
REL	ReFraming_Mapping	Attention	Awareness
REL	ReFraming_Mapping	Avoiding	Path_shape
REL	ReFraming_Mapping	Awareness	Categorization
REL	ReFraming_Mapping	Becoming	Transition_to_state
REL	ReFraming_Mapping	Becoming_silent	Silencing
REL	ReFraming_Mapping	Being_at_risk	Run_risk
REL	ReFraming_Mapping	Being_born	Giving_birth
REL	ReFraming_Mapping	Being_in_control	Control
REL	ReFraming_Mapping	Body_movement	Self_motion
REL	ReFraming_Mapping	Bragging	Statement
REL	ReFraming_Mapping	Bringing	Cause_motion
REL	ReFraming_Mapping	Bringing	Operate_vehicle
REL	ReFraming_Mapping	Bringing	Placing
REL	ReFraming_Mapping	Capability	Level_of_force_exertion
REL	ReFraming_Mapping	Catastrophe	Undergoing
REL	ReFraming_Mapping	Catching_fire	Setting_fire
REL	ReFraming_Mapping	Categorization	Awareness
REL	ReFraming_Mapping	Causation	Attempt_suasion
REL	ReFraming_Mapping	Causation	Suasion
REL	ReFraming_Mapping	Cause_change	Reshaping
REL	ReFraming_Mapping	Cause_change_of_position_on_a_scale	Cause_expansion
REL	ReFraming_Mapping	Cause_fluidic_motion	Placing
REL	ReFraming_Mapping	Cause_harm	Death
REL	ReFraming_Mapping	Cause_impact	Cause_harm
REL	ReFraming_Mapping	Cause_to_make_noise	Make_noise
REL	ReFraming_Mapping	Cause_to_start	Activity_start
REL	ReFraming_Mapping	Change_direction	Traversing
REL	ReFraming_Mapping	Change_event_time	Relative_time
REL	ReFraming_Mapping	Change_of_temperature	Cause_temperature_change
REL	ReFraming_Mapping	Change_position_on_a_scale	Traversing
REL	ReFraming_Mapping	Change_posture	Path_shape
REL	ReFraming_Mapping	Change_posture	Posture
REL	ReFraming_Mapping	Chatting	Discussion
REL	ReFraming_Mapping	Clemency	Pardon
REL	ReFraming_Mapping	Cognitive_connection	Make_cognitive_connection
REL	ReFraming_Mapping	Come_together	Gathering_up
REL	ReFraming_Mapping	Coming_to_believe	Becoming_aware
REL	ReFraming_Mapping	Coming_up_with	Awareness
REL	ReFraming_Mapping	Commerce_buy	Commerce_scenario
REL	ReFraming_Mapping	Commerce_collect	Commerce_scenario
REL	ReFraming_Mapping	Commerce_pay	Commerce_scenario
REL	ReFraming_Mapping	Commerce_sell	Commerce_scenario
REL	ReFraming_Mapping	Commitment	Statement
REL	ReFraming_Mapping	Communicate_categorization	Categorization
REL	ReFraming_Mapping	Complaining	Statement
REL	ReFraming_Mapping	Contacting	Communication_means
REL	ReFraming_Mapping	Corporal_punishment	Cause_harm
REL	ReFraming_Mapping	Creating	Coming_up_with
REL	ReFraming_Mapping	Creating	Intentionally_create
REL	ReFraming_Mapping	Death	Killing
REL	ReFraming_Mapping	Deciding	Choosing
REL	ReFraming_Mapping	Delimitation_of_diversity	Position_on_a_scale
REL	ReFraming_Mapping	Departing	Path_shape
REL	ReFraming_Mapping	Departing	Traversing
REL	ReFraming_Mapping	Desirability	Expertise
REL	ReFraming_Mapping	Desirable_event	Required_event
REL	ReFraming_Mapping	Desiring	Experiencer_focus
REL	ReFraming_Mapping	Directional_locative_relation	Non-gradable_proximity
REL	ReFraming_Mapping	Dispersal	Placing
REL	ReFraming_Mapping	Dodging	Avoiding
REL	ReFraming_Mapping	Dodging	Evading
REL	ReFraming_Mapping	Elusive_goal	Evading
REL	ReFraming_Mapping	Emotion_active	Emotion_directed
REL	ReFraming_Mapping	Emotion_directed	Awareness
REL	ReFraming_Mapping	Emotion_directed	Experiencer_focus
REL	ReFraming_Mapping	Emotion_directed	Experiencer_obj
REL	ReFraming_Mapping	Emptying	Removing
REL	ReFraming_Mapping	Encoding	Statement
REL	ReFraming_Mapping	Entering_of_plea	Appeal
REL	ReFraming_Mapping	Escaping	Avoiding
REL	ReFraming_Mapping	Escaping	Cotheme
REL	ReFraming_Mapping	Escaping	Removing
REL	ReFraming_Mapping	Escaping	Self_motion
REL	ReFraming_Mapping	Evading	Avoiding
REL	ReFraming_Mapping	Evading	Cotheme
REL	ReFraming_Mapping	Evading	Elusive_goal
REL	ReFraming_Mapping	Event_instance	Frequency
REL	ReFraming_Mapping	Excreting	Removing
REL	ReFraming_Mapping	Execution	Killing
REL	ReFraming_Mapping	Expansion	Cause_expansion
REL	ReFraming_Mapping	Expensiveness	Commerce_scenario
REL	ReFraming_Mapping	Experiencer_focus	Emotion_directed
REL	ReFraming_Mapping	Expertise	Awareness
REL	ReFraming_Mapping	Expertise	Bungling
REL	ReFraming_Mapping	Expertise	Desirability
REL	ReFraming_Mapping	Expertise	Mental_property
REL	ReFraming_Mapping	Exporting	Import_export_scenario
REL	ReFraming_Mapping	Expressing_publicly	Statement
REL	ReFraming_Mapping	Fear	Experiencer_focus
REL	ReFraming_Mapping	Feeling	Experiencer_focus
REL	ReFraming_Mapping	Finish_competition	Competition
REL	ReFraming_Mapping	Fleeing	Escaping
REL	ReFraming_Mapping	Fleeing	Self_motion
REL	ReFraming_Mapping	Fluidic_motion	Make_noise
REL	ReFraming_Mapping	Forging	Feigning
REL	ReFraming_Mapping	Forgoing	Avoiding
REL	ReFraming_Mapping	Forming_relationships	Personal_relationship
REL	ReFraming_Mapping	Forming_relationships	Traversing
REL	ReFraming_Mapping	Friction	Make_noise
REL	ReFraming_Mapping	Giving_in	Compliance
REL	ReFraming_Mapping	Grinding	Reshaping
REL	ReFraming_Mapping	Grooming	Hair_configuration
REL	ReFraming_Mapping	Impact	Make_noise
REL	ReFraming_Mapping	Importing	Import_export_scenario
REL	ReFraming_Mapping	Indicating	Reporting
REL	ReFraming_Mapping	Intentional_traversing	Traversing
REL	ReFraming_Mapping	Interior_profile_relation	Locative_relation
REL	ReFraming_Mapping	Invading	Attack
REL	ReFraming_Mapping	Judgment	Judgment_communication
REL	ReFraming_Mapping	Judgment_communication	Judgment
REL	ReFraming_Mapping	Judgment_communication	Judgment_direct_address
REL	ReFraming_Mapping	Judgment_direct_address	Judgment_communication
REL	ReFraming_Mapping	Kidnapping	Removing
REL	ReFraming_Mapping	Level_of_force_exertion	Dynamism
REL	ReFraming_Mapping	Light_movement	Location_of_light
REL	ReFraming_Mapping	Likelihood	Certainty
REL	ReFraming_Mapping	Make_noise	Cause_impact
REL	ReFraming_Mapping	Making_faces	Body_movement
REL	ReFraming_Mapping	Manipulate_into_doing	Attempt_suasion
REL	ReFraming_Mapping	Measurable_attributes	Dimension
REL	ReFraming_Mapping	Mental_stimulus_stimulus_focus	Stimulus_focus
REL	ReFraming_Mapping	Motion	Traversing
REL	ReFraming_Mapping	Motion_directional	Traversing
REL	ReFraming_Mapping	Motion_noise	Make_noise
REL	ReFraming_Mapping	Moving_in_place	Cause_to_move_in_place
REL	ReFraming_Mapping	Moving_in_place	Traversing
REL	ReFraming_Mapping	Namesake	Being_named
REL	ReFraming_Mapping	Non-gradable_proximity	Locative_relation
REL	ReFraming_Mapping	Offenses	Death
REL	ReFraming_Mapping	Opinion	Awareness
REL	ReFraming_Mapping	Part_inner_outer	Part_orientational
REL	ReFraming_Mapping	Path_shape	Traversing
REL	ReFraming_Mapping	People_by_age	People
REL	ReFraming_Mapping	People_by_jurisdiction	Origin
REL	ReFraming_Mapping	People_by_morality	Morality_evaluation
REL	ReFraming_Mapping	People_by_vocation	Being_employed
REL	ReFraming_Mapping	People_by_vocation	Team
REL	ReFraming_Mapping	Perception_experience	Hearsay
REL	ReFraming_Mapping	Personal_relationship	Social_interaction_evaluation
REL	ReFraming_Mapping	Planting	Placing
REL	ReFraming_Mapping	Posing_as	Feigning
REL	ReFraming_Mapping	Preventing_or_letting	Deny_or_grant_permission
REL	ReFraming_Mapping	Preventing_or_letting	Thwarting
REL	ReFraming_Mapping	Quarreling	Discussion
REL	ReFraming_Mapping	Questioning	Request
REL	ReFraming_Mapping	Quitting_a_place	Departing
REL	ReFraming_Mapping	Reading_activity	Reading_perception
REL	ReFraming_Mapping	Referring_by_name	Being_named
REL	ReFraming_Mapping	Remembering_experience	Memory
REL	ReFraming_Mapping	Remembering_information	Memory
REL	ReFraming_Mapping	Remembering_to_do	Memory
REL	ReFraming_Mapping	Renting	Commerce_buy
REL	ReFraming_Mapping	Renting_out	Commerce_sell
REL	ReFraming_Mapping	Required_event	Being_obligated
REL	ReFraming_Mapping	Research	Scrutiny
REL	ReFraming_Mapping	Reveal_secret	Statement
REL	ReFraming_Mapping	Ride_vehicle	Operate_vehicle
REL	ReFraming_Mapping	Ride_vehicle	Self_motion
REL	ReFraming_Mapping	Risky_situation	Run_risk
REL	ReFraming_Mapping	Scheduling	Change_event_time
REL	ReFraming_Mapping	Scouring	Scrutiny
REL	ReFraming_Mapping	Scrutiny	Inspecting
REL	ReFraming_Mapping	Scrutiny	Reading_perception
REL	ReFraming_Mapping	Scrutiny	Seeking
REL	ReFraming_Mapping	Seeking	Scrutiny
REL	ReFraming_Mapping	Self_motion	Operate_vehicle
REL	ReFraming_Mapping	Self_motion	Traversing
REL	ReFraming_Mapping	Sending	Communication_means
REL	ReFraming_Mapping	Setting_out	Departing
REL	ReFraming_Mapping	Size	Dimension
REL	ReFraming_Mapping	Soaking	Apply_heat
REL	ReFraming_Mapping	Sociability	Social_interaction_evaluation
REL	ReFraming_Mapping	Sounds	Make_noise
REL	ReFraming_Mapping	Spatial_contact	Locative_relation
REL	ReFraming_Mapping	Speak_on_topic	Resolve_problem
REL	ReFraming_Mapping	Speak_on_topic	Statement
REL	ReFraming_Mapping	Statement	Body_movement
REL	ReFraming_Mapping	Statement	Categorization
REL	ReFraming_Mapping	Statement	Encoding
REL	ReFraming_Mapping	Statement	Speak_on_topic
REL	ReFraming_Mapping	Stinginess	Frugality
REL	ReFraming_Mapping	Suasion	Talking_into
REL	ReFraming_Mapping	Subjective_influence	Attempt_suasion
REL	ReFraming_Mapping	Subjective_influence	Causation
REL	ReFraming_Mapping	Subjective_influence	Talking_into
REL	ReFraming_Mapping	Successfully_communicate_message	Statement
REL	ReFraming_Mapping	Surrounding	Non-gradable_proximity
REL	ReFraming_Mapping	Telling	Request
REL	ReFraming_Mapping	Telling	Statement
REL	ReFraming_Mapping	Temporal_collocation	Relative_time
REL	ReFraming_Mapping	Temporal_collocation	Time_vector
REL	ReFraming_Mapping	Topic	Discussion
REL	ReFraming_Mapping	Transition_to_a_quality	Transition_to_state
REL	ReFraming_Mapping	Translating	Statement
REL	ReFraming_Mapping	Traversing	Path_shape
REL	ReFraming_Mapping	Undergo_change	Traversing
REL	ReFraming_Mapping	Undergo_transformation	Undergo_change
REL	ReFraming_Mapping	Usefulness	Desirability
REL	ReFraming_Mapping	Vocalizations	Sounds
REL	See_also	Abounding_with	Distributed_position
REL	See_also	Attempt	Attempt_means
REL	See_also	Be_translation_equivalent	Have_as_translation_equivalent
REL	See_also	Being_at_risk	Run_risk
REL	See_also	Being_obligated	Required_event
REL	See_also	Bringing	Cause_motion
REL	See_also	Bringing	Motion
REL	See_also	Business_closure	Endeavor_failure
REL	See_also	Capability	Possibility
REL	See_also	Cause_impact	Make_noise
REL	See_also	Cause_motion	Manipulation
REL	See_also	Cause_to_make_noise	Make_noise
REL	See_also	Certainty	Awareness
REL	See_also	Choosing	Deciding
REL	See_also	Collocation_image_schema	Proximity_image_schema
REL	See_also	Completeness	Ranked_expectation
REL	See_also	Concessive	Presentation_of_mitigation
REL	See_also	Conditional_scenario	Presentation_of_mitigation
REL	See_also	Contrition	Guilt_or_innocence
REL	See_also	Cooking_creation	Apply_heat
REL	See_also	Cure	Medical_intervention
REL	See_also	Degree	Hedging
REL	See_also	Dimension	Measurable_attributes
REL	See_also	Directional_locative_relation	Direction
REL	See_also	Distributed_position	Surrounding
REL	See_also	Dynamism	Level_of_force_exertion
REL	See_also	Education_teaching	Memorization
REL	See_also	Emptying	Cause_motion
REL	See_also	Entering_of_plea	Citing
REL	See_also	Evading	Elusive_goal
REL	See_also	Execute_plan	Being_in_effect
REL	See_also	Expectation	Omen
REL	See_also	Filling	Cause_motion
REL	See_also	Filling	Distributed_position
REL	See_also	Filling	Placing
REL	See_also	Fining	Citing
REL	See_also	Finish_competition	Win_prize
REL	See_also	Frequency	Calendric_unit
REL	See_also	Friction	Make_noise
REL	See_also	Holding_off_on	Waiting
REL	See_also	Idiosyncrasy	Typicality
REL	See_also	Impact	Make_noise
REL	See_also	Improvement_or_decline	Progression
REL	See_also	Judgment_communication	Judgment
REL	See_also	Kinship	Appellations
REL	See_also	Leadership	Appellations
REL	See_also	Level_of_force_resistance	Level_of_force_exertion
REL	See_also	Light_movement	Location_of_light
REL	See_also	Locale_closure	Endeavor_failure
REL	See_also	Motion_noise	Make_noise
REL	See_also	Notification_of_charges	Citing
REL	See_also	Objective_influence	Subjective_influence
REL	See_also	Operate_vehicle	Motion
REL	See_also	Opinion	Awareness
REL	See_also	Passing	Bringing
REL	See_also	Perception_experience	Perception_active
REL	See_also	Personal_success	Success_or_failure
REL	See_also	Personal_success	Successful_action
REL	See_also	Placing	Cause_motion
REL	See_also	Presence	Existence
REL	See_also	Process_start	Transition_to_a_situation
REL	See_also	Proportional_quantity	Hedging
REL	See_also	Quantity	Quantified_mass
REL	See_also	Reading_perception	Reading_activity
REL	See_also	Remembering_experience	Remembering_information
REL	See_also	Remembering_to_do	Remembering_information
REL	See_also	Removing	Cause_motion
REL	See_also	Removing	Placing
REL	See_also	Replacing	Exchange
REL	See_also	Ride_vehicle	Motion
REL	See_also	Ride_vehicle	Spatial_contact
REL	See_also	Risky_situation	Run_risk
REL	See_also	Scrutiny	Seeking
REL	See_also	Self_motion	Motion
REL	See_also	Sending	Bringing
REL	See_also	Social_interaction_evaluation	Sociability
REL	See_also	Sound_movement	Make_noise
REL	See_also	Sounds	Make_noise
REL	See_also	Temporal_collocation	Calendric_unit
REL	See_also	Time_vector	Relative_time
REL	See_also	Topic	Spatial_contact
REL	See_also	Transition_to_state	Transition_to_a_situation
REL	See_also	Undergo_change	Transition_to_state
REL	See_also	Using	Operating_a_system
REL	See_also	Wearing	Spatial_contact
REL	See_also	Within_distance	Interior_profile_relation
REL	Subframe	Achieving_first	Product_development_scenario
REL	Subframe	Activity_abandoned_state	Activity
REL	Subframe	Activity_done_state	Activity
REL	Subframe	Activity_finish	Activity
REL	Subframe	Activity_ongoing	Activity
REL	Subframe	Activity_pause	Activity
REL	Subframe	Activity_paused_state	Activity
REL	Subframe	Activity_prepare	Activity
REL	Subframe	Activity_ready_state	Activity
REL	Subframe	Activity_resume	Activity
REL	Subframe	Activity_start	Activity
REL	Subframe	Activity_stop	Activity
REL	Subframe	Aiming	Attempt_distant_interaction_scenario
REL	Subframe	Arraignment	Criminal_process
REL	Subframe	Arrest	Criminal_process
REL	Subframe	Arriving	Traversing
REL	Subframe	Artifact_subpart	Artifact
REL	Subframe	Attempt_action_scenario	Attempting_and_resolving_scenario
REL	Subframe	Bail_decision	Arraignment
REL	Subframe	Being_awake	Sleep_wake_cycle
REL	Subframe	Being_born	Cycle_of_life_and_death
REL	Subframe	Being_employed	Employee_scenario
REL	Subframe	Birth_scenario	Sexual_reproduction_scenario
REL	Subframe	Building_subparts	Buildings
REL	Subframe	Cause_to_land	Operate_vehicle_scenario
REL	Subframe	Ceasing_to_be	Cycle_of_existence_scenario
REL	Subframe	Change_of_phase	Change_of_phase_scenario
REL	Subframe	Coming_to_be	Cycle_of_existence_scenario
REL	Subframe	Commerce_goods-transfer	Commercial_transaction
REL	Subframe	Commerce_money-transfer	Commercial_transaction
REL	Subframe	Commercial_transaction	Commerce_scenario
REL	Subframe	Committing_crime	Crime_scenario
REL	Subframe	Conquering	Invasion_scenario
REL	Subframe	Court_examination	Trial
REL	Subframe	Criminal_investigation	Crime_scenario
REL	Subframe	Criminal_process	Crime_scenario
REL	Subframe	Dead_or_alive	Cycle_of_life_and_death
REL	Subframe	Death	Cycle_of_life_and_death
REL	Subframe	Deception_end	Deception_scenario
REL	Subframe	Departing	Traversing
REL	Subframe	Drop_in_on	Visit_host
REL	Subframe	Emergency_fire	Fire_emergency_scenario
REL	Subframe	Employing	Employer_scenario
REL	Subframe	Employment_continue	Employment_scenario
REL	Subframe	Employment_end	Employment_scenario
REL	Subframe	Employment_start	Employment_scenario
REL	Subframe	Entering_of_plea	Arraignment
REL	Subframe	Event	Dynamic_situation_scenario
REL	Subframe	Event_endstate	Dynamic_situation_scenario
REL	Subframe	Event_initial_state	Dynamic_situation_scenario
REL	Subframe	Existence	Cycle_of_existence_scenario
REL	Subframe	Fall_asleep	Sleep_wake_cycle
REL	Subframe	Finish_competition	Competition
REL	Subframe	Fire_going_out	Fire_end_scenario
REL	Subframe	Firefighting	Fire_emergency_scenario
REL	Subframe	Firing	Employer_scenario
REL	Subframe	Food_gathering	Agriculture
REL	Subframe	Get_a_job	Employee_scenario
REL	Subframe	Getting	Getting_scenario
REL	Subframe	Getting_underway	Motion
REL	Subframe	Getting_up	Sleep_wake_cycle
REL	Subframe	Getting_vehicle_underway	Operate_vehicle_scenario
REL	Subframe	Giving	Giving_scenario
REL	Subframe	Halt	Motion
REL	Subframe	Have_visitor_over	Receive_visitor_scenario
REL	Subframe	Having_commercial_agreement	Commerce_scenario
REL	Subframe	Hiring	Employer_scenario
REL	Subframe	Historic_event	Individual_history
REL	Subframe	Hit_or_miss	Attempt_distant_interaction_scenario
REL	Subframe	Hunting	Hunting_scenario
REL	Subframe	Hunting_success_or_failure	Hunting_scenario
REL	Subframe	Inhibit_movement	Inhibit_motion_scenario
REL	Subframe	Invading	Invasion_scenario
REL	Subframe	Jury_deliberation	Trial
REL	Subframe	Lose_possession	Lose_possession_scenario
REL	Subframe	Manufacturing	Product_development_scenario
REL	Subframe	Notification_of_charges	Arraignment
REL	Subframe	Operate_vehicle	Operate_vehicle_scenario
REL	Subframe	Out_of_existence	Cycle_of_existence_scenario
REL	Subframe	Placing	Cause_motion
REL	Subframe	Planting	Agriculture
REL	Subframe	Post_getting	Getting_scenario
REL	Subframe	Post_giving	Giving_scenario
REL	Subframe	Post_lose_possession	Lose_possession_scenario
REL	Subframe	Post_receiving	Receiving_scenario
REL	Subframe	Post_transfer	Transfer_scenario
REL	Subframe	Pre_getting	Getting_scenario
REL	Subframe	Pre_giving	Giving_scenario
REL	Subframe	Pre_lose_possession	Lose_possession_scenario
REL	Subframe	Pre_receiving	Receiving_scenario
REL	Subframe	Pre_transfer	Transfer_scenario
REL	Subframe	Precipitation	Weather
REL	Subframe	Process_completed_state	Process
REL	Subframe	Process_continue	Process
REL	Subframe	Process_end	Process
REL	Subframe	Process_initial_state	Process
REL	Subframe	Process_pause	Process
REL	Subframe	Process_resume	Process
REL	Subframe	Process_start	Process
REL	Subframe	Process_stop	Process
REL	Subframe	Process_stopped_state	Process
REL	Subframe	Process_uncompleted_state	Process
REL	Subframe	Procreative_sex	Sexual_reproduction_scenario
REL	Subframe	Product_development	Product_development_scenario
REL	Subframe	Putting_out_fire	Fire_stopping_scenario
REL	Subframe	Quitting	Employee_scenario
REL	Subframe	Quitting_a_place	Intentional_traversing
REL	Subframe	Quitting_a_place	Self_motion
REL	Subframe	Receiving	Receiving_scenario
REL	Subframe	Releasing	Inhibit_motion_scenario
REL	Subframe	Removing	Cause_motion
REL	Subframe	Repel	Invasion_scenario
REL	Subframe	Result_of_attempt_scenario	Attempting_and_resolving_scenario
REL	Subframe	Sentencing	Criminal_process
REL	Subframe	Setting_out	Travel
REL	Subframe	Sleep	Sleep_wake_cycle
REL	Subframe	Substance_by_phase	Change_of_phase_scenario
REL	Subframe	Taking_captive	Inhibit_motion_scenario
REL	Subframe	Transfer	Transfer_scenario
REL	Subframe	Trial	Criminal_process
REL	Subframe	Verdict	Trial
REL	Subframe	Visit_host_arrival	Visitor_and_host
REL	Subframe	Visit_host_departure	Visitor_and_host
REL	Subframe	Visit_host_stay	Visitor_and_host
REL	Subframe	Visiting	Visitor_scenario
REL	Subframe	Visiting_scenario_arrival	Visiting_scenario
REL	Subframe	Visiting_scenario_departing	Visiting_scenario
REL	Subframe	Visiting_scenario_stay	Visiting_scenario
REL	Subframe	Visitor_arrival	Visitor_scenario
REL	Subframe	Visitor_departure	Visitor_scenario
REL	Subframe	Waking_up	Sleep_wake_cycle
REL	Using	Abounding_with	Abundance
REL	Using	Abusing	Cause_harm
REL	Using	Accomplishment	Intentionally_act
REL	Using	Accuracy	Measurable_attributes
REL	Using	Accuracy	Success_or_failure
REL	Using	Achieving_first	First_experience
REL	Using	Activity_abandoned_state	Process_stopped_state
REL	Using	Activity_pause	Eventive_affecting
REL	Using	Activity_prepare	Eventive_affecting
REL	Using	Activity_start	Eventive_affecting
REL	Using	Activity_stop	Eventive_affecting
REL	Using	Adding_up	Amounting_to
REL	Using	Adducing	Statement
REL	Using	Adjusting	Cause_change
REL	Using	Adopt_selection	Choosing
REL	Using	Aging	Age
REL	Using	Alliance	Competition
REL	Using	Alliance	Organization
REL	Using	Ammunition	Weapon
REL	Using	Appeal	Criminal_process
REL	Using	Appellations	Rank
REL	Using	Armor	Protecting
REL	Using	Arranging	Placing
REL	Using	Arrest	Inhibit_movement
REL	Using	Arson	Intentionally_affect
REL	Using	Arson	Setting_fire
REL	Using	Artifact	Using
REL	Using	Artistic_style	Aesthetics
REL	Using	Assigned_location	Being_obligated
REL	Using	Assistance	Intentionally_act
REL	Using	Atonement	Forgiveness
REL	Using	Attempt_distant_interaction_scenario	Manipulation
REL	Using	Attempt_suasion	Communication
REL	Using	Attempt_suasion	Subjective_influence
REL	Using	Attention_getting	Referring_by_name
REL	Using	Attitude_description	Emotions
REL	Using	Attributed_information	Statement
REL	Using	Awareness	Information
REL	Using	Awareness_status	Awareness_situation
REL	Using	Bail_decision	Communication
REL	Using	Be_in_agreement_on_action	Make_agreement_on_action
REL	Using	Be_in_agreement_on_assessment	Opinion
REL	Using	Be_translation_equivalent	Translating
REL	Using	Bearing_arms	Weapon
REL	Using	Beat_opponent	Win_prize
REL	Using	Behind_the_scenes	Performing_arts
REL	Using	Being_active	Activity_ongoing
REL	Using	Being_detached	Being_attached
REL	Using	Being_in_captivity	Inhibit_movement
REL	Using	Being_in_category	Categorization
REL	Using	Being_in_effect	Obligation_scenario
REL	Using	Being_in_operation	Gizmo
REL	Using	Being_located	Locative_relation
REL	Using	Being_operational	Artifact
REL	Using	Being_operational	Render_nonfunctional
REL	Using	Being_rotted	Being_wet
REL	Using	Beyond_compare	Surpassing
REL	Using	Billing	Commerce_collect
REL	Using	Biological_classification	Biological_entity
REL	Using	Board_vehicle	Ride_vehicle
REL	Using	Body_decoration	Body_parts
REL	Using	Body_description_part	Body_parts
REL	Using	Body_mark	Body_parts
REL	Using	Body_movement	Body_parts
REL	Using	Body_movement	Motion
REL	Using	Bond_maturation	Repayment
REL	Using	Bounded_entity	Being_located
REL	Using	Bounded_entity	Boundary
REL	Using	Breathing	Fluidic_motion
REL	Using	Bringing	Cause_motion
REL	Using	Bringing	Motion
REL	Using	Building_subparts	Locale
REL	Using	Buildings	Locale_by_use
REL	Using	Bungling	Intentionally_act
REL	Using	Bungling	Intentionally_affect
REL	Using	Businesses	Commerce_scenario
REL	Using	Cache	Secrecy_status
REL	Using	Candidness	Communication
REL	Using	Capability	Likelihood
REL	Using	Capital_stock	Possession
REL	Using	Carry_goods	Commerce_sell
REL	Using	Carry_goods	Storing
REL	Using	Catastrophe	Eventive_affecting
REL	Using	Categorization	Instance
REL	Using	Categorization	Mental_activity
REL	Using	Causation_scenario	Alternativity
REL	Using	Causation_scenario	Conditional_scenario
REL	Using	Cause_harm	Experience_bodily_harm
REL	Using	Cause_to_burn	Setting_fire
REL	Using	Cause_to_fragment	Destroying
REL	Using	Cause_to_land	Vehicle_landing
REL	Using	Cause_to_move_in_place	Activity_ongoing
REL	Using	Cause_to_move_in_place	Manipulation
REL	Using	Certainty	Awareness
REL	Using	Change_direction	Direction
REL	Using	Change_direction	Motion
REL	Using	Change_event_time	Calendric_unit
REL	Using	Change_event_time	Scheduling
REL	Using	Change_of_quantity_of_possession	Change_position_on_a_scale
REL	Using	Change_of_quantity_of_possession	Possession
REL	Using	Chatting	Statement
REL	Using	Chemical-sense_description	Give_impression
REL	Using	Claim_ownership	Communication
REL	Using	Clothing	Closure
REL	Using	Clothing_parts	Clothing
REL	Using	Cogitation	Mental_activity
REL	Using	Colonization	Residence
REL	Using	Coming_to_believe	Mental_activity
REL	Using	Coming_up_with	Eventive_affecting
REL	Using	Commitment	Communication
REL	Using	Committing_crime	Legality
REL	Using	Commonality	Reciprocality
REL	Using	Communicate_categorization	Categorization
REL	Using	Communication	Information
REL	Using	Communication_means	Communication
REL	Using	Communication_noise	Make_noise
REL	Using	Commutation	Clemency
REL	Using	Competition	Intentionally_act
REL	Using	Completeness	Part_whole
REL	Using	Compliance	Obligation_scenario
REL	Using	Concessive	Communication
REL	Using	Condition_symptom_relation	Medical_conditions
REL	Using	Conditional_scenario	Cognitive_connection
REL	Using	Conduct	Intentionally_act
REL	Using	Conduct	Social_behavior_evaluation
REL	Using	Conferring_benefit	Giving
REL	Using	Connectors	Attaching
REL	Using	Contacting	Communication
REL	Using	Containers	Bounded_entity
REL	Using	Containers	Containing
REL	Using	Continued_state_of_affairs	State_continue
REL	Using	Contrition	Emotions
REL	Using	Convey_importance	Communication
REL	Using	Convoy	Bringing
REL	Using	Convoy	Vehicle
REL	Using	Cooking_creation	Apply_heat
REL	Using	Correctness	Information
REL	Using	Correctness	Similarity
REL	Using	Cotheme	Motion
REL	Using	Counterattack	Response
REL	Using	Court_examination	Questioning
REL	Using	Craft	Custom
REL	Using	Craft	Fields
REL	Using	Create_physical_artwork	Physical_artworks
REL	Using	Create_representation	Create_physical_artwork
REL	Using	Criminal_investigation	Seeking
REL	Using	Cure	Medical_conditions
REL	Using	Custom	Frequency
REL	Using	Cycle_of_existence_scenario	Entity
REL	Using	Dead_or_alive	Biological_entity
REL	Using	Deciding	Intentionally_act
REL	Using	Defending	Attack
REL	Using	Degree	Importance
REL	Using	Degree_of_processing	Processing_materials
REL	Using	Delimitation_of_diversity	Diversity
REL	Using	Delimitation_of_diversity	Position_on_a_scale
REL	Using	Delivery	Sending
REL	Using	Deny_or_grant_permission	Communication
REL	Using	Departing	Motion
REL	Using	Deserving	Reason
REL	Using	Deserving	Required_event
REL	Using	Deserving	Response
REL	Using	Desirability	Experiencer_focus
REL	Using	Desirable_event	Required_event
REL	Using	Desiring	Emotions
REL	Using	Detaining	Inhibit_movement
REL	Using	Differentiation	Mental_activity
REL	Using	Difficulty	Hindering
REL	Using	Discussion	Communication
REL	Using	Disembarking	Departing
REL	Using	Disembarking	Ride_vehicle
REL	Using	Distinctiveness	Similarity
REL	Using	Diversity	Type
REL	Using	Documents	Obligation_scenario
REL	Using	Dominate_situation	First_rank
REL	Using	Dough_rising	Expansion
REL	Using	Dressing	Accoutrements
REL	Using	Dressing	Clothing
REL	Using	Dressing	Placing
REL	Using	Dunking	Placing
REL	Using	Dunking	Removing
REL	Using	Earnings_and_losses	Commerce_collect
REL	Using	Earnings_and_losses	Commerce_pay
REL	Using	Eclipse	Perception_experience
REL	Using	Economy	Political_locales
REL	Using	Electricity	Capability
REL	Using	Elusive_goal	Purpose
REL	Using	Emanating	Motion
REL	Using	Emotion_active	Emotions
REL	Using	Emotion_directed	Emotions
REL	Using	Emotion_heat	Emotions
REL	Using	Emotions_of_mental_activity	Attention
REL	Using	Emphasizing	Importance
REL	Using	Encoding	Communication
REL	Using	Enforcing	Being_in_effect
REL	Using	Entering_of_plea	Communication
REL	Using	Entourage	Cotheme
REL	Using	Estimated_value	Estimating
REL	Using	Estimating	Mental_activity
REL	Using	Evading	Motion
REL	Using	Eventive_cognizer_affecting	Subjective_influence
REL	Using	Evoking	Memory
REL	Using	Examination	Awareness
REL	Using	Exchange	Transfer_scenario
REL	Using	Exchange_currency	Commerce_scenario
REL	Using	Exchange_currency	Exchange
REL	Using	Exclude_member	Membership
REL	Using	Excreting	Cause_motion
REL	Using	Excreting	Motion
REL	Using	Exemplar	Judgment
REL	Using	Expected_location_of_person	Custom
REL	Using	Expensiveness	Abounding_with
REL	Using	Expensiveness	Commerce_scenario
REL	Using	Experience_bodily_harm	Intentionally_act
REL	Using	Experiencer_obj	Emotions
REL	Using	Experimentation	Scrutiny
REL	Using	Expertise	Result_of_attempt_scenario
REL	Using	Explaining_the_facts	Evidence
REL	Using	Exporting	Commerce_sell
REL	Using	Expressing_publicly	Communication
REL	Using	Extreme_point	Gradable_attributes
REL	Using	Extreme_value	Measurable_attributes
REL	Using	Facial_expression	Body_movement
REL	Using	Fairness_evaluation	Social_interaction_evaluation
REL	Using	Fall_for	Coming_to_believe
REL	Using	Fame	Awareness
REL	Using	Fastener	Closure
REL	Using	Feeling	Emotions
REL	Using	Feigning	Conduct
REL	Using	Fields	Employment_scenario
REL	Using	Fields	People
REL	Using	Fining	Commerce_collect
REL	Using	Finish_competition	Success_or_failure
REL	Using	Firefighting	Hostile_encounter
REL	Using	Firing_point	Distant_operated_IED
REL	Using	First_rank	Gradable_attributes
REL	Using	First_rank	Prominence
REL	Using	Food	Ingestion
REL	Using	Forging	Artificiality
REL	Using	Forgiveness	Emotions
REL	Using	Freeing_from_confinement	Releasing
REL	Using	Frequency	Event
REL	Using	Friction	Impact
REL	Using	Friendly_or_hostile	Hostile_encounter
REL	Using	Front_for	Posing_as
REL	Using	Front_for	Prevarication
REL	Using	Fugitive	Being_incarcerated
REL	Using	Fullness	Containing
REL	Using	Gathering_up	Cause_motion
REL	Using	Getting_up	Change_posture
REL	Using	Giving_in	Taking_sides
REL	Using	Gizmo	Artifact
REL	Using	Goal	Source_path_goal
REL	Using	Going_back_on_a_commitment	Commitment
REL	Using	Grooming	Desirability
REL	Using	Guilt_or_innocence	Misdeed
REL	Using	Gusto	Biological_entity
REL	Using	Hair_configuration	Body_parts
REL	Using	Have_as_translation_equivalent	Translating
REL	Using	Have_associated	Existence
REL	Using	Having_or_lacking_access	Arriving
REL	Using	Health_response	Response
REL	Using	Hearsay	Communication
REL	Using	Heat_potential	Subjective_temperature
REL	Using	Heat_potential	Temperature
REL	Using	Hindering	Event
REL	Using	Historic_event	Importance
REL	Using	Hit_target	Cause_impact
REL	Using	Hit_target	Hit_or_miss
REL	Using	Hit_target	Shoot_projectiles
REL	Using	Hit_target	Shooting_scenario
REL	Using	Holding_off_on	Change_event_time
REL	Using	Holding_off_on	Forgoing
REL	Using	Hospitality	Guest_and_host
REL	Using	Hostile_encounter	Taking_sides
REL	Using	Identicality	Instance
REL	Using	Imitating	Similarity
REL	Using	Import_export_scenario	Intentionally_affect
REL	Using	Importing	Commerce_buy
REL	Using	Impression	Awareness
REL	Using	Inclusion	Part_whole
REL	Using	Indigenous_origin	Foreign_or_domestic_country
REL	Using	Individual_history	Eventive_affecting
REL	Using	Individual_history	Importance
REL	Using	Information_display	Cause_to_perceive
REL	Using	Ingestion	Cause_motion
REL	Using	Ingredients	Creating
REL	Using	Installing	Placing
REL	Using	Institutionalization	Cure
REL	Using	Institutions	Infrastructure
REL	Using	Interior_profile_relation	Bounded_region
REL	Using	Intoxication	Intoxicants
REL	Using	Irregular_combatants	Hostile_encounter
REL	Using	Isolated_places	Locale
REL	Using	Judgment	Emotions
REL	Using	Judgment_communication	Judgment
REL	Using	Judgment_communication	Statement
REL	Using	Jury_deliberation	Discussion
REL	Using	Justifying	Communication
REL	Using	Kidnapping	Being_in_control
REL	Using	Kinship	Relation_between_individuals
REL	Using	Labeling	Judgment_communication
REL	Using	Launch_process	Cause_to_start
REL	Using	Law	Text
REL	Using	Left_to_do	Purpose
REL	Using	Legal_rulings	Communication
REL	Using	Legality	Compliance
REL	Using	Legality	Law
REL	Using	Legality	Morality_evaluation
REL	Using	Level_of_force_exertion	Causation
REL	Using	Level_of_force_resistance	Preventing_or_letting
REL	Using	Light_movement	Motion
REL	Using	Limitation	Limiting
REL	Using	Linguistic_meaning	Simple_name
REL	Using	Lively_place	Activity_ongoing
REL	Using	Locale	Bounded_entity
REL	Using	Locale_by_event	Event
REL	Using	Locale_by_ownership	Possession
REL	Using	Locating	Seeking
REL	Using	Location_of_light	Perception
REL	Using	Locative_relation	Existence
REL	Using	Lodging_scenario	Guest_and_host
REL	Using	Losing_it	Mental_property
REL	Using	Luck	Destiny
REL	Using	Luck	Likelihood
REL	Using	Make_agreement_on_action	Commitment
REL	Using	Make_cognitive_connection	Cognitive_connection
REL	Using	Make_noise	Perception
REL	Using	Making_faces	Facial_expression
REL	Using	Manipulate_into_doing	Influencing_potential
REL	Using	Manipulation	Body_parts
REL	Using	Manner	Event
REL	Using	Manner_of_life	Custom
REL	Using	Margin_of_resolution	Finish_competition
REL	Using	Mass_motion	Abounding_with
REL	Using	Medical_conditions	Body_parts
REL	Using	Medical_interaction_scenario	Cure
REL	Using	Medical_professionals	Medical_interaction_scenario
REL	Using	Medical_specialties	Medical_interaction_scenario
REL	Using	Medium	Text
REL	Using	Meet_specifications	Sufficiency
REL	Using	Meet_with	Discussion
REL	Using	Member_of_military	Hostile_encounter
REL	Using	Member_of_military	Membership
REL	Using	Member_of_military	Military
REL	Using	Memory	Eventive_affecting
REL	Using	Misdeed	Morality_evaluation
REL	Using	Name_conferral	Communication
REL	Using	Namesake	Being_named
REL	Using	Needing	Desiring
REL	Using	Needing	Have_as_requirement
REL	Using	Network	Set_of_interrelated_entities
REL	Using	Notification_of_charges	Communication
REL	Using	Obscurity	Fame
REL	Using	Occupy_rank	Rank
REL	Using	Offenses	Committing_crime
REL	Using	Offering	Giving
REL	Using	Openness	Traversing
REL	Using	Operate_vehicle	Motion
REL	Using	Operate_vehicle_scenario	Motion_scenario
REL	Using	Operational_testing	Operating_a_system
REL	Using	Opportunity	Alternatives
REL	Using	Ordinal_numbers	Cardinal_numbers
REL	Using	Partiality	Taking_sides
REL	Using	Participation	Event
REL	Using	Participation	Reciprocality
REL	Using	Path_shape	Locative_relation
REL	Using	Path_traveled	Motion
REL	Using	People_by_age	Age
REL	Using	People_by_jurisdiction	Political_locales
REL	Using	People_by_military_specialty	Member_of_military
REL	Using	People_by_morality	Morality_evaluation
REL	Using	People_by_origin	Origin
REL	Using	People_by_religion	Religious_belief
REL	Using	People_by_residence	Relation_between_individuals
REL	Using	People_by_residence	Residence
REL	Using	Perception	Becoming_visible
REL	Using	Perception_active	Attention
REL	Using	Perception_body	Perception_experience
REL	Using	Performers	Performers_and_roles
REL	Using	Performers_and_roles	Performing_arts
REL	Using	Personal_relationship	Relation_between_individuals
REL	Using	Piracy	Operate_vehicle
REL	Using	Placing	Motion
REL	Using	Point_of_dispute	Be_in_agreement_on_assessment
REL	Using	Point_of_dispute	Discussion
REL	Using	Political_locales	Leadership
REL	Using	Praiseworthiness	Judgment
REL	Using	Precariousness	Motion_directional
REL	Using	Predicament	Emotions
REL	Using	Predicting	Expectation
REL	Using	Preferred_alternative_scenario	Desirability
REL	Using	Presentation_of_mitigation	Negation
REL	Using	Prevarication	Communication
REL	Using	Prevent_or_allow_possession	Possession
REL	Using	Preventing_or_letting	Event
REL	Using	Prison	Inhibit_movement
REL	Using	Probability	Position_on_a_scale
REL	Using	Product_delivery	Commerce_goods-transfer
REL	Using	Progression	Process
REL	Using	Progression	Undergo_change
REL	Using	Prohibiting_or_licensing	Law
REL	Using	Project	Purpose
REL	Using	Protecting	Run_risk
REL	Using	Protest	Taking_sides
REL	Using	Public_services	Institutions
REL	Using	Purpose	Desiring
REL	Using	Purpose	Means
REL	Using	Purpose	Mental_activity
REL	Using	Quarreling	Be_in_agreement_on_assessment
REL	Using	Questioning	Communication
REL	Using	Race_descriptor	People
REL	Using	Range	Capability
REL	Using	Reason	Intentionally_act
REL	Using	Reasoning	Communication
REL	Using	Recovery	Medical_conditions
REL	Using	Redirecting	Motion
REL	Using	Reference_text	Adducing
REL	Using	Reference_text	Text
REL	Using	Referring_by_name	Being_named
REL	Using	Reforming_a_system	Cause_change
REL	Using	Regard	Judgment
REL	Using	Relation_between_individuals	People
REL	Using	Relational_location	Image_schema
REL	Using	Relational_natural_features	Image_schema
REL	Using	Relational_natural_features	Locative_relation
REL	Using	Releasing_from_custody	Detaining
REL	Using	Reliance	Contingency
REL	Using	Reliance	Needing
REL	Using	Reliance_on_expectation	Certainty
REL	Using	Religious_belief	Awareness
REL	Using	Remainder	Change_position_on_a_scale
REL	Using	Remembering_experience	Cogitation
REL	Using	Remembering_information	Awareness
REL	Using	Remembering_to_do	Intentionally_act
REL	Using	Remembering_to_do	Purpose
REL	Using	Remembering_to_do	Remembering_information
REL	Using	Removing	Motion
REL	Using	Renunciation	Statement
REL	Using	Repel	Level_of_force_resistance
REL	Using	Reporting	Communication
REL	Using	Representing	Awareness
REL	Using	Request	Communication
REL	Using	Required_event	Being_necessary
REL	Using	Rescuing	Risk_scenario
REL	Using	Research	Cogitation
REL	Using	Respond_to_proposal	Communication_response
REL	Using	Responsibility	Intentionally_act
REL	Using	Resurrection	Dead_or_alive
REL	Using	Revolution	Rebellion
REL	Using	Rite	Intentionally_act
REL	Using	Roadways	Motion
REL	Using	Robbery	Theft
REL	Using	Sacrificing_for	Possession
REL	Using	Sacrificing_for	Preference
REL	Using	Scheduling	Making_arrangements
REL	Using	Scrutiny	Becoming_aware
REL	Using	Scrutiny	Perception_active
REL	Using	Searching_scenario	Attention
REL	Using	Secrecy_status	Awareness
REL	Using	Sending	Bringing
REL	Using	Sent_items	Sending
REL	Using	Sentencing	Communication
REL	Using	Severity_of_offense	Offenses
REL	Using	Shapes	Bounded_entity
REL	Using	Shoot_projectiles	Use_firearm
REL	Using	Shooting_scenario	Bearing_arms
REL	Using	Shopping	Commerce_buy
REL	Using	Sidereal_appearance	Motion_directional
REL	Using	Sign	Evidence
REL	Using	Simple_naming	Simple_name
REL	Using	Sociability	Social_behavior_evaluation
REL	Using	Social_event	Eventive_affecting
REL	Using	Sole_instance	Instance
REL	Using	Sound_movement	Sounds
REL	Using	Sounds	Perception
REL	Using	Spatial_co-location	Collocation_image_schema
REL	Using	Speak_on_topic	Communication
REL	Using	Spelling_and_pronouncing	Text_creation
REL	Using	Sports_jargon	Competition
REL	Using	Stage_of_progress	Progression
REL	Using	Standing_by	Activity_ready_state
REL	Using	State_continue	State
REL	Using	Statement	Communication
REL	Using	Store	Storing
REL	Using	Storing	Placing
REL	Using	Strictness	Compliance
REL	Using	Studying	Education_teaching
REL	Using	Suasion	Attempt_suasion
REL	Using	Suasion	Eventive_cognizer_affecting
REL	Using	Subjective_influence	Intentionally_act
REL	Using	Subordinates_and_superiors	Relation_between_individuals
REL	Using	Substance_by_phase	Thermodynamic_phase
REL	Using	Successfully_communicate_message	Communication
REL	Using	Sufficiency	Capability
REL	Using	Supporting	Cause_change_of_strength
REL	Using	Surrendering	Arrest
REL	Using	Surrendering	Want_suspect
REL	Using	Surrounding	Interior_profile_relation
REL	Using	Surviving	Killing
REL	Using	Suspicion	Criminal_investigation
REL	Using	Taking_sides	Desirable_event
REL	Using	Taking_sides	Opinion
REL	Using	Taking_time	Being_necessary
REL	Using	Taking_time	Duration_description
REL	Using	Talking_into	Suasion
REL	Using	Tasting	Food
REL	Using	Temporal_pattern	Event
REL	Using	Temporal_pattern	Process
REL	Using	Temporal_subregion	Part_orientational
REL	Using	Temporary_leave	Being_obligated
REL	Using	Terms_of_agreement	Documents
REL	Using	Terrorism	Cause_harm
REL	Using	Text	Text_creation
REL	Using	Text_creation	Communication
REL	Using	Thriving	Desirability
REL	Using	Time_period_of_action	Alternatives
REL	Using	Time_vector	Direction
REL	Using	Tolerating	Experiencer_focus
REL	Using	Tool_purpose	Purpose
REL	Using	Topic	Text
REL	Using	Touring	Visiting
REL	Using	Toxic_substance	Cause_harm
REL	Using	Transition_to_a_quality	Gradable_attributes
REL	Using	Translating	Mental_activity
REL	Using	Trap	Intentional_deception
REL	Using	Traversing	Path_shape
REL	Using	Turning_out	Coming_to_believe
REL	Using	Typicality	Similarity
REL	Using	Unattributed_information	Statement
REL	Using	Undergoing	Eventive_affecting
REL	Using	Undressing	Accoutrements
REL	Using	Undressing	Clothing
REL	Using	Undressing	Removing
REL	Using	Usefulness	Capability
REL	Using	Usefulness	Using
REL	Using	Vehicle_departure_initial_stage	Getting_vehicle_underway
REL	Using	Vehicle_subpart	Vehicle
REL	Using	Verdict	Communication
REL	Using	Verification	Correctness
REL	Using	Violence	Cause_harm
REL	Using	Visitor_and_host	Guest_and_host
REL	Using	Volubility	Communication
REL	Using	Volubility	Social_behavior_evaluation
REL	Using	Wagering	Run_risk
REL	Using	Waiting	Change_event_time
REL	Using	Waiting	Intentionally_act
REL	Using	Want_suspect	Give_impression
REL	Using	Waver_between_options	Choosing
REL	Using	Wealthiness	Possession
REL	Using	Wearing	Accoutrements
REL	Using	Wearing	Body_parts
REL	Using	Wearing	Clothing
REL	Using	Willingness	Choosing
REL	Using	Withdraw_from_participation	Participation
REL	Using	Word_relations	Linguistic_meaning