# English irregular forms — DERIVED from AGID (Atkinson 2016, [sources.agid])
# by regenerate_english_irregulars_tsv: every inflected form a productive
# English rule (Quirk et al. 1985 §3) cannot generate. surface<TAB>lemma<TAB>kind.
# DO NOT hand-edit — regenerate with --ignored regenerate_english_irregulars_tsv.
abashless	abashless	PluralNoun
abbesses	abbes	PluralNoun
abdominocenteses	abdominocentesis	PluralNoun
abeammer	abeam	Comparative
abeammest	abeam	Superlative
abetting	abet	PresentParticiple
abhorring	abhor	PresentParticiple
abiogeneses	abiogenesis	PluralNoun
abioses	abiosis	PluralNoun
abloommer	abloom	Comparative
abloommest	abloom	Superlative
abode	abide	PastTense
abomasa	abomasum	PluralNoun
aboutter	about	Comparative
abouttest	about	Superlative
abraseing	abrase	PresentParticiple
abroadder	abroad	Comparative
abroaddest	abroad	Superlative
abutting	abut	PresentParticiple
acanthocytoses	acanthocytosis	PluralNoun
acantholyses	acantholysis	PluralNoun
acanthoses	acanthosis	PluralNoun
acari	acarus	PluralNoun
acariases	acariasis	PluralNoun
acaridomatia	acaridomatium	PluralNoun
acarioses	acariosis	PluralNoun
accentless	accentless	PluralNoun
accruing	accrue	PresentParticiple
acervuli	acervulus	PluralNoun
acetylizeing	acetylize	PresentParticiple
acidoses	acidosis	PluralNoun
acini	acinus	PluralNoun
acquitted	acquit	PastTense
acquitting	acquit	PresentParticiple
acrocyanoses	acrocyanosis	PluralNoun
acroteria	acroterion	PluralNoun
actinobacilli	actinobacillus	PluralNoun
actinomycoses	actinomycosis	PluralNoun
actionless	actionless	PluralNoun
aculei	aculeus	PluralNoun
addenda	addendum	PluralNoun
addling	addling	PluralNoun
adenohypophyses	adenohypophysis	PluralNoun
adenomyoses	adenomyosis	PluralNoun
adenoses	adenosis	PluralNoun
adiaphora	adiaphoron	PluralNoun
adiposes	adiposis	PluralNoun
admen	adman	PluralNoun
admitting	admit	PresentParticiple
advancemen	advanceman	PluralNoun
adventuresses	adventures	PluralNoun
adyta	adytum	PluralNoun
aecia	aecium	PluralNoun
aecidia	aecidium	PluralNoun
aeolianner	aeolian	Comparative
aeoliannest	aeolian	Superlative
aeonianner	aeonian	Comparative
aeoniannest	aeonian	Superlative
aerobia	aerobium	PluralNoun
aerobioses	aerobiosis	PluralNoun
aeroneuroses	aeroneurosis	PluralNoun
affectionless	affectionless	PluralNoun
affectless	affectless	PluralNoun
afloatter	afloat	Comparative
afloattest	afloat	Superlative
afootter	afoot	Comparative
afoottest	afoot	Superlative
afraidder	afraid	Comparative
afraiddest	afraid	Superlative
againner	again	Comparative
againnest	again	Superlative
agalactoses	agalactosis	PluralNoun
agamogeneses	agamogenesis	PluralNoun
agapae	agape	PluralNoun
ageless	ageless	PluralNoun
agendaless	agendaless	PluralNoun
ageneses	agenesis	PluralNoun
ageratum	ageratum	PluralNoun
aggroupped	aggroup	PastTense
aggroupping	aggroup	PresentParticiple
agleammer	agleam	Comparative
agleammest	agleam	Superlative
agranulocytoses	agranulocytosis	PluralNoun
agranuloses	agranulosis	PluralNoun
agribusinessmen	agribusinessman	PluralNoun
aheadder	ahead	Comparative
aheaddest	ahead	Superlative
aidless	aidless	PluralNoun
aidmen	aidman	PluralNoun
ailing	ailing	PluralNoun
aimless	aimless	PluralNoun
ainner	ain	Comparative
ainnest	ain	Superlative
aircraft	aircraft	PluralNoun
aircraftmen	aircraftman	PluralNoun
aircraftwomen	aircraftwoman	PluralNoun
airdropping	airdrop	PresentParticiple
airless	airless	PluralNoun
airmen	airman	PluralNoun
airwomen	airwoman	PluralNoun
aisling	aisling	PluralNoun
akineses	akinesis	PluralNoun
albacore	albacore	PluralNoun
albatross	albatross	PluralNoun
aldermen	alderman	PluralNoun
alderwomen	alderwoman	PluralNoun
algae	alga	PluralNoun
algoidder	algoid	Comparative
algoiddest	algoid	Superlative
aliasser	alias	Comparative
aliassest	alias	Superlative
alibis	alibis	PluralNoun
aliennest	alien	Superlative
alkalies	alkali	PluralNoun
alkaloses	alkalosis	PluralNoun
alligatorfish	alligatorfish	PluralNoun
allotting	allot	PresentParticiple
almsfolk	almsfolk	PluralNoun
almsmen	almsman	PluralNoun
almswomen	almswoman	PluralNoun
alongshoremen	alongshoreman	PluralNoun
alooffer	aloof	Comparative
alooffest	aloof	Superlative
aloudder	aloud	Comparative
alouddest	aloud	Superlative
alphoses	alphosis	PluralNoun
altocumuli	altocumulus	PluralNoun
altostrati	altostratus	PluralNoun
alumnae	alumna	PluralNoun
alumni	alumnus	PluralNoun
alveolae	alveola	PluralNoun
alveoli	alveolus	PluralNoun
amainner	amain	Comparative
amainnest	amain	Superlative
amanuenses	amanuensis	PluralNoun
amassing	amas	PresentParticiple
amauroses	amaurosis	PluralNoun
amberfish	amberfish	PluralNoun
ambitionless	ambitionless	PluralNoun
ambrocateing	ambrocate	PresentParticiple
ambulacra	ambulacrum	PluralNoun
ambulancemen	ambulanceman	PluralNoun
ambulancewomen	ambulancewoman	PluralNoun
amebiases	amebiasis	PluralNoun
amebioses	amebiosis	PluralNoun
amelogeneses	amelogenesis	PluralNoun
amenta	amentum	PluralNoun
amici	amicus	PluralNoun
amitoses	amitosis	PluralNoun
amniocenteses	amniocentesis	PluralNoun
amoebiases	amoebiasis	PluralNoun
amoebioses	amoebiosis	PluralNoun
amorini	amorino	PluralNoun
ampelopses	ampelopsis	PluralNoun
amphiarthroses	amphiarthrosis	PluralNoun
amphigastria	amphigastrium	PluralNoun
amphimixes	amphimixis	PluralNoun
amphithecia	amphithecium	PluralNoun
amphorae	amphora	PluralNoun
ampullae	ampulla	PluralNoun
amyloidder	amyloid	Comparative
amyloiddest	amyloid	Superlative
amyloidoses	amyloidosis	PluralNoun
amylolyses	amylolysis	PluralNoun
anabases	anabasis	PluralNoun
anabioses	anabiosis	PluralNoun
anaclises	anaclisis	PluralNoun
anacruses	anacrusis	PluralNoun
anadiploses	anadiplosis	PluralNoun
anaerobioses	anaerobiosis	PluralNoun
anageneses	anagenesis	PluralNoun
anagnorises	anagnorisis	PluralNoun
anagramming	anagram	PresentParticiple
analyses	analysis	PluralNoun
anamneses	anamnesis	PluralNoun
anamorphoses	anamorphosis	PluralNoun
anaphylaxes	anaphylaxis	PluralNoun
anaplasmoses	anaplasmosis	PluralNoun
anaptyxes	anaptyxis	PluralNoun
anastomoses	anastomosis	PluralNoun
anathemizeing	anathemize	PresentParticiple
anchorless	anchorless	PluralNoun
anchormen	anchorman	PluralNoun
anchorpeople	anchorperson	PluralNoun
anchorwomen	anchorwoman	PluralNoun
anchyloses	anchylosis	PluralNoun
ancyloseing	ancylose	PresentParticiple
ancylostomiases	ancylostomiasis	PluralNoun
androecia	androecium	PluralNoun
androgeneses	androgenesis	PluralNoun
androidder	android	Comparative
androiddest	android	Superlative
aneling	aneling	PluralNoun
anemoses	anemosis	PluralNoun
anesthesizeing	anesthesize	PresentParticiple
angelfish	angelfish	PluralNoun
angerless	angerless	PluralNoun
angiogeneses	angiogenesis	PluralNoun
anglerfish	anglerfish	PluralNoun
anhidroses	anhidrosis	PluralNoun
anhydrousser	anhydrous	Comparative
anhydroussest	anhydrous	Superlative
animalcula	animalculum	PluralNoun
animes	animis	PluralNoun
animizeing	animize	PresentParticiple
ankyloses	ankylosis	PluralNoun
ankylostomiases	ankylostomiasis	PluralNoun
anner	an	Comparative
annest	an	Superlative
annulling	annul	PresentParticiple
annulling	annulling	PluralNoun
anoeses	anoesis	PluralNoun
anopheles	anopheles	PluralNoun
ansae	ansa	PluralNoun
answerless	answerless	PluralNoun
antalkalies	antalkali	PluralNoun
antefixae	antefixa	PluralNoun
anteing	ante	PresentParticiple
antelope	antelope	PluralNoun
antes	antis	PluralNoun
anthelices	anthelix	PluralNoun
anthemia	anthemion	PluralNoun
antheses	anthesis	PluralNoun
anthodia	anthodium	PluralNoun
anthraces	anthrax	PluralNoun
anthracoses	anthracosis	PluralNoun
anthropogeneses	anthropogenesis	PluralNoun
anthropophagi	anthropophagus	PluralNoun
anthropophagies	anthropophagi	PluralNoun
antiaircraft	antiaircraft	PluralNoun
antibioses	antibiosis	PluralNoun
antibourgeois	antibourgeois	PluralNoun
anticked	antic	PastTense
anticking	antic	PresentParticiple
anticling	anticling	PluralNoun
antihelices	antihelix	PluralNoun
antimilitary	antimilitary	PluralNoun
antiperistalses	antiperistalsis	PluralNoun
antiphrases	antiphrasis	PluralNoun
antipolice	antipolice	PluralNoun
antipyreses	antipyresis	PluralNoun
antiquing	antique	PresentParticiple
antirabies	antirabies	PluralNoun
antireligious	antireligious	PluralNoun
antisepses	antisepsis	PluralNoun
antitheses	antithesis	PluralNoun
antitragi	antitragus	PluralNoun
antliae	antlia	PluralNoun
anureses	anuresis	PluralNoun
anvilling	anvilling	PluralNoun
anxiousser	anxious	Comparative
anxioussest	anxious	Superlative
apemen	apeman	PluralNoun
aphaereses	aphaeresis	PluralNoun
aphelia	aphelion	PluralNoun
aphereses	apheresis	PluralNoun
apheses	aphesis	PluralNoun
aphthae	aphtha	PluralNoun
aphyllousser	aphyllous	Comparative
aphylloussest	aphyllous	Superlative
apianner	apian	Comparative
apiannest	apian	Superlative
apiculi	apiculus	PluralNoun
apneuses	apneusis	PluralNoun
apocrypha	apocryphon	PluralNoun
apodoses	apodosis	PluralNoun
aponeuroses	aponeurosis	PluralNoun
apophases	apophasis	PluralNoun
apophyses	apophysis	PluralNoun
apoptoses	apoptosis	PluralNoun
aposiopeses	aposiopesis	PluralNoun
apothecia	apothecium	PluralNoun
apotheoseing	apotheose	PresentParticiple
apotheoses	apotheosis	PluralNoun
appalling	appal	PresentParticiple
appalling	appalling	PluralNoun
appalti	appalto	PluralNoun
apparelling	apparelling	PluralNoun
appendices	appendix	PluralNoun
appressoria	appressorium	PluralNoun
apses	apsis	PluralNoun
apteria	apterium	PluralNoun
aqueousser	aqueous	Comparative
aqueoussest	aqueous	Superlative
arboriseing	arborise	PresentParticiple
archaeanner	archaean	Comparative
archaeannest	archaean	Superlative
archaebacteria	archaebacterium	PluralNoun
archeanner	archean	Comparative
archeannest	archean	Superlative
archegonia	archegonium	PluralNoun
archerfish	archerfish	PluralNoun
archesporia	archesporium	PluralNoun
arduousser	arduous	Comparative
arduoussest	arduous	Superlative
aretting	aret	PresentParticiple
arguing	argue	PresentParticiple
arguli	argulus	PluralNoun
argumenta	argumentum	PluralNoun
ariboflavinoses	ariboflavinosis	PluralNoun
arilli	arillus	PluralNoun
arisen	arise	PastParticiple
arling	arling	PluralNoun
armchairrer	armchair	Comparative
armchairrest	armchair	Superlative
armless	armless	PluralNoun
armorless	armorless	PluralNoun
aroidder	aroid	Comparative
aroiddest	aroid	Superlative
arose	arise	PastTense
arses	arsis	PluralNoun
arterioloscleroses	arteriolosclerosis	PluralNoun
arterioscleroses	arteriosclerosis	PluralNoun
arthritides	arthritis	PluralNoun
arthrocenteses	arthrocentesis	PluralNoun
arthrodeses	arthrodesis	PluralNoun
arthroses	arthrosis	PluralNoun
articling	articling	PluralNoun
artillerymen	artilleryman	PluralNoun
artless	artless	PluralNoun
aruspices	aruspex	PluralNoun
asbestoses	asbestosis	PluralNoun
ascariases	ascariasis	PluralNoun
asceses	ascesis	PluralNoun
asci	ascus	PluralNoun
ascidia	ascidium	PluralNoun
ascogonia	ascogonium	PluralNoun
ascomata	ascoma	PluralNoun
asepses	asepsis	PluralNoun
ashake	ashake	PluralNoun
ashless	ashless	PluralNoun
ashmen	ashman	PluralNoun
askeses	askesis	PluralNoun
asleepper	asleep	Comparative
asleeppest	asleep	Superlative
aspergilli	aspergillus	PluralNoun
aspergilloses	aspergillosis	PluralNoun
aspidia	aspidium	PluralNoun
aspiratae	aspirata	PluralNoun
assailing	assailing	PluralNoun
assemblymen	assemblyman	PluralNoun
assemblywomen	assemblywoman	PluralNoun
asser	as	Comparative
assessing	asses	PresentParticiple
assest	as	Superlative
assibiliateing	assibiliate	PresentParticiple
asteriskless	asteriskless	PluralNoun
astrogateing	astrogate	PresentParticiple
asynapses	asynapsis	PluralNoun
ataraxisses	ataraxis	PluralNoun
ate	eat	PastTense
atelectases	atelectasis	PluralNoun
ateleioses	ateleiosis	PluralNoun
atelioses	ateliosis	PluralNoun
atherogeneses	atherogenesis	PluralNoun
atheromatoses	atheromatosis	PluralNoun
atheroscleroses	atherosclerosis	PluralNoun
athetoses	athetosis	PluralNoun
athrocytoses	athrocytosis	PluralNoun
atmolyses	atmolysis	PluralNoun
atopognoses	atopognosis	PluralNoun
atria	atrium	PluralNoun
attackmen	attackman	PluralNoun
attrapping	attrap	PresentParticiple
attritting	attrit	PresentParticiple
aurei	aureus	PluralNoun
aures	auris	PluralNoun
aurousser	aurous	Comparative
auroussest	aurous	Superlative
auspices	auspex	PluralNoun
australes	austral	PluralNoun
authorless	authorless	PluralNoun
autocatalyses	autocatalysis	PluralNoun
autogeneses	autogenesis	PluralNoun
autohypnoses	autohypnosis	PluralNoun
autolyses	autolysis	PluralNoun
automen	automan	PluralNoun
auxeses	auxesis	PluralNoun
averring	aver	PresentParticiple
avianiseing	avianise	PresentParticiple
avianner	avian	Comparative
aviannest	avian	Superlative
avitaminoses	avitaminosis	PluralNoun
aweless	aweless	PluralNoun
awless	awless	PluralNoun
awnless	awnless	PluralNoun
awoke	awake	PastTense
awoken	awake	PastParticiple
axemen	axeman	PluralNoun
axilemmata	axilemma	PluralNoun
axmen	axman	PluralNoun
ayes	ay	PluralNoun
azureing	azure	PresentParticiple
azygousser	azygous	Comparative
azygoussest	azygous	Superlative
babesiases	babesiasis	PluralNoun
babesioses	babesiosis	PluralNoun
babysat	babysit	PastParticiple
babysit	babysit	PastTense
babysitting	babysit	PresentParticiple
bacchanalia	bacchanalia	PluralNoun
bacchii	bacchius	PluralNoun
bachelorring	bachelor	PresentParticiple
bacilli	bacillus	PluralNoun
backbit	backbite	PastTense
backbitten	backbite	PastParticiple
backboneless	backboneless	PluralNoun
backcourtmen	backcourtman	PluralNoun
backdropping	backdrop	PresentParticiple
backfitting	backfit	PresentParticiple
backless	backless	PluralNoun
backlogging	backlog	PresentParticiple
backpedalling	backpedalling	PluralNoun
backslapping	backslap	PresentParticiple
backslid	backslide	PastParticiple
backslid	backslide	PastTense
backstabbing	backstab	PresentParticiple
backstairrer	backstair	Comparative
backstairrest	backstair	Superlative
backstopping	backstop	PresentParticiple
backswordmen	backswordman	PluralNoun
backwoodsmen	backwoodsman	PluralNoun
bacteria	bacterium	PluralNoun
bacteriolyses	bacteriolysis	PluralNoun
bacteriostases	bacteriostasis	PluralNoun
badmen	badman	PluralNoun
baffling	baffling	PluralNoun
bagascoses	bagascosis	PluralNoun
bagassoses	bagassosis	PluralNoun
bagmen	bagman	PluralNoun
bailoutter	bailout	Comparative
bailouttest	bailout	Superlative
bailsmen	bailsman	PluralNoun
baitfish	baitfish	PluralNoun
baling	baling	PluralNoun
balling	balling	PluralNoun
balloonfish	balloonfish	PluralNoun
balloonner	balloon	Comparative
balloonnest	balloon	Superlative
ballyragging	ballyrag	PresentParticiple
bandeaux	bandeau	PluralNoun
bandfish	bandfish	PluralNoun
bandless	bandless	PluralNoun
bandsmen	bandsman	PluralNoun
bandymen	bandyman	PluralNoun
bani	ban	PluralNoun
banksmen	banksman	PluralNoun
bantling	bantling	PluralNoun
barbecuing	barbecue	PresentParticiple
barbequing	barbeque	PresentParticiple
barbless	barbless	PluralNoun
bardling	bardling	PluralNoun
bargainnest	bargain	Superlative
bargemen	bargeman	PluralNoun
barhopping	barhop	PresentParticiple
barkless	barkless	PluralNoun
barless	barless	PluralNoun
barmen	barman	PluralNoun
barnier	barney	Comparative
barniest	barney	Superlative
barracks	barracks	PluralNoun
barrelfish	barrelfish	PluralNoun
barreling	barreling	PluralNoun
barrelling	barrelling	PluralNoun
baseless	baseless	PluralNoun
basemen	baseman	PluralNoun
basementless	basementless	PluralNoun
bases	basis	PluralNoun
bashless	bashless	PluralNoun
basidia	basidium	PluralNoun
bateaux	bateau	PluralNoun
batfish	batfish	PluralNoun
bathless	bathless	PluralNoun
batmen	batman	PluralNoun
batsmen	batsman	PluralNoun
batteaux	batteau	PluralNoun
battling	battling	PluralNoun
batwomen	batwoman	PluralNoun
baud	baud	PluralNoun
bayadeer	bayadeer	PluralNoun
baymen	bayman	PluralNoun
beadmen	beadman	PluralNoun
beadsmen	beadsman	PluralNoun
beadswomen	beadswoman	PluralNoun
beakking	beak	PresentParticiple
beakless	beakless	PluralNoun
beamless	beamless	PluralNoun
beardless	beardless	PluralNoun
beat	beat	PastTense
beaten	beat	PastParticiple
beatless	beatless	PluralNoun
beauteousser	beauteous	Comparative
beauteoussest	beauteous	Superlative
beautter	beaut	Comparative
beauttest	beaut	Superlative
bebopping	bebop	PresentParticiple
became	become	PastTense
becapping	becap	PresentParticiple
beclogging	beclog	PresentParticiple
become	become	PastParticiple
becudgelling	becudgelling	PluralNoun
bedazeing	bedaze	PresentParticiple
bedemen	bedeman	PluralNoun
bedevilling	bedevilling	PluralNoun
bedimming	bedim	PresentParticiple
bedless	bedless	PluralNoun
bedrivelling	bedrivelling	PluralNoun
bedroommer	bedroom	Comparative
bedroommest	bedroom	Superlative
bedrugging	bedrug	PresentParticiple
beefless	beefless	PluralNoun
been	be	PastParticiple
beetling	beetling	PluralNoun
befallen	befall	PastParticiple
befell	befall	PastTense
befitting	befit	PresentParticiple
beflagging	beflag	PresentParticiple
befogging	befog	PresentParticiple
befretting	befret	PresentParticiple
began	begin	PastTense
begetting	beget	PresentParticiple
beggarmen	beggarman	PluralNoun
beggarwomen	beggarwoman	PluralNoun
beginning	begin	PresentParticiple
begirdling	begirdling	PluralNoun
begladding	beglad	PresentParticiple
begoneing	begone	PresentParticiple
begot	beget	PastTense
begotten	beget	PastParticiple
begrimming	begrim	PresentParticiple
begumming	begum	PresentParticiple
begun	begin	PastParticiple
beheld	behold	PastTense
being	be	PresentParticiple
beingless	beingless	PluralNoun
bejewelling	bejewelling	PluralNoun
beknotting	beknot	PresentParticiple
beliefless	beliefless	PluralNoun
belling	belling	PluralNoun
bellmen	bellman	PluralNoun
bellyless	bellyless	PluralNoun
beltless	beltless	PluralNoun
belying	belie	PresentParticiple
benes	benis	PluralNoun
benetting	benet	PresentParticiple
bennes	bennis	PluralNoun
bent	bend	PastTense
bentwoodder	bentwood	Comparative
bentwooddest	bentwood	Superlative
berceaux	berceau	PluralNoun
berobbing	berob	PresentParticiple
besat	besit	PastTense
beset	beset	PastTense
besetting	beset	PresentParticiple
besitting	besit	PresentParticiple
besmutting	besmut	PresentParticiple
besotting	besot	PresentParticiple
besought	beseech	PastTense
bespeckleing	bespeckle	PresentParticiple
bespoke	bespeak	PastTense
bespoken	bespeak	PastParticiple
bespotting	bespot	PresentParticiple
bespread	bespread	PastTense
best	good	Superlative
best	well	Superlative
bestirring	bestir	PresentParticiple
bestrid	bestrid	PastTense
bestridden	bestride	PastParticiple
bestrode	bestride	PastTense
bestudding	bestud	PresentParticiple
bet	bet	PastTense
betaken	betake	PastParticiple
bethought	bethink	PastTense
betook	betake	PastTense
betrothed	betrothed	PluralNoun
better	good	Comparative
better	well	Comparative
betweenner	between	Comparative
betweennest	between	Superlative
bevelling	bevelling	PluralNoun
bewept	beweep	PastTense
bewhiskerring	bewhisker	PresentParticiple
bewigging	bewig	PresentParticiple
bewrapping	bewrap	PresentParticiple
biasser	bias	Comparative
biassest	bias	Superlative
bibless	bibless	PluralNoun
biceps	biceps	PluralNoun
bid	bid	PastTense
bidden	bid	PastParticiple
bigae	biga	PluralNoun
bijoux	bijou	PluralNoun
bilharziases	bilharziasis	PluralNoun
biliousser	bilious	Comparative
bilioussest	bilious	Superlative
billfish	billfish	PluralNoun
billibis	billibis	PluralNoun
billionairesses	billionaires	PluralNoun
billionner	billion	Comparative
billionnest	billion	Superlative
billmen	billman	PluralNoun
binmen	binman	PluralNoun
biocenoses	biocenosis	PluralNoun
biocoenoses	biocoenosis	PluralNoun
biogeneses	biogenesis	PluralNoun
biolyses	biolysis	PluralNoun
biosyntheses	biosynthesis	PluralNoun
birddogging	birddog	PresentParticiple
birdmen	birdman	PluralNoun
biscotti	biscotto	PluralNoun
bison	bison	PluralNoun
bit	bite	PastTense
bitless	bitless	PluralNoun
bitten	bite	PastParticiple
bitterling	bitterling	PluralNoun
bivouacked	bivouac	PastTense
bivouacking	bivouac	PresentParticiple
bizzes	biz	PluralNoun
blackfish	blackfish	PluralNoun
blackleadded	blacklead	PastTense
blackleadding	blacklead	PresentParticiple
blacklegging	blackleg	PresentParticiple
blacktopping	blacktop	PresentParticiple
blahing	blah	PresentParticiple
blameless	blameless	PluralNoun
blastogeneses	blastogenesis	PluralNoun
blastomycoses	blastomycosis	PluralNoun
blateing	blate	PresentParticiple
bled	bleed	PastTense
blepharitides	blepharitis	PluralNoun
blew	blow	PastTense
blindfish	blindfish	PluralNoun
blindless	blindless	PluralNoun
blissless	blissless	PluralNoun
blocked	bloc	PastTense
blocking	bloc	PresentParticiple
bloodless	bloodless	PluralNoun
bloomless	bloomless	PluralNoun
blotless	blotless	PluralNoun
blowfish	blowfish	PluralNoun
blown	blow	PastParticiple
bluebuck	bluebuck	PluralNoun
bluesmen	bluesman	PluralNoun
bluing	blue	PresentParticiple
blushless	blushless	PluralNoun
boardmen	boardman	PluralNoun
boarfish	boarfish	PluralNoun
boastless	boastless	PluralNoun
boatmen	boatman	PluralNoun
boatsmen	boatsman	PluralNoun
bobsledding	bobsled	PresentParticiple
bocces	boccis	PluralNoun
bode	bide	PastTense
bodyless	bodyless	PluralNoun
bogeymen	bogeyman	PluralNoun
boguing	bogue	PresentParticiple
bogymen	bogyman	PluralNoun
boltless	boltless	PluralNoun
bombprooffer	bombproof	Comparative
bombprooffest	bombproof	Superlative
bonderizeing	bonderize	PresentParticiple
bondless	bondless	PluralNoun
bondmen	bondman	PluralNoun
bondsmen	bondsman	PluralNoun
bondswomen	bondswoman	PluralNoun
bondwomen	bondwoman	PluralNoun
bonefish	bonefish	PluralNoun
boneless	boneless	PluralNoun
bonier	boney	Comparative
boniest	boney	Superlative
boogermen	boogerman	PluralNoun
boogeymen	boogeyman	PluralNoun
boogymen	boogyman	PluralNoun
bookkest	book	Superlative
bookless	bookless	PluralNoun
bookmen	bookman	PluralNoun
boomless	boomless	PluralNoun
boonless	boonless	PluralNoun
boonner	boon	Comparative
boonnest	boon	Superlative
bootlegging	bootleg	PresentParticiple
bootless	bootless	PluralNoun
bootstrapping	bootstrap	PresentParticiple
boozier	boozey	Comparative
booziest	boozey	Superlative
borborygmi	borborygmus	PluralNoun
bordereaux	bordereau	PluralNoun
borderless	borderless	PluralNoun
bore	bear	PastTense
borne	bear	PastParticiple
botryoidder	botryoid	Comparative
botryoiddest	botryoid	Superlative
bottlefed	bottlefeed	PastTense
bottlefeedding	bottlefeed	PresentParticiple
bottling	bottling	PluralNoun
bottomless	bottomless	PluralNoun
boughless	boughless	PluralNoun
bought	buy	PastTense
bound	bind	PastTense
boundless	boundless	PluralNoun
bounteousser	bounteous	Comparative
bounteoussest	bounteous	Superlative
bountiedder	bountied	Comparative
bountieddest	bountied	Superlative
bourgeois	bourgeois	PluralNoun
bowelless	bowelless	PluralNoun
bowelling	bowelling	PluralNoun
bowerwomen	bowerwoman	PluralNoun
bowless	bowless	PluralNoun
bowling	bowling	PluralNoun
bowmen	bowman	PluralNoun
boxfish	boxfish	PluralNoun
brachia	brachium	PluralNoun
bractless	bractless	PluralNoun
bragless	bragless	PluralNoun
brailling	brailling	PluralNoun
brainchildren	brainchild	PluralNoun
braindead	braindead	PluralNoun
brainless	brainless	PluralNoun
brakeless	brakeless	PluralNoun
brakemen	brakeman	PluralNoun
braless	braless	PluralNoun
branchiae	branchia	PluralNoun
branchless	branchless	PluralNoun
brandling	brandling	PluralNoun
bratling	bratling	PluralNoun
brawling	brawling	PluralNoun
breastfed	breastfeed	PastTense
breastless	breastless	PluralNoun
breathless	breathless	PluralNoun
bred	breed	PastTense
breechless	breechless	PluralNoun
brees	breis	PluralNoun
breezeless	breezeless	PluralNoun
bregmata	bregma	PluralNoun
brevetting	brevet	PresentParticiple
bridemen	brideman	PluralNoun
bridesmen	bridesman	PluralNoun
bridgeless	bridgeless	PluralNoun
briefless	briefless	PluralNoun
briguing	brigue	PresentParticiple
brimless	brimless	PluralNoun
briquetted	briquet	PastTense
briquetting	briquet	PresentParticiple
brisling	brisling	PluralNoun
brittling	brittling	PluralNoun
broadcast	broadcast	PastTense
broadleaffer	broadleaf	Comparative
broadleaffest	broadleaf	Superlative
broadloommer	broadloom	Comparative
broadloommest	broadloom	Superlative
broke	break	PastTense
broken	break	PastParticiple
bronchi	bronchus	PluralNoun
bronchia	bronchium	PluralNoun
bronchiectases	bronchiectasis	PluralNoun
brooddest	brood	Superlative
brought	bring	PastTense
browbeat	browbeat	PastTense
browbeaten	browbeat	PastParticiple
browless	browless	PluralNoun
brucelloses	brucellosis	PluralNoun
brumousser	brumous	Comparative
brumoussest	brumous	Superlative
brushless	brushless	PluralNoun
buckling	buckling	PluralNoun
buckteeth	bucktooth	PluralNoun
buckwheatter	buckwheat	Comparative
buckwheattest	buckwheat	Superlative
budless	budless	PluralNoun
buffalofish	buffalofish	PluralNoun
bugling	bugling	PluralNoun
built	build	PastTense
bulbless	bulbless	PluralNoun
bulbousser	bulbous	Comparative
bulboussest	bulbous	Superlative
bulldogging	bulldog	PresentParticiple
bullshitting	bullshit	PresentParticiple
bullwhipping	bullwhip	PresentParticiple
bullyragging	bullyrag	PresentParticiple
bumptiousser	bumptious	Comparative
bumptioussest	bumptious	Superlative
bundling	bundling	PluralNoun
bungling	bungling	PluralNoun
burbling	burbling	PluralNoun
burgling	burgling	PluralNoun
burlesquing	burlesque	PresentParticiple
burlier	burley	Comparative
burliest	burley	Superlative
burling	burling	PluralNoun
burrfish	burrfish	PluralNoun
bursae	bursa	PluralNoun
burst	burst	PastTense
bushelling	bushelling	PluralNoun
bushelmen	bushelman	PluralNoun
bushless	bushless	PluralNoun
bushmen	bushman	PluralNoun
businessmen	businessman	PluralNoun
businesspeople	businessperson	PluralNoun
businesswomen	businesswoman	PluralNoun
busing	bus	PresentParticiple
busmen	busman	PluralNoun
bustling	bustling	PluralNoun
butling	butling	PluralNoun
butterfish	butterfish	PluralNoun
butterflyfish	butterflyfish	PluralNoun
butterinesses	butterines	PluralNoun
butterless	butterless	PluralNoun
buttling	buttling	PluralNoun
buttonless	buttonless	PluralNoun
buttonquail	buttonquail	PluralNoun
buttymen	buttyman	PluralNoun
byes	by	PluralNoun
byremen	byreman	PluralNoun
byrewomen	byrewoman	PluralNoun
byssinoses	byssinosis	PluralNoun
caballing	cabal	PresentParticiple
caballing	caballing	PluralNoun
cablecast	cablecast	PastTense
cabling	cabling	PluralNoun
cabmen	cabman	PluralNoun
cacogeneses	cacogenesis	PluralNoun
cacti	cactus	PluralNoun
caddying	caddie	PresentParticiple
cadeaux	cadeau	PluralNoun
cades	cadis	PluralNoun
caducei	caduceus	PluralNoun
caeca	caecum	PluralNoun
caenogeneses	caenogenesis	PluralNoun
cageling	cageling	PluralNoun
cagier	cagey	Comparative
cagiest	cagey	Superlative
cainogeneses	cainogenesis	PluralNoun
cakier	cakey	Comparative
cakiest	cakey	Superlative
calathi	calathus	PluralNoun
calcanei	calcaneus	PluralNoun
calcinoses	calcinosis	PluralNoun
calculi	calculus	PluralNoun
caldaria	caldarium	PluralNoun
calfless	calfless	PluralNoun
calices	calix	PluralNoun
callousser	callous	Comparative
calloussest	callous	Superlative
calquing	calque	PresentParticiple
calyculi	calyculus	PluralNoun
camaieux	camaieu	PluralNoun
came	come	PastTense
cameramen	cameraman	PluralNoun
camerawomen	camerawoman	PluralNoun
cami	camus	PluralNoun
canaliculi	canaliculus	PluralNoun
canalling	canal	PresentParticiple
canalling	canalling	PluralNoun
cancelling	cancelling	PluralNoun
cancroidder	cancroid	Comparative
cancroiddest	cancroid	Superlative
candelabra	candelabrum	PluralNoun
candidiases	candidiasis	PluralNoun
candlefish	candlefish	PluralNoun
cangling	cangling	PluralNoun
cannotting	cannot	PresentParticiple
canoing	canoe	PresentParticiple
canthi	canthus	PluralNoun
cantling	cantling	PluralNoun
capellines	capellinis	PluralNoun
capitula	capitulum	PluralNoun
capless	capless	PluralNoun
captionless	captionless	PluralNoun
captiousser	captious	Comparative
captioussest	captious	Superlative
caracolling	caracol	PresentParticiple
caracolling	caracolling	PluralNoun
carbonless	carbonless	PluralNoun
carburetting	carburet	PresentParticiple
carcinogeneses	carcinogenesis	PluralNoun
carcinomatoses	carcinomatosis	PluralNoun
cardinalfish	cardinalfish	PluralNoun
careerrest	career	Superlative
careless	careless	PluralNoun
caressing	cares	PresentParticiple
caretaken	caretake	PastParticiple
caretook	caretake	PastTense
carhopping	carhop	PresentParticiple
caribou	caribou	PluralNoun
carices	carex	PluralNoun
carillonning	carillon	PresentParticiple
cariousser	carious	Comparative
carioussest	carious	Superlative
carless	carless	PluralNoun
carling	carling	PluralNoun
carmen	carman	PluralNoun
carmineing	carmine	PresentParticiple
carnier	carney	Comparative
carniest	carney	Superlative
carnying	carnie	PresentParticiple
carolling	carolling	PluralNoun
carp	carp	PluralNoun
carpetbagging	carpetbag	PresentParticiple
carpi	carpus	PluralNoun
carryoutter	carryout	Comparative
carryouttest	carryout	Superlative
caryopses	caryopsis	PluralNoun
caseousser	caseous	Comparative
caseoussest	caseous	Superlative
cashless	cashless	PluralNoun
cast	cast	PastTense
casteless	casteless	PluralNoun
castling	castling	PluralNoun
catabases	catabasis	PluralNoun
catabioses	catabiosis	PluralNoun
catachreses	catachresis	PluralNoun
cataclases	cataclasis	PluralNoun
catalexes	catalexis	PluralNoun
cataloguing	catalogue	PresentParticiple
catalyses	catalysis	PluralNoun
cataphoreses	cataphoresis	PluralNoun
catastases	catastasis	PluralNoun
catecheses	catechesis	PluralNoun
catenulateing	catenulate	PresentParticiple
catfish	catfish	PluralNoun
catharses	catharsis	PluralNoun
cathexes	cathexis	PluralNoun
catling	catling	PluralNoun
catnapping	catnap	PresentParticiple
cattlemen	cattleman	PluralNoun
caught	catch	PastTense
caules	caulis	PluralNoun
causeless	causeless	PluralNoun
cautiousser	cautious	Comparative
cautioussest	cautious	Superlative
cavalrymen	cavalryman	PluralNoun
caveatted	caveat	PastTense
caveatting	caveat	PresentParticiple
cavefish	cavefish	PluralNoun
cavemen	caveman	PluralNoun
cavilling	cavilling	PluralNoun
ceaseless	ceaseless	PluralNoun
ceca	cecum	PluralNoun
cedes	cedis	PluralNoun
celiocenteses	celiocentesis	PluralNoun
cellae	cella	PluralNoun
cellarmen	cellarman	PluralNoun
celling	celling	PluralNoun
celomata	celoma	PluralNoun
celsiusser	celsius	Comparative
celsiussest	celsius	Superlative
cementa	cementum	PluralNoun
cenogeneses	cenogenesis	PluralNoun
centerless	centerless	PluralNoun
centeses	centesis	PluralNoun
centrifugateing	centrifugate	PresentParticiple
cernuousser	cernuous	Comparative
cernuoussest	cernuous	Superlative
cerousser	cerous	Comparative
ceroussest	cerous	Superlative
cervices	cervix	PluralNoun
cha	chon	PluralNoun
chadless	chadless	PluralNoun
chaetae	chaeta	PluralNoun
chaffless	chaffless	PluralNoun
chainless	chainless	PluralNoun
chainmen	chainman	PluralNoun
chairmen	chairman	PluralNoun
chairwomen	chairwoman	PluralNoun
chalumeaux	chalumeau	PluralNoun
chamois	chamois	PluralNoun
championner	champion	Comparative
championnest	champion	Superlative
chanceless	chanceless	PluralNoun
chancier	chancey	Comparative
chanciest	chancey	Superlative
chancrousser	chancrous	Comparative
chancroussest	chancrous	Superlative
changeless	changeless	PluralNoun
changeling	changeling	PluralNoun
chapeless	chapeless	PluralNoun
chapeling	chapeling	PluralNoun
chapelling	chapelling	PluralNoun
chapesses	chapes	PluralNoun
chapless	chapless	PluralNoun
chapmen	chapman	PluralNoun
characterless	characterless	PluralNoun
chargeless	chargeless	PluralNoun
charismata	charisma	PluralNoun
charmless	charmless	PluralNoun
chartless	chartless	PluralNoun
charwomen	charwoman	PluralNoun
chasseing	chasse	PresentParticiple
chassis	chassis	PluralNoun
chastizeing	chastize	PresentParticiple
chateaux	chateau	PluralNoun
checkless	checkless	PluralNoun
cheekker	cheek	Comparative
cheekkest	cheek	Superlative
cheekless	cheekless	PluralNoun
cheerled	cheerlead	PastTense
cheerless	cheerless	PluralNoun
cheiloses	cheilosis	PluralNoun
chelicerae	chelicera	PluralNoun
chemokineses	chemokinesis	PluralNoun
chemoprophylaxes	chemoprophylaxis	PluralNoun
chemoses	chemosis	PluralNoun
chemosmoses	chemosmosis	PluralNoun
chemosyntheses	chemosynthesis	PluralNoun
chemotaxes	chemotaxis	PluralNoun
chessmen	chessman	PluralNoun
chickling	chickling	PluralNoun
chiefless	chiefless	PluralNoun
chiefling	chiefling	PluralNoun
childless	childless	PluralNoun
childprooffer	childproof	Comparative
childprooffest	childproof	Superlative
children	child	PluralNoun
chiles	chilis	PluralNoun
chilies	chili	PluralNoun
chillies	chilli	PluralNoun
chinchilla	chinchillon	PluralNoun
chinless	chinless	PluralNoun
chinwagging	chinwag	PresentParticiple
chiselling	chiselling	PluralNoun
chitchatting	chitchat	PresentParticiple
chitling	chitling	PluralNoun
chitterling	chitterling	PluralNoun
chlamydeousser	chlamydeous	Comparative
chlamydeoussest	chlamydeous	Superlative
chlamydiae	chlamydia	PluralNoun
chloroses	chlorosis	PluralNoun
choanae	choana	PluralNoun
chocked	choc	PastTense
chocking	choc	PresentParticiple
choirmen	choirman	PluralNoun
chokier	chokey	Comparative
chokiest	chokey	Superlative
cholecystitides	cholecystitis	PluralNoun
cholelithiases	cholelithiasis	PluralNoun
cholestases	cholestasis	PluralNoun
chondri	chondrus	PluralNoun
chondrites	chondritis	PluralNoun
choosier	choosey	Comparative
choosiest	choosey	Superlative
chordae	chorda	PluralNoun
choremen	choreman	PluralNoun
choroidder	choroid	Comparative
choroiddest	choroid	Superlative
chose	choose	PastTense
chosen	choose	PastParticiple
christianner	christian	Comparative
christiannest	christian	Superlative
christless	christless	PluralNoun
christmassing	christmas	PresentParticiple
chromatolyses	chromatolysis	PluralNoun
chromidia	chromidium	PluralNoun
chromoblastomycoses	chromoblastomycosis	PluralNoun
chromonemata	chromonema	PluralNoun
chronicling	chronicling	PluralNoun
chthonianner	chthonian	Comparative
chthoniannest	chthonian	Superlative
chub	chub	PluralNoun
chuckling	chuckling	PluralNoun
chuffling	chuffling	PluralNoun
chugalugging	chugalug	PresentParticiple
churchless	churchless	PluralNoun
churchmen	churchman	PluralNoun
churchwomen	churchwoman	PluralNoun
chylaceousser	chylaceous	Comparative
chylaceoussest	chylaceous	Superlative
chylousser	chylous	Comparative
chyloussest	chylous	Superlative
ciboria	ciborium	PluralNoun
cicatrices	cicatrix	PluralNoun
ciceroni	cicerone	PluralNoun
cigarfish	cigarfish	PluralNoun
cilia	cilium	PluralNoun
cimices	cimex	PluralNoun
cineraria	cinerarium	PluralNoun
cingula	cingulum	PluralNoun
cippi	cippus	PluralNoun
circumvoluteing	circumvolute	PresentParticiple
cirrhoses	cirrhosis	PluralNoun
cirri	cirrus	PluralNoun
cirrocumuli	cirrocumulus	PluralNoun
cirrostrati	cirrostratus	PluralNoun
cisternae	cisterna	PluralNoun
citesses	cites	PluralNoun
citrateing	citrate	PresentParticiple
citrousser	citrous	Comparative
citroussest	citrous	Superlative
clad	clad	PastTense
cladogeneses	cladogenesis	PluralNoun
cladophylla	cladophyllum	PluralNoun
clankless	clankless	PluralNoun
clanless	clanless	PluralNoun
clansmen	clansman	PluralNoun
clanswomen	clanswoman	PluralNoun
clarionner	clarion	Comparative
clarionnest	clarion	Superlative
classes	classis	PluralNoun
classless	classless	PluralNoun
classmen	classman	PluralNoun
claustra	claustrum	PluralNoun
clausulae	clausula	PluralNoun
claves	clavis	PluralNoun
clavi	clavus	PluralNoun
clawfeet	clawfoot	PluralNoun
clawless	clawless	PluralNoun
claxonning	claxon	PresentParticiple
clayier	clayey	Comparative
clayiest	clayey	Superlative
clearcut	clearcut	PastTense
clearcutting	clearcut	PresentParticiple
clergymen	clergyman	PluralNoun
clergywomen	clergywoman	PluralNoun
clientless	clientless	PluralNoun
cliffhung	cliffhang	PastTense
climaxless	climaxless	PluralNoun
clinandria	clinandrium	PluralNoun
clingfish	clingfish	PluralNoun
clinoaxes	clinoaxis	PluralNoun
cliquier	cliquey	Comparative
cliquiest	cliquey	Superlative
cliquing	clique	PresentParticiple
clitella	clitellum	PluralNoun
cloacae	cloaca	PluralNoun
closeoutter	closeout	Comparative
closeouttest	closeout	Superlative
clothesless	clothesless	PluralNoun
cloudless	cloudless	PluralNoun
cloyless	cloyless	PluralNoun
clubfeet	clubfoot	PluralNoun
clubmen	clubman	PluralNoun
clubwomen	clubwoman	PluralNoun
clueless	clueless	PluralNoun
cluing	clue	PresentParticiple
clung	cling	PastTense
cnidae	cnida	PluralNoun
coachmen	coachman	PluralNoun
coadmitting	coadmit	PresentParticiple
coalfish	coalfish	PluralNoun
coalless	coalless	PluralNoun
coalmen	coalman	PluralNoun
coastguardmen	coastguardman	PluralNoun
coastguardsmen	coastguardsman	PluralNoun
coatless	coatless	PluralNoun
coattest	coat	Superlative
cobbling	cobbling	PluralNoun
cobwebbing	cobweb	PresentParticiple
cocci	coccus	PluralNoun
coccidia	coccidium	PluralNoun
coccidioidomycoses	coccidioidomycosis	PluralNoun
coccidiomycoses	coccidiomycosis	PluralNoun
coccidioses	coccidiosis	PluralNoun
coccoidder	coccoid	Comparative
coccoiddest	coccoid	Superlative
coccyges	coccyx	PluralNoun
cochairmen	cochairman	PluralNoun
cochairwomen	cochairwoman	PluralNoun
cochleae	cochlea	PluralNoun
cochlearrer	cochlear	Comparative
cochlearrest	cochlear	Superlative
cockling	cockling	PluralNoun
cocknier	cockney	Comparative
cockniest	cockney	Superlative
cocounselling	cocounselling	PluralNoun
cod	cod	PluralNoun
codeless	codeless	PluralNoun
codfish	codfish	PluralNoun
codices	codex	PluralNoun
codling	codling	PluralNoun
codriven	codrive	PastTense
coelentera	coelenteron	PluralNoun
coelophyses	coelophysis	PluralNoun
coenuri	coenurus	PluralNoun
cofferfish	cofferfish	PluralNoun
coffling	coffling	PluralNoun
cognoscenti	cognoscente	PluralNoun
cohesionless	cohesionless	PluralNoun
coho	coho	PluralNoun
coiffed	coif	PastTense
coiffing	coif	PresentParticiple
coinferring	coinfer	PresentParticiple
cointerring	cointer	PresentParticiple
coldcreammed	coldcream	PastTense
coldcreamming	coldcream	PresentParticiple
coleoptera	coleopteron	PluralNoun
collarless	collarless	PluralNoun
colleaguing	colleague	PresentParticiple
colliculi	colliculus	PluralNoun
colling	colling	PluralNoun
colloguing	collogue	PresentParticiple
colloidder	colloid	Comparative
colloiddest	colloid	Superlative
colloquies	colloquy	PluralNoun
colloquing	colloque	PresentParticiple
collying	collie	PresentParticiple
colobi	colobi	PluralNoun
colobomata	coloboma	PluralNoun
coloni	colonus	PluralNoun
colonies	coloni	PluralNoun
colorbred	colorbreed	PastTense
colorcast	colorcast	PastTense
colorless	colorless	PluralNoun
colormen	colorman	PluralNoun
colossi	colossus	PluralNoun
colourless	colourless	PluralNoun
colourmen	colourman	PluralNoun
colourrest	colour	Superlative
colpoxeroses	colpoxerosis	PluralNoun
columbaria	columbarium	PluralNoun
comatulae	comatula	PluralNoun
combless	combless	PluralNoun
come	come	PastParticiple
comfitting	comfit	PresentParticiple
comfortless	comfortless	PluralNoun
comingling	comingling	PluralNoun
committeemen	committeeman	PluralNoun
committeewomen	committeewoman	PluralNoun
committing	commit	PresentParticiple
companionless	companionless	PluralNoun
compassionless	compassionless	PluralNoun
compelling	compel	PresentParticiple
compelling	compelling	PluralNoun
complexionless	complexionless	PluralNoun
complexionning	complexion	PresentParticiple
complotting	complot	PresentParticiple
computerless	computerless	PluralNoun
conaria	conarium	PluralNoun
conceitless	conceitless	PluralNoun
concetti	concetto	PluralNoun
conchfish	conchfish	PluralNoun
concurring	concur	PresentParticiple
condoling	condoling	PluralNoun
conducti	conductus	PluralNoun
confabbing	confab	PresentParticiple
conferring	confer	PresentParticiple
confetti	confetto	PluralNoun
confineless	confineless	PluralNoun
congeing	conge	PresentParticiple
congii	congius	PluralNoun
congressmen	congressman	PluralNoun
congresspeople	congressperson	PluralNoun
congresswomen	congresswoman	PluralNoun
congruousser	congruous	Comparative
congruoussest	congruous	Superlative
coni	conus	PluralNoun
conidia	conidium	PluralNoun
conies	coni	PluralNoun
conioses	coniosis	PluralNoun
conmen	conman	PluralNoun
conscienceless	conscienceless	PluralNoun
consciousser	conscious	Comparative
conscioussest	conscious	Superlative
consortia	consortium	PluralNoun
constitutionless	constitutionless	PluralNoun
construing	construe	PresentParticiple
contadini	contadino	PluralNoun
containerless	containerless	PluralNoun
contentless	contentless	PluralNoun
contextless	contextless	PluralNoun
continua	continuum	PluralNoun
continuing	continue	PresentParticiple
contourrer	contour	Comparative
contourrest	contour	Superlative
contradanceing	contradance	PresentParticiple
contredanseing	contredanse	PresentParticiple
contretemps	contretemps	PluralNoun
controlling	control	PresentParticiple
controlling	controlling	PluralNoun
convictfish	convictfish	PluralNoun
cooccurring	cooccur	PresentParticiple
cookless	cookless	PluralNoun
cooling	cooling	PluralNoun
copiousser	copious	Comparative
copioussest	copious	Superlative
coplotting	coplot	PresentParticiple
copperbottomming	copperbottom	PresentParticiple
copycatting	copycat	PresentParticiple
copyread	copyread	PastTense
coquetted	coquet	PastTense
coquetting	coquet	PresentParticiple
coralla	corallum	PluralNoun
corbeling	corbeling	PluralNoun
corbelling	corbelling	PluralNoun
cordites	corditis	PluralNoun
cordless	cordless	PluralNoun
coreless	coreless	PluralNoun
coremia	coremium	PluralNoun
cormousser	cormous	Comparative
cormoussest	cormous	Superlative
cornea	corneum	PluralNoun
corneousser	corneous	Comparative
corneoussest	corneous	Superlative
cornermen	cornerman	PluralNoun
cornetfish	cornetfish	PluralNoun
cornetti	cornetto	PluralNoun
corni	corno	PluralNoun
corpora	corpus	PluralNoun
corps	corps	PluralNoun
corpsmen	corpsman	PluralNoun
corralling	corral	PresentParticiple
corralling	corralling	PluralNoun
corrigenda	corrigendum	PluralNoun
cortices	cortex	PluralNoun
corynebacteria	corynebacterium	PluralNoun
coryphaei	coryphaeus	PluralNoun
cosier	cosey	Comparative
cosiest	cosey	Superlative
cosinesses	cosines	PluralNoun
cost	cost	PastTense
costae	costa	PluralNoun
costarring	costar	PresentParticiple
costless	costless	PluralNoun
cosying	cosie	PresentParticiple
cotransferring	cotransfer	PresentParticiple
cotterless	cotterless	PluralNoun
cotyloidder	cotyloid	Comparative
cotyloiddest	cotyloid	Superlative
could	can	PastTense
councilmen	councilman	PluralNoun
councilwomen	councilwoman	PluralNoun
counterarguing	counterargue	PresentParticiple
counterbid	counterbid	PastParticiple
counterbid	counterbid	PastTense
counterbidding	counterbid	PresentParticiple
counterchallengeing	counterchallenge	PresentParticiple
counterdrawn	counterdraw	PastParticiple
counterdrew	counterdraw	PastTense
counterhypotheses	counterhypothesis	PluralNoun
countermen	counterman	PluralNoun
counterplotting	counterplot	PresentParticiple
counterscarp	counterscarp	PluralNoun
counterstepping	counterstep	PresentParticiple
counterstrikeing	counterstrike	PresentParticiple
counterstruck	counterstrike	PastParticiple
countersuing	countersue	PresentParticiple
countersunk	countersink	PastParticiple
countersunk	countersink	PastTense
counterwomen	counterwoman	PluralNoun
countless	countless	PluralNoun
countryfiedder	countryfied	Comparative
countryfieddest	countryfied	Superlative
countryfolk	countryfolk	PluralNoun
countrymen	countryman	PluralNoun
countrywomen	countrywoman	PluralNoun
coupling	coupling	PluralNoun
courteousser	courteous	Comparative
courteoussest	courteous	Superlative
courtling	courtling	PluralNoun
couteaux	couteau	PluralNoun
coverless	coverless	PluralNoun
cowfish	cowfish	PluralNoun
cowling	cowling	PluralNoun
cowmen	cowman	PluralNoun
coxae	coxa	PluralNoun
coxitides	coxitis	PluralNoun
coxless	coxless	PluralNoun
cozier	cozey	Comparative
coziest	cozey	Superlative
cozying	cozie	PresentParticiple
crackling	crackling	PluralNoun
cracksmen	cracksman	PluralNoun
craftless	craftless	PluralNoun
craftsmen	craftsman	PluralNoun
craftspeople	craftsperson	PluralNoun
craftswomen	craftswoman	PluralNoun
cragsmen	cragsman	PluralNoun
crampfish	crampfish	PluralNoun
crankling	crankling	PluralNoun
crappie	crappie	PluralNoun
crapshot	crapshoot	PastTense
crases	crasis	PluralNoun
cravatting	cravat	PresentParticiple
crawfish	crawfish	PluralNoun
crawling	crawling	PluralNoun
crayfish	crayfish	PluralNoun
crayoning	crayon	PresentParticiple
creammest	cream	Superlative
creaseless	creaseless	PluralNoun
credenda	credendum	PluralNoun
credentialling	credentialling	PluralNoun
creeling	creeling	PluralNoun
crenelling	crenelling	PluralNoun
crepier	crepey	Comparative
crepiest	crepey	Superlative
crept	creep	PastTense
crestless	crestless	PluralNoun
crewless	crewless	PluralNoun
crewmen	crewman	PluralNoun
crimeless	crimeless	PluralNoun
crimpling	crimpling	PluralNoun
cringeling	cringeling	PluralNoun
crinoidder	crinoid	Comparative
crinoiddest	crinoid	Superlative
crises	crisis	PluralNoun
crissa	crissum	PluralNoun
criteria	criterion	PluralNoun
critiquing	critique	PresentParticiple
crocked	croc	PastTense
crocking	croc	PresentParticiple
cropless	cropless	PluralNoun
crossbarring	crossbar	PresentParticiple
crossbowmen	crossbowman	PluralNoun
crossbred	crossbreed	PastTense
crossbuck	crossbuck	PluralNoun
crosscut	crosscut	PastTense
crosscutting	crosscut	PresentParticiple
crossfish	crossfish	PluralNoun
crowbarring	crowbar	PresentParticiple
crowfeet	crowfoot	PluralNoun
crownless	crownless	PluralNoun
crumbling	crumbling	PluralNoun
crumpling	crumpling	PluralNoun
crustae	crusta	PluralNoun
crustless	crustless	PluralNoun
cryptanalyses	cryptanalysis	PluralNoun
cryptobioses	cryptobiosis	PluralNoun
cryptococci	cryptococcus	PluralNoun
cryptococcoses	cryptococcosis	PluralNoun
cryptosporidioses	cryptosporidiosis	PluralNoun
crystalling	crystalling	PluralNoun
crystallites	crystallitis	PluralNoun
ctenidia	ctenidium	PluralNoun
cubicula	cubiculum	PluralNoun
cuboidder	cuboid	Comparative
cuboiddest	cuboid	Superlative
cudgelling	cudgelling	PluralNoun
cuffless	cuffless	PluralNoun
cuing	cue	PresentParticiple
culling	culling	PluralNoun
culpae	culpa	PluralNoun
cumberless	cumberless	PluralNoun
cumbrousser	cumbrous	Comparative
cumbroussest	cumbrous	Superlative
cumuli	cumulus	PluralNoun
cumulonimbi	cumulonimbus	PluralNoun
cupelling	cupelling	PluralNoun
cupmen	cupman	PluralNoun
cuprousser	cuprous	Comparative
cuproussest	cuprous	Superlative
cupulae	cupula	PluralNoun
curbless	curbless	PluralNoun
curdling	curdling	PluralNoun
cureless	cureless	PluralNoun
curetting	curet	PresentParticiple
curiae	curia	PluralNoun
curlicuing	curlicue	PresentParticiple
curling	curling	PluralNoun
curricula	curriculum	PluralNoun
currying	currie	PresentParticiple
cursi	cursus	PluralNoun
curtainless	curtainless	PluralNoun
curvetting	curvet	PresentParticiple
curvier	curvey	Comparative
curviest	curvey	Superlative
cushionless	cushionless	PluralNoun
cut	cut	PastTense
cuticulae	cuticula	PluralNoun
cutlassfish	cutlassfish	PluralNoun
cutling	cutling	PluralNoun
cutthroatter	cutthroat	Comparative
cutthroattest	cutthroat	Superlative
cuttlefish	cuttlefish	PluralNoun
cyanobacteria	cyanobacterium	PluralNoun
cyanogeneses	cyanogenesis	PluralNoun
cyanoses	cyanosis	PluralNoun
cyclogeneses	cyclogenesis	PluralNoun
cycloidder	cycloid	Comparative
cycloiddest	cycloid	Superlative
cyclopeanner	cyclopean	Comparative
cyclopeannest	cyclopean	Superlative
cyclops	cyclops	PluralNoun
cycloses	cyclosis	PluralNoun
cyeses	cyesis	PluralNoun
cylices	cylix	PluralNoun
cypres	cypris	PluralNoun
cyprianner	cyprian	Comparative
cypriannest	cyprian	Superlative
cyprinoidder	cyprinoid	Comparative
cyprinoiddest	cyprinoid	Superlative
cypselae	cypsela	PluralNoun
cysticerci	cysticercus	PluralNoun
cysticercoses	cysticercosis	PluralNoun
cystitides	cystitis	PluralNoun
cystoparalyses	cystoparalysis	PluralNoun
cytisi	cytisus	PluralNoun
cytogeneses	cytogenesis	PluralNoun
cytokineses	cytokinesis	PluralNoun
cytolyses	cytolysis	PluralNoun
dace	dace	PluralNoun
dactyli	dactylus	PluralNoun
dairymen	dairyman	PluralNoun
dairywomen	dairywoman	PluralNoun
dales	dalis	PluralNoun
dalesmen	dalesman	PluralNoun
dali	dalo	PluralNoun
damselfish	damselfish	PluralNoun
dancier	dancey	Comparative
danciest	dancey	Superlative
dangling	dangling	PluralNoun
dapperling	dapperling	PluralNoun
dares	daris	PluralNoun
darkling	darkling	PluralNoun
dartling	dartling	PluralNoun
dashes	dashis	PluralNoun
data	datum	PluralNoun
dateless	dateless	PluralNoun
daughterless	daughterless	PluralNoun
daughterling	daughterling	PluralNoun
dauntless	dauntless	PluralNoun
dauphinesses	dauphines	PluralNoun
daysmen	daysman	PluralNoun
dead	dead	PluralNoun
deadlinesses	deadlines	PluralNoun
deadmen	deadman	PluralNoun
deadpanning	deadpan	PresentParticiple
deaffed	deaf	PastTense
deaffing	deaf	PresentParticiple
dealfish	dealfish	PluralNoun
dealt	deal	PastTense
dearling	dearling	PluralNoun
deathless	deathless	PluralNoun
deathsmen	deathsman	PluralNoun
debagging	debag	PresentParticiple
debarring	debar	PresentParticiple
debelling	debel	PresentParticiple
debelling	debelling	PluralNoun
debris	debris	PluralNoun
debtless	debtless	PluralNoun
debudding	debud	PresentParticiple
debugging	debug	PresentParticiple
debussing	debus	PresentParticiple
decalling	decalling	PluralNoun
deconning	decon	PresentParticiple
decontrolling	decontrol	PresentParticiple
decontrolling	decontrolling	PluralNoun
deedless	deedless	PluralNoun
deepfroze	deepfreeze	PastTense
deepfrozen	deepfreeze	PastParticiple
deepwatermen	deepwaterman	PluralNoun
deer	deer	PluralNoun
defatting	defat	PresentParticiple
defenceless	defenceless	PluralNoun
defencemen	defenceman	PluralNoun
defenseless	defenseless	PluralNoun
defensemen	defenseman	PluralNoun
deferring	defer	PresentParticiple
defiling	defiling	PluralNoun
definienda	definiendum	PluralNoun
defocussing	defocus	PresentParticiple
defogging	defog	PresentParticiple
defragging	defrag	PresentParticiple
defroze	defreeze	PastTense
defrozen	defreeze	PastParticiple
defuelling	defuelling	PluralNoun
degames	degamis	PluralNoun
degassing	degas	PresentParticiple
deglycerolizeing	deglycerolize	PresentParticiple
degumming	degum	PresentParticiple
delapidateing	delapidate	PresentParticiple
deleing	dele	PresentParticiple
deles	delis	PluralNoun
delightless	delightless	PluralNoun
deliverymen	deliveryman	PluralNoun
deltoidder	deltoid	Comparative
deltoiddest	deltoid	Superlative
deltoidei	deltoideus	PluralNoun
demagoguing	demagogue	PresentParticiple
demanning	deman	PresentParticiple
demasculinizeing	demasculinize	PresentParticiple
demitting	demit	PresentParticiple
demobbing	demob	PresentParticiple
demurring	demur	PresentParticiple
denaries	denari	PluralNoun
denarii	denarius	PluralNoun
dendroidder	dendroid	Comparative
dendroiddest	dendroid	Superlative
denies	deni	PluralNoun
deplumateing	deplumate	PresentParticiple
deprogramming	deprogram	PresentParticiple
depthless	depthless	PluralNoun
deratting	derat	PresentParticiple
deribbing	derib	PresentParticiple
derigging	derig	PresentParticiple
dermatophytoses	dermatophytosis	PluralNoun
dermatoses	dermatosis	PluralNoun
desertless	desertless	PluralNoun
desicateing	desicate	PresentParticiple
desiderata	desideratum	PluralNoun
designless	designless	PluralNoun
desireless	desireless	PluralNoun
deskmen	deskman	PluralNoun
dessicateing	dessicate	PresentParticiple
detasselling	detasselling	PluralNoun
deterring	deter	PresentParticiple
detransitivizeing	detransitivize	PresentParticiple
detritus	detritus	PluralNoun
devaluing	devalue	PresentParticiple
develling	develling	PluralNoun
devilfish	devilfish	PluralNoun
devilizeing	devilize	PresentParticiple
devilling	devilling	PluralNoun
deviousser	devious	Comparative
devioussest	devious	Superlative
devoidder	devoid	Comparative
devoiddest	devoid	Superlative
dewless	dewless	PluralNoun
dextrousser	dextrous	Comparative
dextroussest	dextrous	Superlative
diabetes	diabetes	PluralNoun
diadochies	diadochi	PluralNoun
diaereses	diaeresis	PluralNoun
diageneses	diagenesis	PluralNoun
diagnoses	diagnosis	PluralNoun
diagramming	diagram	PresentParticiple
diakineses	diakinesis	PluralNoun
dialling	dialling	PluralNoun
dialoguing	dialogue	PresentParticiple
dialyses	dialysis	PluralNoun
diapedeses	diapedesis	PluralNoun
diaphoreses	diaphoresis	PluralNoun
diaphyses	diaphysis	PluralNoun
diapophyses	diapophysis	PluralNoun
diapyeses	diapyesis	PluralNoun
diarthroses	diarthrosis	PluralNoun
diastases	diastasis	PluralNoun
diastemata	diastema	PluralNoun
diatheses	diathesis	PluralNoun
dice	die	PluralNoun
dichasia	dichasium	PluralNoun
dicier	dicey	Comparative
diciest	dicey	Superlative
dickier	dickey	Comparative
dickiest	dickey	Superlative
dicta	dictum	PluralNoun
did	do	PastTense
didderring	didder	PresentParticiple
diegeses	diegesis	PluralNoun
diereses	dieresis	PluralNoun
dieses	diesis	PluralNoun
diestrousser	diestrous	Comparative
diestroussest	diestrous	Superlative
diettest	diet	Superlative
differentiae	differentia	PluralNoun
digeneses	digenesis	PluralNoun
dikier	dikey	Comparative
dikiest	dikey	Superlative
dimensionless	dimensionless	PluralNoun
dingier	dingey	Comparative
dingiest	dingey	Superlative
dinkier	dinkey	Comparative
dinkiest	dinkey	Superlative
dinnerless	dinnerless	PluralNoun
dintless	dintless	PluralNoun
dioecianner	dioecian	Comparative
dioeciannest	dioecian	Superlative
dioeciousser	dioecious	Comparative
dioecioussest	dioecious	Superlative
dioestrousser	dioestrous	Comparative
dioestroussest	dioestrous	Superlative
diorthoses	diorthosis	PluralNoun
diplococci	diplococcus	PluralNoun
diploidder	diploid	Comparative
diploiddest	diploid	Superlative
diploses	diplosis	PluralNoun
diplozoa	diplozoon	PluralNoun
dipnetting	dipnet	PresentParticiple
diptera	dipteron	PluralNoun
directionless	directionless	PluralNoun
disannulling	disannul	PresentParticiple
disannulling	disannulling	PluralNoun
disbarring	disbar	PresentParticiple
disbowelling	disbowelling	PluralNoun
disbudding	disbud	PresentParticiple
discoboli	discobolus	PluralNoun
discoidder	discoid	Comparative
discoiddest	discoid	Superlative
discolorizeing	discolorize	PresentParticiple
discontinuing	discontinue	PresentParticiple
discussing	discus	PresentParticiple
disemboguing	disembogue	PresentParticiple
disembowelling	disembowelling	PluralNoun
disenthralling	disenthral	PresentParticiple
disenthralling	disenthralling	PluralNoun
disguiseless	disguiseless	PluralNoun
dishevelling	dishevelling	PluralNoun
disincarnateing	disincarnate	PresentParticiple
disinterring	disinter	PresentParticiple
disinvolveing	disinvolve	PresentParticiple
diskless	diskless	PluralNoun
dismanning	disman	PresentParticiple
dispelling	dispel	PresentParticiple
dispelling	dispelling	PluralNoun
dispreadded	dispread	PastTense
disquiettest	disquiet	Superlative
disregardless	disregardless	PluralNoun
dissassociateing	dissassociate	PresentParticiple
disses	dis	PluralNoun
distanceless	distanceless	PluralNoun
distilling	distil	PresentParticiple
distilling	distilling	PluralNoun
distraitter	distrait	Comparative
distraittest	distrait	Superlative
disvaluing	disvalue	PresentParticiple
diureses	diuresis	PluralNoun
diverticula	diverticulum	PluralNoun
diverticuloses	diverticulosis	PluralNoun
dividendless	dividendless	PluralNoun
divies	divi	PluralNoun
djes	dj	PluralNoun
docked	doc	PastTense
docking	doc	PresentParticiple
doctorfish	doctorfish	PluralNoun
doctorless	doctorless	PluralNoun
doe	doe	PluralNoun
dogfought	dogfight	PastTense
doglegging	dogleg	PresentParticiple
dogmen	dogman	PluralNoun
dogsledding	dogsled	PresentParticiple
dogteeth	dogtooth	PluralNoun
dogtrotting	dogtrot	PresentParticiple
dolia	dolium	PluralNoun
doling	doling	PluralNoun
dollarfish	dollarfish	PluralNoun
dolling	dolling	PluralNoun
dolphinfish	dolphinfish	PluralNoun
domatia	domatium	PluralNoun
dominatrices	dominatrix	PluralNoun
done	do	PastParticiple
dong	dong	PluralNoun
doomsmen	doomsman	PluralNoun
doorless	doorless	PluralNoun
doormen	doorman	PluralNoun
doorstepping	doorstep	PresentParticiple
dopier	dopey	Comparative
dopiest	dopey	Superlative
dormice	dormouse	PluralNoun
doubtless	doubtless	PluralNoun
doughnutting	doughnut	PresentParticiple
dowelling	dowelling	PluralNoun
dowerless	dowerless	PluralNoun
downbeatter	downbeat	Comparative
downbeattest	downbeat	Superlative
downless	downless	PluralNoun
downstairrer	downstair	Comparative
downstairrest	downstair	Superlative
downstreammer	downstream	Comparative
downstreammest	downstream	Superlative
draftsmen	draftsman	PluralNoun
draftswomen	draftswoman	PluralNoun
dragonfish	dragonfish	PluralNoun
dragsmen	dragsman	PluralNoun
drank	drink	PastTense
draughtmen	draughtman	PluralNoun
draughtsmen	draughtsman	PluralNoun
drawling	drawling	PluralNoun
drawn	draw	PastParticiple
draymen	drayman	PluralNoun
dreaddest	dread	Superlative
dreadless	dreadless	PluralNoun
dreamless	dreamless	PluralNoun
drew	draw	PastTense
drier	drey	Comparative
driest	drey	Superlative
driftfish	driftfish	PluralNoun
driftless	driftless	PluralNoun
dripless	dripless	PluralNoun
driveling	driveling	PluralNoun
drivelling	drivelling	PluralNoun
driven	drive	PastParticiple
driverless	driverless	PluralNoun
drove	drive	PastTense
drugless	drugless	PluralNoun
drumbeat	drumbeat	PastTense
drumfish	drumfish	PluralNoun
drumheadder	drumhead	Comparative
drumheaddest	drumhead	Superlative
drunk	drink	PastParticiple
dubiousser	dubious	Comparative
dubioussest	dubious	Superlative
duckling	duckling	PluralNoun
ductless	ductless	PluralNoun
dueling	dueling	PluralNoun
duelling	duelling	PluralNoun
duetted	duet	PastTense
duetting	duet	PresentParticiple
dug	dig	PastTense
dukeling	dukeling	PluralNoun
dulcorateing	dulcorate	PresentParticiple
duloses	dulosis	PluralNoun
dumpling	dumpling	PluralNoun
duneland	duneland	PluralNoun
dunfish	dunfish	PluralNoun
duodena	duodenum	PluralNoun
duresses	dures	PluralNoun
dustless	dustless	PluralNoun
dustmen	dustman	PluralNoun
dutchmen	dutchman	PluralNoun
duteousser	duteous	Comparative
duteoussest	duteous	Superlative
dwelt	dwell	PastTense
dybbukim	dybbuk	PluralNoun
dying	die	PresentParticiple
dykier	dykey	Comparative
dykiest	dykey	Superlative
dysgeneses	dysgenesis	PluralNoun
dystopianner	dystopian	Comparative
dystopiannest	dystopian	Superlative
eanling	eanling	PluralNoun
earless	earless	PluralNoun
earthling	earthling	PluralNoun
earthmen	earthman	PluralNoun
earthwomen	earthwoman	PluralNoun
earwigging	earwig	PresentParticiple
easeless	easeless	PluralNoun
easterling	easterling	PluralNoun
eaten	eat	PastParticiple
eavesdropping	eavesdrop	PresentParticiple
ecchymoses	ecchymosis	PluralNoun
ecdyses	ecdysis	PluralNoun
eceses	ecesis	PluralNoun
echinococci	echinococcus	PluralNoun
echinococcoses	echinococcosis	PluralNoun
echoless	echoless	PluralNoun
ecphoneses	ecphonesis	PluralNoun
ectases	ectasis	PluralNoun
ecthlipses	ecthlipsis	PluralNoun
ecthymata	ecthyma	PluralNoun
ectogeneses	ectogenesis	PluralNoun
ectozoa	ectozoon	PluralNoun
edgeless	edgeless	PluralNoun
effectless	effectless	PluralNoun
effluvia	effluvium	PluralNoun
effortless	effortless	PluralNoun
eggless	eggless	PluralNoun
eggshake	eggshake	PluralNoun
egoless	egoless	PluralNoun
egotripping	egotrip	PresentParticiple
eighteenner	eighteen	Comparative
eighteennest	eighteen	Superlative
eightsmen	eightsman	PluralNoun
eisegeses	eisegesis	PluralNoun
eland	eland	PluralNoun
elect	elect	PluralNoun
electroanalyses	electroanalysis	PluralNoun
electrodialyses	electrodialysis	PluralNoun
electrogeneses	electrogenesis	PluralNoun
electroless	electroless	PluralNoun
electrolyses	electrolysis	PluralNoun
electroosmoses	electroosmosis	PluralNoun
electrophoreses	electrophoresis	PluralNoun
electrophori	electrophorus	PluralNoun
elenchi	elenchus	PluralNoun
elephantiases	elephantiasis	PluralNoun
elfish	elfish	PluralNoun
ellipses	ellipsis	PluralNoun
elysianner	elysian	Comparative
elysiannest	elysian	Superlative
elytra	elytrum	PluralNoun
embarring	embar	PresentParticiple
embedding	embed	PresentParticiple
emblemata	emblema	PluralNoun
embolies	emboli	PluralNoun
embowelling	embowelling	PluralNoun
embruing	embrue	PresentParticiple
embryogeneses	embryogenesis	PluralNoun
embussing	embus	PresentParticiple
emeritae	emerita	PluralNoun
emeriti	emeritus	PluralNoun
emeses	emesis	PluralNoun
emitting	emit	PresentParticiple
emotionless	emotionless	PluralNoun
empanelling	empanelling	PluralNoun
emphases	emphasis	PluralNoun
emphlyses	emphlysis	PluralNoun
employing	employe	PresentParticiple
empyreanner	empyrean	Comparative
empyreannest	empyrean	Superlative
enamelling	enamelling	PluralNoun
enarthroses	enarthrosis	PluralNoun
encephalitides	encephalitis	PluralNoun
encephalomyelitides	encephalomyelitis	PluralNoun
enclises	enclisis	PluralNoun
enclotheing	enclothe	PresentParticiple
endless	endless	PluralNoun
endocarp	endocarp	PluralNoun
endocrania	endocranium	PluralNoun
endocytoses	endocytosis	PluralNoun
endometrioses	endometriosis	PluralNoun
endomitoses	endomitosis	PluralNoun
endosmoses	endosmosis	PluralNoun
endosporia	endosporium	PluralNoun
endosymbioses	endosymbiosis	PluralNoun
endothecia	endothecium	PluralNoun
endothelia	endothelium	PluralNoun
endozoa	endozoon	PluralNoun
enduing	endue	PresentParticiple
enfranchizeing	enfranchize	PresentParticiple
enfroze	enfreeze	PastTense
enfrozen	enfreeze	PastParticiple
enfuriateing	enfuriate	PresentParticiple
engirdling	engirdling	PluralNoun
englutting	englut	PresentParticiple
enoses	enosis	PluralNoun
enrolling	enrol	PresentParticiple
enrolling	enrolling	PluralNoun
ensorcelling	ensorcelling	PluralNoun
ensuing	ensue	PresentParticiple
entases	entasis	PluralNoun
enterobacteria	enterobacterium	PluralNoun
enterobiases	enterobiasis	PluralNoun
enterococci	enterococcus	PluralNoun
enthralling	enthral	PresentParticiple
enthralling	enthralling	PluralNoun
entozoa	entozoon	PluralNoun
entrammelling	entrammel	PresentParticiple
entrammelling	entrammelling	PluralNoun
entrapping	entrap	PresentParticiple
enureses	enuresis	PluralNoun
enviousser	envious	Comparative
envioussest	envious	Superlative
enwrapping	enwrap	PresentParticiple
eolianner	eolian	Comparative
eoliannest	eolian	Superlative
eonianner	eonian	Comparative
eoniannest	eonian	Superlative
epanadiploses	epanadiplosis	PluralNoun
epanalepses	epanalepsis	PluralNoun
epanorthoses	epanorthosis	PluralNoun
epentheses	epenthesis	PluralNoun
epexegeses	epexegesis	PluralNoun
ephebi	ephebus	PluralNoun
epicardia	epicardium	PluralNoun
epicedia	epicedium	PluralNoun
epicleses	epiclesis	PluralNoun
epigeneses	epigenesis	PluralNoun
epigoni	epigonus	PluralNoun
epiloguing	epilogue	PresentParticiple
epimysia	epimysium	PluralNoun
epiphyses	epiphysis	PluralNoun
epiplastra	epiplastron	PluralNoun
epistases	epistasis	PluralNoun
epistaxes	epistaxis	PluralNoun
episterna	episternum	PluralNoun
epitases	epitasis	PluralNoun
epithalamia	epithalamion	PluralNoun
epitheses	epithesis	PluralNoun
epizeuxes	epizeuxis	PluralNoun
epizoa	epizoon	PluralNoun
equalling	equalling	PluralNoun
equilibrizeing	equilibrize	PresentParticiple
equipped	equip	PastTense
equipping	equip	PresentParticiple
eremuri	eremurus	PluralNoun
eroteses	erotesis	PluralNoun
errata	erratum	PluralNoun
errorless	errorless	PluralNoun
erythroblastoses	erythroblastosis	PluralNoun
erythroidder	erythroid	Comparative
erythroiddest	erythroid	Superlative
erythropoieses	erythropoiesis	PluralNoun
escapeless	escapeless	PluralNoun
esophagi	esophagus	PluralNoun
estatesmen	estatesman	PluralNoun
estheses	esthesis	PluralNoun
estopping	estop	PresentParticiple
estrousser	estrous	Comparative
estroussest	estrous	Superlative
eubacteria	eubacterium	PluralNoun
euphorbia	euphorbium	PluralNoun
eventless	eventless	PluralNoun
everymen	everyman	PluralNoun
everywomen	everywoman	PluralNoun
excecateing	excecate	PresentParticiple
excelling	excel	PresentParticiple
excelling	excelling	PluralNoun
exceptless	exceptless	PluralNoun
excisemen	exciseman	PluralNoun
execked	exec	PastTense
execking	exec	PresentParticiple
executrices	executrix	PluralNoun
exegeses	exegesis	PluralNoun
exempla	exemplum	PluralNoun
exhaustless	exhaustless	PluralNoun
exhedrae	exhedra	PluralNoun
exitless	exitless	PluralNoun
exocytoses	exocytosis	PluralNoun
exosmoses	exosmosis	PluralNoun
exostoses	exostosis	PluralNoun
expelling	expel	PresentParticiple
expelling	expelling	PluralNoun
experienceless	experienceless	PluralNoun
expressionless	expressionless	PluralNoun
expressmen	expressman	PluralNoun
extolling	extol	PresentParticiple
extolling	extolling	PluralNoun
extrema	extremum	PluralNoun
exudateing	exudate	PresentParticiple
exuvia	exuvium	PluralNoun
exuviae	exuvia	PluralNoun
eyeless	eyeless	PluralNoun
eyeteeth	eyetooth	PluralNoun
fabianner	fabian	Comparative
fabiannest	fabian	Superlative
fabling	fabling	PluralNoun
faceless	faceless	PluralNoun
facemen	faceman	PluralNoun
facsimileing	facsimile	PresentParticiple
factiousser	factious	Comparative
factioussest	factious	Superlative
fadeless	fadeless	PluralNoun
fagotti	fagotto	PluralNoun
faithless	faithless	PluralNoun
falconning	falcon	PresentParticiple
fallen	fall	PastParticiple
fallfish	fallfish	PluralNoun
fameless	fameless	PluralNoun
famousser	famous	Comparative
famoussest	famous	Superlative
fangless	fangless	PluralNoun
fantasying	fantasie	PresentParticiple
farebeat	farebeat	PastTense
farebeaten	farebeat	PastParticiple
farmwomen	farmwoman	PluralNoun
farther	far	Comparative
farthest	far	Superlative
farthingless	farthingless	PluralNoun
fasciculi	fasciculus	PluralNoun
fascioliases	fascioliasis	PluralNoun
fatherless	fatherless	PluralNoun
fathomless	fathomless	PluralNoun
fatiguing	fatigue	PresentParticiple
fatless	fatless	PluralNoun
fatling	fatling	PluralNoun
fatuousser	fatuous	Comparative
fatuoussest	fatuous	Superlative
fauces	faux	PluralNoun
faultless	faultless	PluralNoun
favorless	favorless	PluralNoun
favourless	favourless	PluralNoun
fearless	fearless	PluralNoun
featherbedding	featherbed	PresentParticiple
featherless	featherless	PluralNoun
featureless	featureless	PluralNoun
feckless	feckless	PluralNoun
feculae	fecula	PluralNoun
fed	feed	PastTense
feeless	feeless	PluralNoun
feeling	feeling	PluralNoun
feelingless	feelingless	PluralNoun
fees	feis	PluralNoun
feet	foot	PluralNoun
feetless	feetless	PluralNoun
fell	fall	PastTense
fella	fellon	PluralNoun
fellowmen	fellowman	PluralNoun
fellowshipping	fellowship	PresentParticiple
felt	feel	PastTense
fenceless	fenceless	PluralNoun
fenderless	fenderless	PluralNoun
fenmen	fenman	PluralNoun
ferlying	ferlie	PresentParticiple
fernless	fernless	PluralNoun
ferrelling	ferrelling	PluralNoun
ferrousser	ferrous	Comparative
ferroussest	ferrous	Superlative
ferrymen	ferryman	PluralNoun
fetiales	fetialis	PluralNoun
fetterless	fetterless	PluralNoun
fezzes	fez	PluralNoun
fiberless	fiberless	PluralNoun
fibreless	fibreless	PluralNoun
fibrillae	fibrilla	PluralNoun
fibrinolyses	fibrinolysis	PluralNoun
fibroidder	fibroid	Comparative
fibroiddest	fibroid	Superlative
fibroses	fibrosis	PluralNoun
fibrousser	fibrous	Comparative
fibroussest	fibrous	Superlative
fibulae	fibula	PluralNoun
ficus	ficus	PluralNoun
fiddlier	fiddley	Comparative
fiddliest	fiddley	Superlative
fieldmice	fieldmouse	PluralNoun
fieldsmen	fieldsman	PluralNoun
fieldstripping	fieldstrip	PresentParticiple
fifteennest	fifteen	Superlative
fila	filum	PluralNoun
filariae	filaria	PluralNoun
filariases	filariasis	PluralNoun
filefish	filefish	PluralNoun
filling	filling	PluralNoun
filmset	filmset	PastTense
filmsetting	filmset	PresentParticiple
filopodia	filopodium	PluralNoun
filterless	filterless	PluralNoun
finedrawn	finedraw	PastParticiple
finedrew	finedraw	PastTense
fineless	fineless	PluralNoun
finessing	fines	PresentParticiple
finfish	finfish	PluralNoun
fingerless	fingerless	PluralNoun
fingerling	fingerling	PluralNoun
finless	finless	PluralNoun
firefought	firefight	PastTense
fireless	fireless	PluralNoun
firemen	fireman	PluralNoun
firewomen	firewoman	PluralNoun
firmless	firmless	PluralNoun
firstborn	firstborn	PluralNoun
firstling	firstling	PluralNoun
fish	fish	PluralNoun
fisherfolk	fisherfolk	PluralNoun
fishermen	fisherman	PluralNoun
fisherwomen	fisherwoman	PluralNoun
fishless	fishless	PluralNoun
fistfought	fistfight	PastTense
fizzling	fizzling	PluralNoun
flagella	flagellum	PluralNoun
flagfish	flagfish	PluralNoun
flagless	flagless	PluralNoun
flagmen	flagman	PluralNoun
flak	flak	PluralNoun
flakier	flakey	Comparative
flakiest	flakey	Superlative
flambeing	flambe	PresentParticiple
flamefish	flamefish	PluralNoun
flameless	flameless	PluralNoun
flannelling	flannelling	PluralNoun
flapless	flapless	PluralNoun
flatfish	flatfish	PluralNoun
flatling	flatling	PluralNoun
flavorless	flavorless	PluralNoun
flavourless	flavourless	PluralNoun
flawless	flawless	PluralNoun
fleckless	fleckless	PluralNoun
fled	flee	PastTense
fledgeless	fledgeless	PluralNoun
fledgeling	fledgeling	PluralNoun
fleeceless	fleeceless	PluralNoun
fleshless	fleshless	PluralNoun
fleshling	fleshling	PluralNoun
flew	fly	PastTense
flexuousser	flexuous	Comparative
flexuoussest	flexuous	Superlative
flicked	flic	PastTense
flicking	flic	PresentParticiple
flier	fley	Comparative
fliest	fley	Superlative
flightless	flightless	PluralNoun
flimflamming	flimflam	PresentParticiple
flocci	floccus	PluralNoun
flocculi	flocculus	PluralNoun
flocked	floc	PastTense
flocking	floc	PresentParticiple
flooddest	flood	Superlative
floormen	floorman	PluralNoun
florilegia	florilegium	PluralNoun
flounder	flounder	PluralNoun
flourless	flourless	PluralNoun
flowerless	flowerless	PluralNoun
flown	fly	PastParticiple
flugelmen	flugelman	PluralNoun
fluidder	fluid	Comparative
fluiddest	fluid	Superlative
flukier	flukey	Comparative
flukiest	flukey	Superlative
flung	fling	PastTense
fluoroses	fluorosis	PluralNoun
flutier	flutey	Comparative
flutiest	flutey	Superlative
flyblew	flyblow	PastTense
flyblown	flyblow	PastParticiple
flyless	flyless	PluralNoun
flymen	flyman	PluralNoun
foamless	foamless	PluralNoun
focusless	focusless	PluralNoun
foemen	foeman	PluralNoun
fogless	fogless	PluralNoun
fogmen	fogman	PluralNoun
foilsmen	foilsman	PluralNoun
foisonless	foisonless	PluralNoun
folles	follis	PluralNoun
fondling	fondling	PluralNoun
foodless	foodless	PluralNoun
foolfish	foolfish	PluralNoun
fooling	fooling	PluralNoun
foolprooffed	foolproof	PastTense
foolprooffer	foolproof	Comparative
foolprooffest	foolproof	Superlative
foolprooffing	foolproof	PresentParticiple
footless	footless	PluralNoun
footling	footling	PluralNoun
footmen	footman	PluralNoun
footslogging	footslog	PresentParticiple
fopling	fopling	PluralNoun
forbade	forbid	PastTense
forbidden	forbid	PastParticiple
forbidding	forbid	PresentParticiple
forbore	forbear	PastTense
forborne	forbear	PastParticiple
forceless	forceless	PluralNoun
forceps	forceps	PluralNoun
fordless	fordless	PluralNoun
forebearred	forebear	PastTense
forebearring	forebear	PresentParticiple
foreborne	forebear	PastParticiple
forecast	forecast	PastTense
forefeet	forefoot	PluralNoun
forefelt	forefeel	PastTense
foregone	forego	PastParticiple
foreknew	foreknow	PastTense
foreknown	foreknow	PastParticiple
forelaid	forelay	PastTense
foreland	foreland	PluralNoun
forelying	forelie	PresentParticiple
foremastmen	foremastman	PluralNoun
foremen	foreman	PluralNoun
forepeople	foreperson	PluralNoun
foreplanning	foreplan	PresentParticiple
foreran	forerun	PastTense
foreread	foreread	PastTense
forerun	forerun	PastParticiple
forerunning	forerun	PresentParticiple
foresaid	foresay	PastTense
foresaw	foresee	PastTense
foreseen	foresee	PastParticiple
foreshown	foreshow	PastParticiple
foresightless	foresightless	PluralNoun
forespent	forespend	PastTense
forespoke	forespeak	PastTense
forespoken	forespeak	PastParticiple
forestalling	forestalling	PluralNoun
foreswore	foreswear	PastTense
foresworn	foreswear	PastParticiple
foreteeth	foretooth	PluralNoun
forethought	forethink	PastTense
foretold	foretell	PastTense
foretopmen	foretopman	PluralNoun
forewent	forego	PastTense
forewomen	forewoman	PluralNoun
forfeittest	forfeit	Superlative
forgave	forgive	PastTense
forgemen	forgeman	PluralNoun
forgetting	forget	PresentParticiple
forgiven	forgive	PastParticiple
forgone	forgo	PastParticiple
forgot	forget	PastTense
forgotten	forget	PastParticiple
forkless	forkless	PluralNoun
formatting	format	PresentParticiple
formicaria	formicarium	PluralNoun
formless	formless	PluralNoun
formulaizeing	formulaize	PresentParticiple
forsaken	forsake	PastParticiple
forsook	forsake	PastTense
forspent	forspend	PastTense
forspoke	forspeak	PastTense
forspoken	forspeak	PastParticiple
forswore	forswear	PastTense
forsworn	forswear	PastParticiple
fortes	fortis	PluralNoun
fortuneless	fortuneless	PluralNoun
forwent	forgo	PastTense
fosterling	fosterling	PluralNoun
fought	fight	PastTense
fouling	fouling	PluralNoun
found	find	PastTense
foundationless	foundationless	PluralNoun
foundling	foundling	PluralNoun
fountainless	fountainless	PluralNoun
fourrer	four	Comparative
fourrest	four	Superlative
fourteennest	fourteen	Superlative
fowl	fowl	PluralNoun
foxfish	foxfish	PluralNoun
foxtrotting	foxtrot	PresentParticiple
fracti	fractus	PluralNoun
fractiousser	fractious	Comparative
fractioussest	fractious	Superlative
frangipanes	frangipanis	PluralNoun
frappeing	frappe	PresentParticiple
frasses	fras	PluralNoun
freedmen	freedman	PluralNoun
freedwomen	freedwoman	PluralNoun
freemen	freeman	PluralNoun
freewomen	freewoman	PluralNoun
freshmen	freshman	PluralNoun
fretless	fretless	PluralNoun
fretmen	fretman	PluralNoun
frictionless	frictionless	PluralNoun
friendless	friendless	PluralNoun
frijoles	frijol	PluralNoun
fringeless	fringeless	PluralNoun
frivolling	frivolling	PluralNoun
frizzes	friz	PluralNoun
frizzling	frizzling	PluralNoun
frockless	frockless	PluralNoun
frogfish	frogfish	PluralNoun
frogling	frogling	PluralNoun
frogmen	frogman	PluralNoun
frolicked	frolic	PastTense
frolicking	frolic	PresentParticiple
frontierrer	frontier	Comparative
frontierrest	frontier	Superlative
frontiersmen	frontiersman	PluralNoun
frontierswomen	frontierswoman	PluralNoun
frontless	frontless	PluralNoun
frontmen	frontman	PluralNoun
frontogeneses	frontogenesis	PluralNoun
frontolyses	frontolysis	PluralNoun
frosh	frosh	PluralNoun
frostbit	frostbite	PastTense
frostbitten	frostbite	PastParticiple
frostfish	frostfish	PluralNoun
frostless	frostless	PluralNoun
frothless	frothless	PluralNoun
froze	freeze	PastTense
frozen	freeze	PastParticiple
fruitless	fruitless	PluralNoun
frutices	frutex	PluralNoun
fry	fry	PluralNoun
fuelling	fuelling	PluralNoun
fuglemen	fugleman	PluralNoun
fugling	fugling	PluralNoun
fuguing	fugue	PresentParticiple
fulfilling	fulfil	PresentParticiple
fulfilling	fulfilling	PluralNoun
fumeless	fumeless	PluralNoun
fumuli	fumulus	PluralNoun
functionless	functionless	PluralNoun
fundi	fundus	PluralNoun
fundless	fundless	PluralNoun
fungi	fungus	PluralNoun
fungoidder	fungoid	Comparative
fungoiddest	fungoid	Superlative
fungousser	fungous	Comparative
fungoussest	fungous	Superlative
funiculi	funiculus	PluralNoun
funnelling	funnelling	PluralNoun
funnymen	funnyman	PluralNoun
furcula	furculum	PluralNoun
furiousser	furious	Comparative
furioussest	furious	Superlative
furless	furless	PluralNoun
furling	furling	PluralNoun
furunculoses	furunculosis	PluralNoun
fusaria	fusarium	PluralNoun
fuscousser	fuscous	Comparative
fuscoussest	fuscous	Superlative
fuseless	fuseless	PluralNoun
fusionless	fusionless	PluralNoun
fustianner	fustian	Comparative
fustiannest	fustian	Superlative
futureless	futureless	PluralNoun
fuzz	fuzz	PluralNoun
gabling	gabling	PluralNoun
gades	gadis	PluralNoun
gadling	gadling	PluralNoun
gadsmen	gadsman	PluralNoun
gagmen	gagman	PluralNoun
gainless	gainless	PluralNoun
gainsaid	gainsay	PastTense
gainstriven	gainstrive	PastParticiple
gainstrove	gainstrive	PastTense
gairfowl	gairfowl	PluralNoun
galactopoieses	galactopoiesis	PluralNoun
galactoses	galactosis	PluralNoun
galling	galling	PluralNoun
gallows	gallows	PluralNoun
gambling	gambling	PluralNoun
gamboling	gamboling	PluralNoun
gambolling	gambolling	PluralNoun
gameless	gameless	PluralNoun
gamesmen	gamesman	PluralNoun
gametangia	gametangium	PluralNoun
gametogeneses	gametogenesis	PluralNoun
gamier	gamey	Comparative
gamiest	gamey	Superlative
gaminesses	gamines	PluralNoun
gamogeneses	gamogenesis	PluralNoun
ganglia	ganglion	PluralNoun
gangling	gangling	PluralNoun
gangsmen	gangsman	PluralNoun
gapless	gapless	PluralNoun
garagemen	garageman	PluralNoun
garbagemen	garbageman	PluralNoun
garbless	garbless	PluralNoun
garbling	garbling	PluralNoun
garefowl	garefowl	PluralNoun
garfish	garfish	PluralNoun
garlandless	garlandless	PluralNoun
garlicked	garlic	PastTense
garlicking	garlic	PresentParticiple
garmentless	garmentless	PluralNoun
garrotting	garrot	PresentParticiple
gaseousser	gaseous	Comparative
gaseoussest	gaseous	Superlative
gasless	gasless	PluralNoun
gasmen	gasman	PluralNoun
gastritides	gastritis	PluralNoun
gastrocnemii	gastrocnemius	PluralNoun
gastroenteritides	gastroenteritis	PluralNoun
gateless	gateless	PluralNoun
gatemen	gateman	PluralNoun
gaumless	gaumless	PluralNoun
gave	give	PastTense
gaveling	gaveling	PluralNoun
gavelling	gavelling	PluralNoun
gavelmen	gavelman	PluralNoun
gavotting	gavot	PresentParticiple
gazeless	gazeless	PluralNoun
gearless	gearless	PluralNoun
geese	goose	PluralNoun
geisha	geisha	PluralNoun
gelates	gelatis	PluralNoun
gelling	gelling	PluralNoun
gemfish	gemfish	PluralNoun
gemless	gemless	PluralNoun
gemmae	gemma	PluralNoun
genderless	genderless	PluralNoun
genera	genus	PluralNoun
generatrices	generatrix	PluralNoun
geneses	genesis	PluralNoun
gentilesses	gentiles	PluralNoun
gentlemen	gentleman	PluralNoun
gentlewomen	gentlewoman	PluralNoun
gentling	gentling	PluralNoun
geotaxes	geotaxis	PluralNoun
gerontomorphoses	gerontomorphosis	PluralNoun
ghostfish	ghostfish	PluralNoun
ghostwritten	ghostwrite	PastParticiple
ghostwrote	ghostwrite	PastTense
gi	gus	PluralNoun
giardiases	giardiasis	PluralNoun
gibbousser	gibbous	Comparative
gibboussest	gibbous	Superlative
giftless	giftless	PluralNoun
giftwrapping	giftwrap	PresentParticiple
gigahertz	gigahertz	PluralNoun
gigmen	gigman	PluralNoun
gillnetting	gillnet	PresentParticiple
gillying	gillie	PresentParticiple
gimballing	gimballing	PluralNoun
gingivae	gingiva	PluralNoun
girdling	girdling	PluralNoun
given	give	PastParticiple
glabella	glabellum	PluralNoun
glabellae	glabella	PluralNoun
glabrousser	glabrous	Comparative
glabroussest	glabrous	Superlative
glaceing	glace	PresentParticiple
gladioli	gladiolus	PluralNoun
glamouriseing	glamourise	PresentParticiple
glamourless	glamourless	PluralNoun
glamourrer	glamour	Comparative
glamourrest	glamour	Superlative
glandes	glans	PluralNoun
glandless	glandless	PluralNoun
glassfish	glassfish	PluralNoun
glassinesses	glassines	PluralNoun
glassless	glassless	PluralNoun
glassmen	glassman	PluralNoun
glaucousser	glaucous	Comparative
glaucoussest	glaucous	Superlative
glebae	gleba	PluralNoun
gleemen	gleeman	PluralNoun
glees	gleis	PluralNoun
glioses	gliosis	PluralNoun
glissandi	glissando	PluralNoun
globefish	globefish	PluralNoun
globetrotting	globetrot	PresentParticiple
globigerinae	globigerina	PluralNoun
glochidia	glochidium	PluralNoun
glomeruli	glomerulus	PluralNoun
glomerulonephritides	glomerulonephritis	PluralNoun
gloriousser	glorious	Comparative
glorioussest	glorious	Superlative
gloveless	gloveless	PluralNoun
gluconeogeneses	gluconeogenesis	PluralNoun
gluier	gluey	Comparative
gluiest	gluey	Superlative
gluing	glue	PresentParticiple
glutaei	glutaeus	PluralNoun
glutei	gluteus	PluralNoun
glycerolizeing	glycerolize	PresentParticiple
glycogeneses	glycogenesis	PluralNoun
glycogenolyses	glycogenolysis	PluralNoun
glycolyses	glycolysis	PluralNoun
gnarling	gnarling	PluralNoun
gnatling	gnatling	PluralNoun
gnoses	gnosis	PluralNoun
gnu	gnu	PluralNoun
goadsmen	goadsman	PluralNoun
goaling	goaling	PluralNoun
goalless	goalless	PluralNoun
goateedder	goateed	Comparative
goateeddest	goateed	Superlative
goatfish	goatfish	PluralNoun
goatling	goatling	PluralNoun
goatsfeet	goatsfoot	PluralNoun
gobbi	gobbo	PluralNoun
godchildren	godchild	PluralNoun
goddamming	goddam	PresentParticiple
godless	godless	PluralNoun
godling	godling	PluralNoun
goldfish	goldfish	PluralNoun
goldless	goldless	PluralNoun
goldplateing	goldplate	PresentParticiple
gomphoses	gomphosis	PluralNoun
gone	go	PastParticiple
gonia	gonium	PluralNoun
gonidia	gonidium	PluralNoun
gonococci	gonococcus	PluralNoun
goodmen	goodman	PluralNoun
goofprooffed	goofproof	PastTense
goofprooffing	goofproof	PresentParticiple
googling	googling	PluralNoun
gooier	gooey	Comparative
gooiest	gooey	Superlative
goonier	gooney	Comparative
gooniest	gooney	Superlative
goosefish	goosefish	PluralNoun
goosier	goosey	Comparative
goosiest	goosey	Superlative
gordianner	gordian	Comparative
gordiannest	gordian	Superlative
gorgeousser	gorgeous	Comparative
gorgeoussest	gorgeous	Superlative
gorgoneia	gorgoneion	PluralNoun
gormless	gormless	PluralNoun
gosling	gosling	PluralNoun
gospelling	gospelling	PluralNoun
got	get	PastParticiple
got	get	PastTense
gownsmen	gownsman	PluralNoun
graceless	graceless	PluralNoun
graciles	gracilis	PluralNoun
graciousser	gracious	Comparative
gracioussest	gracious	Superlative
gradeless	gradeless	PluralNoun
gradini	gradino	PluralNoun
graffiti	graffito	PluralNoun
grana	granum	PluralNoun
grand	grand	PluralNoun
grandchildren	grandchild	PluralNoun
grantsmen	grantsman	PluralNoun
granulocytopoieses	granulocytopoiesis	PluralNoun
granuloses	granulosis	PluralNoun
grapeless	grapeless	PluralNoun
grapier	grapey	Comparative
grapiest	grapey	Superlative
graspless	graspless	PluralNoun
grassless	grassless	PluralNoun
grates	gratis	PluralNoun
graveless	graveless	PluralNoun
graveling	graveling	PluralNoun
gravelling	gravelling	PluralNoun
graven	grave	PastParticiple
grayfish	grayfish	PluralNoun
grayling	grayling	PluralNoun
greaseless	greaseless	PluralNoun
greenling	greenling	PluralNoun
grew	grow	PastTense
griefless	griefless	PluralNoun
grievousser	grievous	Comparative
grievoussest	grievous	Superlative
gripier	gripey	Comparative
gripiest	gripey	Superlative
gripless	gripless	PluralNoun
gripmen	gripman	PluralNoun
gritless	gritless	PluralNoun
groomsmen	groomsman	PluralNoun
gross	gross	PluralNoun
ground	grind	PastTense
groundfish	groundfish	PluralNoun
groundless	groundless	PluralNoun
groundling	groundling	PluralNoun
groundmen	groundman	PluralNoun
groundsmen	groundsman	PluralNoun
grouppest	group	Superlative
grouse	grouse	PluralNoun
groveling	groveling	PluralNoun
grovelling	grovelling	PluralNoun
growling	growling	PluralNoun
grown	grow	PastParticiple
grueling	grueling	PluralNoun
gruelling	gruelling	PluralNoun
grumousser	grumous	Comparative
grumoussest	grumous	Superlative
gruntling	gruntling	PluralNoun
gruppetti	gruppetto	PluralNoun
guardianner	guardian	Comparative
guardiannest	guardian	Superlative
guardless	guardless	PluralNoun
guardsmen	guardsman	PluralNoun
gubernacula	gubernaculum	PluralNoun
guideless	guideless	PluralNoun
guildsmen	guildsman	PluralNoun
guildswomen	guildswoman	PluralNoun
guileless	guileless	PluralNoun
guiltless	guiltless	PluralNoun
guitarfish	guitarfish	PluralNoun
gullet	gullet	PastTense
gulling	gulling	PluralNoun
gumless	gumless	PluralNoun
gummoses	gummosis	PluralNoun
gumptiousser	gumptious	Comparative
gumptioussest	gumptious	Superlative
gunfought	gunfight	PastTense
gunless	gunless	PluralNoun
gunmen	gunman	PluralNoun
gussying	gussie	PresentParticiple
gustless	gustless	PluralNoun
gutless	gutless	PluralNoun
guttersnipe	guttersnipe	PluralNoun
gynaecea	gynaeceum	PluralNoun
gynaecia	gynaecium	PluralNoun
gynecia	gynecium	PluralNoun
gynogeneses	gynogenesis	PluralNoun
gypped	gyp	PastTense
gypping	gyp	PresentParticiple
hackling	hackling	PluralNoun
hackmen	hackman	PluralNoun
hackneymen	hackneyman	PluralNoun
had	have	PastTense
hadjes	hadj	PluralNoun
hadjes	hadjis	PluralNoun
haematolyses	haematolysis	PluralNoun
haemodialyses	haemodialysis	PluralNoun
haemolyses	haemolysis	PluralNoun
hagfish	hagfish	PluralNoun
hagridden	hagride	PastParticiple
hagrode	hagride	PastTense
haiku	haiku	PluralNoun
haircut	haircut	PastTense
haircutting	haircut	PresentParticiple
hairless	hairless	PluralNoun
hairwoven	hairweave	PastParticiple
hajes	haj	PluralNoun
hajes	hajis	PluralNoun
hajjes	hajj	PluralNoun
hajjes	hajjis	PluralNoun
hake	hake	PluralNoun
halalling	halal	PresentParticiple
halalling	halalling	PluralNoun
halfling	halfling	PluralNoun
halfpence	halfpenny	PluralNoun
halibut	halibut	PluralNoun
haling	haling	PluralNoun
halitoses	halitosis	PluralNoun
hallalling	hallal	PresentParticiple
hallalling	hallalling	PluralNoun
halluces	hallux	PluralNoun
hallucinoses	hallucinosis	PluralNoun
halobacteria	halobacterium	PluralNoun
halterbroke	halterbreak	PastTense
halterbroken	halterbreak	PastParticiple
haltless	haltless	PluralNoun
hammerfish	hammerfish	PluralNoun
hammerless	hammerless	PluralNoun
hammermen	hammerman	PluralNoun
hamstrung	hamstring	PastTense
hamuli	hamulus	PluralNoun
handbagging	handbag	PresentParticiple
handbuilt	handbuild	PastTense
handcolorring	handcolor	PresentParticiple
handcraftsmen	handcraftsman	PluralNoun
handheld	handhold	PastTense
handicapping	handicap	PresentParticiple
handicraftsmen	handicraftsman	PluralNoun
handleless	handleless	PluralNoun
handless	handless	PluralNoun
handling	handling	PluralNoun
handselling	handselling	PluralNoun
handset	handset	PastTense
handsetting	handset	PresentParticiple
handshake	handshake	PluralNoun
handwritten	handwrite	PastParticiple
handwrote	handwrite	PastTense
handymen	handyman	PluralNoun
hangmen	hangman	PluralNoun
hanseling	hanseling	PluralNoun
hanselling	hanselling	PluralNoun
hapless	hapless	PluralNoun
haploidder	haploid	Comparative
haploiddest	haploid	Superlative
haploses	haplosis	PluralNoun
haranguing	harangue	PresentParticiple
harborless	harborless	PluralNoun
harbourless	harbourless	PluralNoun
hardwaremen	hardwareman	PluralNoun
hardwoodder	hardwood	Comparative
hardwooddest	hardwood	Superlative
harlequinned	harlequin	PastTense
harlequinning	harlequin	PresentParticiple
harmless	harmless	PluralNoun
haruspices	haruspex	PluralNoun
harvestfish	harvestfish	PluralNoun
harvestmen	harvestman	PluralNoun
hatchelling	hatchelling	PluralNoun
hatchetmen	hatchetman	PluralNoun
hatchling	hatchling	PluralNoun
hateless	hateless	PluralNoun
hatless	hatless	PluralNoun
haustella	haustellum	PluralNoun
haustoria	haustorium	PluralNoun
havocked	havoc	PastTense
havocking	havoc	PresentParticiple
hazeless	hazeless	PluralNoun
headdest	head	Superlative
headfish	headfish	PluralNoun
headless	headless	PluralNoun
headmen	headman	PluralNoun
headshake	headshake	PluralNoun
headsmen	headsman	PluralNoun
healthless	healthless	PluralNoun
heard	hear	PastTense
heartbroke	heartbreak	PastTense
heartbroken	heartbreak	PastParticiple
heartless	heartless	PluralNoun
heartling	heartling	PluralNoun
heathfowl	heathfowl	PluralNoun
heathless	heathless	PluralNoun
heatless	heatless	PluralNoun
heatprooffer	heatproof	Comparative
heatprooffest	heatproof	Superlative
heckling	heckling	PluralNoun
hectocotyli	hectocotylus	PluralNoun
hedgehopping	hedgehop	PresentParticiple
heedless	heedless	PluralNoun
heelless	heelless	PluralNoun
heinousser	heinous	Comparative
heinoussest	heinous	Superlative
heirless	heirless	PluralNoun
held	hold	PastTense
heles	helis	PluralNoun
helices	helix	PluralNoun
heling	heling	PluralNoun
heliotaxes	heliotaxis	PluralNoun
helminthiases	helminthiasis	PluralNoun
helmless	helmless	PluralNoun
helmsmen	helmsman	PluralNoun
helpless	helpless	PluralNoun
hemaphereses	hemapheresis	PluralNoun
hematogeneses	hematogenesis	PluralNoun
hematolyses	hematolysis	PluralNoun
hematopoieses	hematopoiesis	PluralNoun
hematozoa	hematozoon	PluralNoun
hemelytra	hemelytron	PluralNoun
hemen	heman	PluralNoun
hemochromatoses	hemochromatosis	PluralNoun
hemodialyses	hemodialysis	PluralNoun
hemolyses	hemolysis	PluralNoun
hemopoieses	hemopoiesis	PluralNoun
hemoptyses	hemoptysis	PluralNoun
hemostases	hemostasis	PluralNoun
henchmen	henchman	PluralNoun
hepatitides	hepatitis	PluralNoun
herbless	herbless	PluralNoun
herdmen	herdman	PluralNoun
herdsmen	herdsman	PluralNoun
hereinner	herein	Comparative
hereinnest	herein	Superlative
hereoffer	hereof	Comparative
hereoffest	hereof	Superlative
hereonner	hereon	Comparative
hereonnest	hereon	Superlative
herling	herling	PluralNoun
hermae	herma	PluralNoun
herring	herring	PluralNoun
hertz	hertz	PluralNoun
heterogeneses	heterogenesis	PluralNoun
heterokaryoses	heterokaryosis	PluralNoun
heterolyses	heterolysis	PluralNoun
heteroses	heterosis	PluralNoun
heterotaxes	heterotaxis	PluralNoun
heterozygoses	heterozygosis	PluralNoun
hibernacula	hibernaculum	PluralNoun
hid	hide	PastTense
hidden	hide	PastParticiple
hideless	hideless	PluralNoun
hideousser	hideous	Comparative
hideoussest	hideous	Superlative
hidling	hidling	PluralNoun
hidroses	hidrosis	PluralNoun
hiera	hieron	PluralNoun
highmen	highman	PluralNoun
highwaymen	highwayman	PluralNoun
hila	hilum	PluralNoun
hili	hilus	PluralNoun
hilltopping	hilltop	PresentParticiple
hiltless	hiltless	PluralNoun
hindfeet	hindfoot	PluralNoun
hipless	hipless	PluralNoun
hippocampi	hippocampus	PluralNoun
hireling	hireling	PluralNoun
hirselling	hirselling	PluralNoun
hisses	his	PluralNoun
histiocytoses	histiocytosis	PluralNoun
histodialyses	histodialysis	PluralNoun
histogeneses	histogenesis	PluralNoun
histolyses	histolysis	PluralNoun
histoplasmoses	histoplasmosis	PluralNoun
hit	hit	PastTense
hitless	hitless	PluralNoun
hitmen	hitman	PluralNoun
hiveless	hiveless	PluralNoun
hoarrer	hoar	Comparative
hoarrest	hoar	Superlative
hoastmen	hoastman	PluralNoun
hobbyless	hobbyless	PluralNoun
hobnobbing	hobnob	PresentParticiple
hocussing	hocus	PresentParticiple
hodmen	hodman	PluralNoun
hogfish	hogfish	PluralNoun
hogtying	hogtie	PresentParticiple
hoistmen	hoistman	PluralNoun
hokier	hokey	Comparative
hokiest	hokey	Superlative
holeless	holeless	PluralNoun
holier	holey	Comparative
holiest	holey	Superlative
homefolk	homefolk	PluralNoun
homeless	homeless	PluralNoun
homeostases	homeostasis	PluralNoun
homier	homey	Comparative
homiest	homey	Superlative
hominesses	homines	PluralNoun
homolyses	homolysis	PluralNoun
homotaxes	homotaxis	PluralNoun
homozygoses	homozygosis	PluralNoun
homunculi	homunculus	PluralNoun
hondling	hondling	PluralNoun
honeyless	honeyless	PluralNoun
honiedder	honied	Comparative
honieddest	honied	Superlative
honier	honey	Comparative
honiest	honey	Superlative
honorless	honorless	PluralNoun
honourless	honourless	PluralNoun
hoodless	hoodless	PluralNoun
hoofless	hoofless	PluralNoun
hookier	hookey	Comparative
hookiest	hookey	Superlative
hookless	hookless	PluralNoun
hoopless	hoopless	PluralNoun
hopeless	hopeless	PluralNoun
hordeola	hordeolum	PluralNoun
horizonless	horizonless	PluralNoun
hormogonia	hormogonium	PluralNoun
hornless	hornless	PluralNoun
horsefish	horsefish	PluralNoun
horseflesh	horseflesh	PluralNoun
horseless	horseless	PluralNoun
horsemen	horseman	PluralNoun
horsepower	horsepower	PluralNoun
horsewhipping	horsewhip	PresentParticiple
horsewomen	horsewoman	PluralNoun
horsier	horsey	Comparative
horsiest	horsey	Superlative
hosemen	hoseman	PluralNoun
hostelling	hostelling	PluralNoun
hotdogging	hotdog	PresentParticiple
hoteling	hoteling	PluralNoun
hotelmen	hotelman	PluralNoun
hotfootter	hotfoot	Comparative
hotfoottest	hotfoot	Superlative
houndfish	houndfish	PluralNoun
hourless	hourless	PluralNoun
housebroke	housebreak	PastTense
housebroken	housebreak	PastParticiple
housekept	housekeep	PastTense
houseless	houseless	PluralNoun
houseling	houseling	PluralNoun
houselling	houselling	PluralNoun
housemen	houseman	PluralNoun
housesat	housesit	PastTense
housesitting	housesit	PresentParticiple
hoveling	hoveling	PluralNoun
hovelling	hovelling	PluralNoun
hovercraft	hovercraft	PluralNoun
howbeitter	howbeit	Comparative
howbeittest	howbeit	Superlative
howdying	howdie	PresentParticiple
howling	howling	PluralNoun
hueless	hueless	PluralNoun
huies	hui	PluralNoun
humbugging	humbug	PresentParticiple
humeri	humerus	PluralNoun
humorless	humorless	PluralNoun
humourless	humourless	PluralNoun
humpless	humpless	PluralNoun
hung	hang	PastTense
hunkier	hunkey	Comparative
hunkiest	hunkey	Superlative
huntsmen	huntsman	PluralNoun
hurt	hurt	PastTense
hurtless	hurtless	PluralNoun
hurtling	hurtling	PluralNoun
husbandless	husbandless	PluralNoun
husbandmen	husbandman	PluralNoun
hydraulicked	hydraulic	PastTense
hydraulicking	hydraulic	PresentParticiple
hydrocephali	hydrocephalus	PluralNoun
hydrocephalies	hydrocephali	PluralNoun
hydrogenolyses	hydrogenolysis	PluralNoun
hydroliseing	hydrolise	PresentParticiple
hydrolizeing	hydrolize	PresentParticiple
hydrolyses	hydrolysis	PluralNoun
hydrosomata	hydrosoma	PluralNoun
hydrotaxes	hydrotaxis	PluralNoun
hydrousser	hydrous	Comparative
hydroussest	hydrous	Superlative
hygienizeing	hygienize	PresentParticiple
hymnless	hymnless	PluralNoun
hyoidder	hyoid	Comparative
hyoiddest	hyoid	Superlative
hypercatalexes	hypercatalexis	PluralNoun
hyperhidroses	hyperhidrosis	PluralNoun
hyperkeratoses	hyperkeratosis	PluralNoun
hyperkineses	hyperkinesis	PluralNoun
hyperostoses	hyperostosis	PluralNoun
hyperpieses	hyperpiesis	PluralNoun
hyperthyroidder	hyperthyroid	Comparative
hyperthyroiddest	hyperthyroid	Superlative
hypervitaminoses	hypervitaminosis	PluralNoun
hyphae	hypha	PluralNoun
hyphenless	hyphenless	PluralNoun
hypnoanalyses	hypnoanalysis	PluralNoun
hypnogeneses	hypnogenesis	PluralNoun
hypnoses	hypnosis	PluralNoun
hypochondria	hypochondrium	PluralNoun
hypochondriases	hypochondriasis	PluralNoun
hypogea	hypogeum	PluralNoun
hypopharynges	hypopharynx	PluralNoun
hypophysectomiseing	hypophysectomise	PresentParticiple
hypophyses	hypophysis	PluralNoun
hypotaxes	hypotaxis	PluralNoun
hypothalami	hypothalamus	PluralNoun
hypotheses	hypothesis	PluralNoun
hypothyroidder	hypothyroid	Comparative
hypothyroiddest	hypothyroid	Superlative
hypovitaminoses	hypovitaminosis	PluralNoun
hystereses	hysteresis	PluralNoun
ibex	ibex	PluralNoun
ibis	ibis	PluralNoun
icefish	icefish	PluralNoun
iceless	iceless	PluralNoun
icemen	iceman	PluralNoun
ichthyoses	ichthyosis	PluralNoun
iconostases	iconostasis	PluralNoun
icositetrahedra	icositetrahedron	PluralNoun
idealess	idealess	PluralNoun
idealless	idealless	PluralNoun
idlesses	idles	PluralNoun
idling	idling	PluralNoun
igneousser	igneous	Comparative
igneoussest	igneous	Superlative
ilea	ileum	PluralNoun
ileitides	ileitis	PluralNoun
ilia	ilium	PluralNoun
illuminati	illuminato	PluralNoun
illuminati	illuminatus	PluralNoun
imageless	imageless	PluralNoun
imbedding	imbed	PresentParticiple
imbrices	imbrex	PluralNoun
imbruing	imbrue	PresentParticiple
imbuing	imbue	PresentParticiple
immitting	immit	PresentParticiple
immunodiagnoses	immunodiagnosis	PluralNoun
immunoelectrophoreses	immunoelectrophoresis	PluralNoun
immunogeneses	immunogenesis	PluralNoun
impanelling	impanelling	PluralNoun
impatiens	impatiens	PluralNoun
impelling	impel	PresentParticiple
impelling	impelling	PluralNoun
imperilling	imperilling	PluralNoun
impiousser	impious	Comparative
impioussest	impious	Superlative
impled	implead	PastTense
impluvia	impluvium	PluralNoun
importless	importless	PluralNoun
inbred	inbreed	PastTense
inclipping	inclip	PresentParticiple
income	income	PastTense
incunabula	incunabulum	PluralNoun
incurring	incur	PresentParticiple
indeedder	indeed	Comparative
indeeddest	indeed	Superlative
indexless	indexless	PluralNoun
indoorrer	indoor	Comparative
indoorrest	indoor	Superlative
induing	indue	PresentParticiple
indusia	indusium	PluralNoun
indwelt	indwell	PastTense
infantrymen	infantryman	PluralNoun
inferring	infer	PresentParticiple
inflectionless	inflectionless	PluralNoun
infought	infight	PastTense
infulae	infula	PluralNoun
infundibula	infundibulum	PluralNoun
infuscateing	infuscate	PresentParticiple
ingrainner	ingrain	Comparative
ingrainnest	ingrain	Superlative
initialling	initialling	PluralNoun
inkfish	inkfish	PluralNoun
inkless	inkless	PluralNoun
inkling	inkling	PluralNoun
inlaid	inlay	PastTense
inlet	inlet	PastTense
inletting	inlet	PresentParticiple
inner	in	Comparative
innest	in	Superlative
innless	innless	PluralNoun
innoculateing	innoculate	PresentParticiple
inputting	input	PresentParticiple
inset	inset	PastTense
insetting	inset	PresentParticiple
insignia	insigne	PluralNoun
inspanning	inspan	PresentParticiple
installing	instal	PresentParticiple
installing	installing	PluralNoun
instarring	instar	PresentParticiple
insteadder	instead	Comparative
insteaddest	instead	Superlative
instilling	instil	PresentParticiple
instilling	instilling	PluralNoun
instrumentateing	instrumentate	PresentParticiple
interambulacra	interambulacrum	PluralNoun
interbedding	interbed	PresentParticiple
interbred	interbreed	PastTense
intercropping	intercrop	PresentParticiple
intercut	intercut	PastTense
intercutting	intercut	PresentParticiple
interdealt	interdeal	PastTense
intergrew	intergrow	PastTense
intergrown	intergrow	PastParticiple
interkineses	interkinesis	PluralNoun
interknitting	interknit	PresentParticiple
interlaid	interlay	PastTense
interlapping	interlap	PresentParticiple
interlent	interlend	PastTense
intermaxillae	intermaxilla	PluralNoun
intermissionless	intermissionless	PluralNoun
intermitting	intermit	PresentParticiple
interradii	interradius	PluralNoun
interreligious	interreligious	PluralNoun
interring	inter	PresentParticiple
interstimuli	interstimulus	PluralNoun
interwove	interweave	PastTense
interwoven	interweave	PastParticiple
inthralling	inthral	PresentParticiple
inthralling	inthralling	PluralNoun
inti	into	PluralNoun
intransitivizeing	intransitivize	PresentParticiple
intriguing	intrigue	PresentParticiple
intromitting	intromit	PresentParticiple
inwoven	inweave	PastParticiple
inwrapping	inwrap	PresentParticiple
ionateing	ionate	PresentParticiple
iontophoreses	iontophoresis	PluralNoun
ireless	ireless	PluralNoun
iridesceing	iridesce	PresentParticiple
ironmen	ironman	PluralNoun
irrateing	irrate	PresentParticiple
ischia	ischium	PluralNoun
isleless	isleless	PluralNoun
islemen	isleman	PluralNoun
islesmen	islesman	PluralNoun
isling	isling	PluralNoun
isodoma	isodomum	PluralNoun
issueless	issueless	PluralNoun
issuing	issue	PresentParticiple
isthmianner	isthmian	Comparative
isthmiannest	isthmian	Superlative
ithyphalli	ithyphallus	PluralNoun
iviedder	ivied	Comparative
ivieddest	ivied	Superlative
ivver	iv	Comparative
ivvest	iv	Superlative
jacketless	jacketless	PluralNoun
jackfish	jackfish	PluralNoun
jackmen	jackman	PluralNoun
jacksnipe	jacksnipe	PluralNoun
jactitateing	jactitate	PresentParticiple
jagless	jagless	PluralNoun
jambeaux	jambeau	PluralNoun
jambokking	jambok	PresentParticiple
japanning	japan	PresentParticiple
jarkmen	jarkman	PluralNoun
jarless	jarless	PluralNoun
jawfish	jawfish	PluralNoun
jawless	jawless	PluralNoun
jazzmen	jazzman	PluralNoun
jealousser	jealous	Comparative
jealoussest	jealous	Superlative
jejuna	jejunum	PluralNoun
jellyfish	jellyfish	PluralNoun
jerquing	jerque	PresentParticiple
jerrybuilt	jerrybuild	PastTense
jeux	jeu	PluralNoun
jewelfish	jewelfish	PluralNoun
jewelling	jewelling	PluralNoun
jewfish	jewfish	PluralNoun
jimmying	jimmie	PresentParticiple
jinglejangleing	jinglejangle	PresentParticiple
jitterbugging	jitterbug	PresentParticiple
jivier	jivey	Comparative
jiviest	jivey	Superlative
jobless	jobless	PluralNoun
jodelling	jodel	PresentParticiple
jodelling	jodelling	PluralNoun
jointless	jointless	PluralNoun
jointuresses	jointures	PluralNoun
jokeless	jokeless	PluralNoun
jokier	jokey	Comparative
jokiest	jokey	Superlative
joling	joling	PluralNoun
journalling	journalling	PluralNoun
journeymen	journeyman	PluralNoun
joyless	joyless	PluralNoun
joyousser	joyous	Comparative
joyoussest	joyous	Superlative
joypopping	joypop	PresentParticiple
joyridden	joyride	PastParticiple
joyrode	joyride	PastTense
jugula	jugulum	PluralNoun
juiceless	juiceless	PluralNoun
juniorrer	junior	Comparative
juniorrest	junior	Superlative
junkmen	junkman	PluralNoun
juryless	juryless	PluralNoun
jurymen	juryman	PluralNoun
jurywomen	jurywoman	PluralNoun
justling	justling	PluralNoun
ka	kon	PluralNoun
kainogeneses	kainogenesis	PluralNoun
kales	kalis	PluralNoun
karyokineses	karyokinesis	PluralNoun
katabases	katabasis	PluralNoun
katharses	katharsis	PluralNoun
kavasses	kavas	PluralNoun
kayaking	kayak	PresentParticiple
kazatskies	kazatski	PluralNoun
keckling	keckling	PluralNoun
keelless	keelless	PluralNoun
keelmen	keelman	PluralNoun
keeperless	keeperless	PluralNoun
kegling	kegling	PluralNoun
kennelling	kennelling	PluralNoun
kenogeneses	kenogenesis	PluralNoun
kenoses	kenosis	PluralNoun
kept	keep	PastTense
keratitides	keratitis	PluralNoun
keratoses	keratosis	PluralNoun
kerneling	kerneling	PluralNoun
kernelling	kernelling	PluralNoun
ketoacidoses	ketoacidosis	PluralNoun
ketogeneses	ketogenesis	PluralNoun
ketoses	ketosis	PluralNoun
keyless	keyless	PluralNoun
kibbes	kibbis	PluralNoun
kibbutzim	kibbutz	PluralNoun
kickless	kickless	PluralNoun
kiddying	kiddie	PresentParticiple
kidling	kidling	PluralNoun
kidnapping	kidnap	PresentParticiple
kier	key	Comparative
kiest	key	Superlative
kilobaud	kilobaud	PluralNoun
kilohertz	kilohertz	PluralNoun
kin	kin	PluralNoun
kinaestheses	kinaesthesis	PluralNoun
kindless	kindless	PluralNoun
kindling	kindling	PluralNoun
kineses	kinesis	PluralNoun
kinestheses	kinesthesis	PluralNoun
kingdomless	kingdomless	PluralNoun
kingfish	kingfish	PluralNoun
kingless	kingless	PluralNoun
kingling	kingling	PluralNoun
kinless	kinless	PluralNoun
kinsmen	kinsman	PluralNoun
kinspeople	kinsperson	PluralNoun
kinswomen	kinswoman	PluralNoun
kip	kip	PluralNoun
kirkmen	kirkman	PluralNoun
kitling	kitling	PluralNoun
kneecapping	kneecap	PresentParticiple
kneeling	kneeling	PluralNoun
knelt	kneel	PastTense
knew	know	PastTense
knifeless	knifeless	PluralNoun
knightless	knightless	PluralNoun
knockoutter	knockout	Comparative
knockouttest	knockout	Superlative
knotless	knotless	PluralNoun
known	know	PastParticiple
knurling	knurling	PluralNoun
kohlrabies	kohlrabi	PluralNoun
kohlrabies	kohlrabies	PluralNoun
kolinskies	kolinski	PluralNoun
koories	koori	PluralNoun
kroner	krone	PluralNoun
kronur	krona	PluralNoun
kuchen	kuchen	PluralNoun
kumisses	kumis	PluralNoun
kuri	kurus	PluralNoun
kurtoses	kurtosis	PluralNoun
kylices	kylix	PluralNoun
kyphoses	kyphosis	PluralNoun
labella	labellum	PluralNoun
labelling	labelling	PluralNoun
labia	labium	PluralNoun
laceless	laceless	PluralNoun
lacier	lacey	Comparative
laciest	lacey	Superlative
lacing	lac	PresentParticiple
lacteal	lacteal	PluralNoun
lactobacilli	lactobacillus	PluralNoun
lacunae	lacuna	PluralNoun
laden	lade	PastParticiple
ladling	ladling	PluralNoun
ladyfish	ladyfish	PluralNoun
ladyless	ladyless	PluralNoun
laid	lay	PastTense
lain	lie	PastParticiple
lallygagging	lallygag	PresentParticiple
lambling	lambling	PluralNoun
laminae	lamina	PluralNoun
lampless	lampless	PluralNoun
lancetfish	lancetfish	PluralNoun
landless	landless	PluralNoun
landmen	landman	PluralNoun
landslid	landslide	PastParticiple
landslid	landslide	PastTense
landsmen	landsman	PluralNoun
languageless	languageless	PluralNoun
languidder	languid	Comparative
languiddest	languid	Superlative
lanternfish	lanternfish	PluralNoun
lapilli	lapillus	PluralNoun
laquei	laqueus	PluralNoun
lares	laris	PluralNoun
largesses	larges	PluralNoun
larvae	larva	PluralNoun
larynges	larynx	PluralNoun
laryngitides	laryngitis	PluralNoun
lassi	lassus	PluralNoun
lateennest	lateen	Superlative
lateralling	lateralling	PluralNoun
lathes	lathis	PluralNoun
latices	latex	PluralNoun
latifundia	latifundium	PluralNoun
latiniseing	latinise	PresentParticiple
latticini	latticino	PluralNoun
laundrymen	laundryman	PluralNoun
laundrywomen	laundrywoman	PluralNoun
laurelling	laurelling	PluralNoun
lawless	lawless	PluralNoun
lawmen	lawman	PluralNoun
layering	layer	PresentParticiple
laymen	layman	PluralNoun
laypeople	layperson	PluralNoun
laywomen	laywoman	PluralNoun
leaderless	leaderless	PluralNoun
leadfeet	leadfoot	PluralNoun
leadless	leadless	PluralNoun
leadmen	leadman	PluralNoun
leadsmen	leadsman	PluralNoun
leafless	leafless	PluralNoun
leaguing	league	PresentParticiple
leakless	leakless	PluralNoun
leakprooffer	leakproof	Comparative
leakprooffest	leakproof	Superlative
leapfrogging	leapfrog	PresentParticiple
least	less	Superlative
leatherfish	leatherfish	PluralNoun
lecythi	lecythus	PluralNoun
led	lead	PastTense
lees	leis	PluralNoun
left	leave	PastTense
legionner	legion	Comparative
legionnest	legion	Superlative
legless	legless	PluralNoun
legmen	legman	PluralNoun
leishmaniases	leishmaniasis	PluralNoun
leishmanioses	leishmaniosis	PluralNoun
lekythi	lekythus	PluralNoun
lemnisci	lemniscus	PluralNoun
lemonfish	lemonfish	PluralNoun
lenes	lenis	PluralNoun
lengthmen	lengthman	PluralNoun
lensless	lensless	PluralNoun
lensmen	lensman	PluralNoun
lent	lend	PastTense
lepidoptera	lepidopteron	PluralNoun
leprousser	leprous	Comparative
leproussest	leprous	Superlative
lepta	lepton	PluralNoun
leptospiroses	leptospirosis	PluralNoun
lesbianner	lesbian	Comparative
lesbiannest	lesbian	Superlative
less	less	PluralNoun
let	let	PastTense
letterless	letterless	PluralNoun
lettermen	letterman	PluralNoun
leucocytoses	leucocytosis	PluralNoun
leucoses	leucosis	PluralNoun
leukaemogeneses	leukaemogenesis	PluralNoun
leukemogeneses	leukemogenesis	PluralNoun
leukocytoses	leukocytosis	PluralNoun
leukopoieses	leukopoiesis	PluralNoun
leukoses	leukosis	PluralNoun
leveling	leveling	PluralNoun
levelling	levelling	PluralNoun
lezzes	lez	PluralNoun
libelling	libelling	PluralNoun
lice	louse	PluralNoun
liches	lichis	PluralNoun
lidless	lidless	PluralNoun
lieder	lied	PluralNoun
liegeless	liegeless	PluralNoun
liegemen	liegeman	PluralNoun
lifeboatmen	lifeboatman	PluralNoun
lifeless	lifeless	PluralNoun
liftmen	liftman	PluralNoun
lightermen	lighterman	PluralNoun
lighthousemen	lighthouseman	PluralNoun
lightless	lightless	PluralNoun
lightning	lightning	PresentParticiple
lightprooffer	lightproof	Comparative
lightprooffest	lightproof	Superlative
ligneousser	ligneous	Comparative
ligneoussest	ligneous	Superlative
limbless	limbless	PluralNoun
limeless	limeless	PluralNoun
limier	limey	Comparative
limiest	limey	Superlative
limitless	limitless	PluralNoun
limpsier	limpsey	Comparative
limpsiest	limpsey	Superlative
linearrer	linear	Comparative
linearrest	linear	Superlative
lineless	lineless	PluralNoun
linemen	lineman	PluralNoun
linerless	linerless	PluralNoun
linesmen	linesman	PluralNoun
lineswomen	lineswoman	PluralNoun
ling	ling	PluralNoun
linguine	linguine	PluralNoun
linguines	linguinis	PluralNoun
linguini	linguini	PluralNoun
linier	liney	Comparative
liniest	liney	Superlative
linkmen	linkman	PluralNoun
linksmen	linksman	PluralNoun
lintless	lintless	PluralNoun
lionfish	lionfish	PluralNoun
lipless	lipless	PluralNoun
lipogeneses	lipogenesis	PluralNoun
lipolyses	lipolysis	PluralNoun
lipread	lipread	PastTense
liquidder	liquid	Comparative
liquiddest	liquid	Superlative
lire	lira	PluralNoun
lisses	lis	PluralNoun
listerioses	listeriosis	PluralNoun
listless	listless	PluralNoun
literati	literato	PluralNoun
literati	literatus	PluralNoun
lithiases	lithiasis	PluralNoun
lithophysae	lithophysa	PluralNoun
lithureses	lithuresis	PluralNoun
liverymen	liveryman	PluralNoun
livetrapping	livetrap	PresentParticiple
lizardfish	lizardfish	PluralNoun
loadless	loadless	PluralNoun
loamless	loamless	PluralNoun
lobi	lobus	PluralNoun
lobster	lobster	PluralNoun
lobstermen	lobsterman	PluralNoun
lobuli	lobulus	PluralNoun
localing	localing	PluralNoun
localling	localling	PluralNoun
loci	locus	PluralNoun
lockless	lockless	PluralNoun
lockmen	lockman	PluralNoun
locksmen	locksman	PluralNoun
locomen	locoman	PluralNoun
loculi	loculus	PluralNoun
locustae	locusta	PluralNoun
lodesmen	lodesman	PluralNoun
loftless	loftless	PluralNoun
loginning	login	PresentParticiple
lollygagging	lollygag	PresentParticiple
longbowmen	longbowman	PluralNoun
longeing	longe	PresentParticiple
longhairrer	longhair	Comparative
longhairrest	longhair	Superlative
longshoremen	longshoreman	PluralNoun
loonier	looney	Comparative
looniest	looney	Superlative
lordless	lordless	PluralNoun
lordling	lordling	PluralNoun
lordoses	lordosis	PluralNoun
loreless	loreless	PluralNoun
loricae	lorica	PluralNoun
lost	lose	PastTense
lovechildren	lovechild	PluralNoun
loveless	loveless	PluralNoun
loverless	loverless	PluralNoun
lox	lox	PluralNoun
luckless	luckless	PluralNoun
lugeing	luge	PresentParticiple
lumbermen	lumberman	PluralNoun
lumpfish	lumpfish	PluralNoun
lunges	lungis	PluralNoun
lusciousser	luscious	Comparative
luscioussest	luscious	Superlative
lusterless	lusterless	PluralNoun
lustless	lustless	PluralNoun
lustreless	lustreless	PluralNoun
lustrousser	lustrous	Comparative
lustroussest	lustrous	Superlative
lutea	luteum	PluralNoun
lying	lie	PresentParticiple
lymphocytoses	lymphocytosis	PluralNoun
lymphogranulomatoses	lymphogranulomatosis	PluralNoun
lymphoidder	lymphoid	Comparative
lymphoiddest	lymphoid	Superlative
lymphomatoses	lymphomatosis	PluralNoun
lymphopoieses	lymphopoiesis	PluralNoun
lynx	lynx	PluralNoun
lyolyses	lyolysis	PluralNoun
lyses	lysis	PluralNoun
machineless	machineless	PluralNoun
machinemen	machineman	PluralNoun
macing	mac	PresentParticiple
mackerel	mackerel	PluralNoun
mackling	mackling	PluralNoun
macrameing	macrame	PresentParticiple
macroaxes	macroaxis	PluralNoun
macrocytoses	macrocytosis	PluralNoun
macronuclei	macronucleus	PluralNoun
macrosporangia	macrosporangium	PluralNoun
made	make	PastTense
madling	madling	PluralNoun
madmen	madman	PluralNoun
madwomen	madwoman	PluralNoun
maffleing	maffle	PresentParticiple
mafiosi	mafioso	PluralNoun
magi	magus	PluralNoun
magicked	magic	PastTense
magicking	magic	PresentParticiple
magnetotaxes	magnetotaxis	PluralNoun
magsmen	magsman	PluralNoun
mailless	mailless	PluralNoun
mailmen	mailman	PluralNoun
mainstreammest	mainstream	Superlative
makeless	makeless	PluralNoun
males	malis	PluralNoun
malleoli	malleolus	PluralNoun
malling	malling	PluralNoun
maltmen	maltman	PluralNoun
mamillae	mamilla	PluralNoun
mammati	mammatus	PluralNoun
mammillae	mammilla	PluralNoun
mammitides	mammitis	PluralNoun
maneless	maneless	PluralNoun
mangier	mangey	Comparative
mangiest	mangey	Superlative
mangling	mangling	PluralNoun
manless	manless	PluralNoun
mannerless	mannerless	PluralNoun
manouevreing	manouevre	PresentParticiple
manumitting	manumit	PresentParticiple
mara	marum	PluralNoun
marcelling	marcel	PresentParticiple
marcelling	marcelling	PluralNoun
marchmen	marchman	PluralNoun
markkaa	markka	PluralNoun
markmen	markman	PluralNoun
marksmen	marksman	PluralNoun
markswomen	markswoman	PluralNoun
marlin	marlin	PluralNoun
marling	marling	PluralNoun
maroonnest	maroon	Superlative
marries	marri	PluralNoun
marrowless	marrowless	PluralNoun
marshmen	marshman	PluralNoun
marsupia	marsupium	PluralNoun
marvelling	marvelling	PluralNoun
mashmen	mashman	PluralNoun
massless	massless	PluralNoun
masterless	masterless	PluralNoun
mastitides	mastitis	PluralNoun
mastless	mastless	PluralNoun
mastoidder	mastoid	Comparative
mastoiddest	mastoid	Superlative
mastoiditides	mastoiditis	PluralNoun
matchless	matchless	PluralNoun
mateless	mateless	PluralNoun
matier	matey	Comparative
matiest	matey	Superlative
matless	matless	PluralNoun
matrices	matrix	PluralNoun
matterless	matterless	PluralNoun
matzoth	matzo	PluralNoun
maxes	maxis	PluralNoun
maxillae	maxilla	PluralNoun
mayfish	mayfish	PluralNoun
mazaedia	mazaedium	PluralNoun
mealless	mealless	PluralNoun
meaneing	meane	PresentParticiple
meaningless	meaningless	PluralNoun
meant	mean	PastTense
measureless	measureless	PluralNoun
meatless	meatless	PluralNoun
meatmen	meatman	PluralNoun
meconopses	meconopsis	PluralNoun
medalling	medalling	PluralNoun
media	medium	PluralNoun
medianner	median	Comparative
mediannest	median	Superlative
mediastina	mediastinum	PluralNoun
mediummer	medium	Comparative
mediummest	medium	Superlative
medlier	medley	Comparative
medliest	medley	Superlative
megahertz	megahertz	PluralNoun
megasporangia	megasporangium	PluralNoun
megasporogeneses	megasporogenesis	PluralNoun
meioses	meiosis	PluralNoun
melanogeneses	melanogenesis	PluralNoun
melanoses	melanosis	PluralNoun
melling	melling	PluralNoun
memberless	memberless	PluralNoun
men	man	PluralNoun
menhaden	menhaden	PluralNoun
meninges	meninx	PluralNoun
meningitides	meningitis	PluralNoun
meningococci	meningococcus	PluralNoun
meningoencephalitides	meningoencephalitis	PluralNoun
menisci	meniscus	PluralNoun
menseless	menseless	PluralNoun
menservants	manservant	PluralNoun
merchantmen	merchantman	PluralNoun
meresmen	meresman	PluralNoun
mericarp	mericarp	PluralNoun
meringuing	meringue	PresentParticiple
merises	merisis	PluralNoun
meritless	meritless	PluralNoun
mermen	merman	PluralNoun
merrymen	merryman	PluralNoun
mesdames	madame	PluralNoun
mesogastria	mesogastrium	PluralNoun
mesothelia	mesothelium	PluralNoun
messeigneurs	monseigneur	PluralNoun
messieurs	monsieur	PluralNoun
messmen	messman	PluralNoun
met	meet	PastTense
metabases	metabasis	PluralNoun
metacarpi	metacarpus	PluralNoun
metacercariae	metacercaria	PluralNoun
metageneses	metagenesis	PluralNoun
metalepses	metalepsis	PluralNoun
metaling	metaling	PluralNoun
metamorphoses	metamorphosis	PluralNoun
metanalyses	metanalysis	PluralNoun
metaphrases	metaphrasis	PluralNoun
metaphyses	metaphysis	PluralNoun
metasomatoses	metasomatosis	PluralNoun
metastases	metastasis	PluralNoun
metatarsi	metatarsus	PluralNoun
metatheses	metathesis	PluralNoun
metempsychoses	metempsychosis	PluralNoun
methought	methinks	PastTense
metisses	metis	PluralNoun
metroptoses	metroptosis	PluralNoun
mewling	mewling	PluralNoun
mice	mouse	PluralNoun
microanalyses	microanalysis	PluralNoun
micrococci	micrococcus	PluralNoun
microcytoses	microcytosis	PluralNoun
microelectrophoreses	microelectrophoresis	PluralNoun
microfiche	microfiche	PluralNoun
microfungi	microfungus	PluralNoun
micronuclei	micronucleus	PluralNoun
microsporangia	microsporangium	PluralNoun
microsporogeneses	microsporogenesis	PluralNoun
microvilli	microvillus	PluralNoun
midairrer	midair	Comparative
midairrest	midair	Superlative
middlemen	middleman	PluralNoun
midshipmen	midshipman	PluralNoun
midweekker	midweek	Comparative
midweekkest	midweek	Superlative
midyearrer	midyear	Comparative
midyearrest	midyear	Superlative
might	may	PastTense
milia	milium	PluralNoun
military	military	PluralNoun
militiamen	militiaman	PluralNoun
milkfish	milkfish	PluralNoun
milkless	milkless	PluralNoun
milkmen	milkman	PluralNoun
milkshake	milkshake	PluralNoun
milling	milling	PluralNoun
millionairesses	millionaires	PluralNoun
millionner	million	Comparative
millionnest	million	Superlative
mimeses	mimesis	PluralNoun
mimicked	mimic	PastTense
mimicking	mimic	PresentParticiple
mindless	mindless	PluralNoun
mines	minis	PluralNoun
mingling	mingling	PluralNoun
miniateing	miniate	PresentParticiple
minionner	minion	Comparative
minionnest	minion	Superlative
miniseries	miniseries	PluralNoun
ministeria	ministerium	PluralNoun
mink	mink	PluralNoun
minutemen	minuteman	PluralNoun
minutiae	minutia	PluralNoun
mioses	miosis	PluralNoun
miracidia	miracidium	PluralNoun
miri	miro	PluralNoun
mirthless	mirthless	PluralNoun
misadvizeing	misadvize	PresentParticiple
misallotting	misallot	PresentParticiple
misanalyses	misanalysis	PluralNoun
misate	miseat	PastTense
misaverring	misaver	PresentParticiple
misbecame	misbecome	PastTense
misbecome	misbecome	PastParticiple
misbegan	misbegin	PastTense
misbeginning	misbegin	PresentParticiple
misbegun	misbegin	PastParticiple
misbound	misbind	PastTense
misbuilt	misbuild	PastTense
miscast	miscast	PastTense
mischannelling	mischannelling	PluralNoun
mischose	mischoose	PastTense
mischosen	mischoose	PastParticiple
misconstruing	misconstrue	PresentParticiple
miscounselling	miscounsel	PresentParticiple
miscounselling	miscounselling	PluralNoun
miscuing	miscue	PresentParticiple
miscut	miscut	PastTense
miscutting	miscut	PresentParticiple
misdealt	misdeal	PastTense
misdeliverring	misdeliver	PresentParticiple
misdiagnoses	misdiagnosis	PluralNoun
misdialling	misdialling	PluralNoun
misdid	misdo	PastTense
misdone	misdo	PastParticiple
misdrawn	misdraw	PastParticiple
misdrew	misdraw	PastTense
misdriven	misdrive	PastParticiple
misdrove	misdrive	PastTense
miseaten	miseat	PastParticiple
misemphases	misemphasis	PluralNoun
misenrolling	misenrol	PresentParticiple
misenrolling	misenrolling	PluralNoun
misfed	misfeed	PastTense
misfitting	misfit	PresentParticiple
misfuelling	misfuelling	PluralNoun
misgave	misgive	PastTense
misgiven	misgive	PastParticiple
misgrew	misgrow	PastTense
misgrown	misgrow	PastParticiple
mishapping	mishap	PresentParticiple
misheard	mishear	PastTense
mishit	mishit	PastTense
mishitting	mishit	PresentParticiple
misinferring	misinfer	PresentParticiple
misinterring	misinter	PresentParticiple
miskept	miskeep	PastTense
misknew	misknow	PastTense
misknown	misknow	PastParticiple
mislabelling	mislabelling	PluralNoun
mislaid	mislay	PastTense
mislain	mislie	PastTense
misled	mislead	PastTense
mislying	mislie	PresentParticiple
mismade	mismake	PastTense
mismet	mismeet	PastTense
mispenning	mispen	PresentParticiple
misplanning	misplan	PresentParticiple
misprogramming	misprogram	PresentParticiple
misread	misread	PastTense
misreferring	misrefer	PresentParticiple
missaid	missay	PastTense
missang	missing	PastTense
missaw	missee	PastTense
misseen	missee	PastParticiple
missent	missend	PastTense
misset	misset	PastTense
missetting	misset	PresentParticiple
missilemen	missileman	PluralNoun
misspent	misspend	PastTense
misspoke	misspeak	PastTense
misspoken	misspeak	PastParticiple
misstepping	misstep	PresentParticiple
misstopping	misstop	PresentParticiple
misstruck	misstrike	PastParticiple
misstruck	misstrike	PastTense
missung	missing	PastParticiple
mistaken	mistake	PastParticiple
mistaught	misteach	PastTense
misthought	misthink	PastTense
misthrew	misthrow	PastTense
misthrown	misthrow	PastParticiple
mistling	mistling	PluralNoun
mistold	mistell	PastTense
mistook	mistake	PastTense
mistressless	mistressless	PluralNoun
mistrustless	mistrustless	PluralNoun
misunderstood	misunderstand	PastTense
misvaluing	misvalue	PresentParticiple
misworshipping	misworship	PresentParticiple
miswritten	miswrite	PastParticiple
miswrote	miswrite	PastTense
mitochondria	mitochondrion	PluralNoun
mitoses	mitosis	PluralNoun
mizzling	mizzling	PluralNoun
mobsmen	mobsman	PluralNoun
mocked	moc	PastTense
mocking	moc	PresentParticiple
modeling	modeling	PluralNoun
modelling	modelling	PluralNoun
modi	modus	PluralNoun
modii	modius	PluralNoun
moduli	modulo	PluralNoun
moduli	modulus	PluralNoun
moiling	moiling	PluralNoun
moistureless	moistureless	PluralNoun
molasses	molas	PluralNoun
mollusca	molluscum	PluralNoun
molossi	molossus	PluralNoun
momenta	momentum	PluralNoun
moneyless	moneyless	PluralNoun
moneymen	moneyman	PluralNoun
moniedder	monied	Comparative
monieddest	monied	Superlative
moniliases	moniliasis	PluralNoun
monkfish	monkfish	PluralNoun
monocarp	monocarp	PluralNoun
monochasia	monochasium	PluralNoun
monocytoses	monocytosis	PluralNoun
monogeneses	monogenesis	PluralNoun
monogramming	monogram	PresentParticiple
monokines	monokinis	PluralNoun
monologging	monolog	PresentParticiple
monologuing	monologue	PresentParticiple
monologuizeing	monologuize	PresentParticiple
mononucleoses	mononucleosis	PluralNoun
monstrousser	monstrous	Comparative
monstroussest	monstrous	Superlative
moonfish	moonfish	PluralNoun
moonless	moonless	PluralNoun
moonshineing	moonshine	PresentParticiple
moorfowl	moorfowl	PluralNoun
moormen	moorman	PluralNoun
moose	moose	PluralNoun
mootmen	mootman	PluralNoun
mopier	mopey	Comparative
mopiest	mopey	Superlative
moralling	moral	PresentParticiple
moralling	moralling	PluralNoun
morasses	moras	PluralNoun
morceaux	morceau	PluralNoun
more	many	Comparative
more	much	Comparative
morling	morling	PluralNoun
morphallaxes	morphallaxis	PluralNoun
morphogeneses	morphogenesis	PluralNoun
morphoses	morphosis	PluralNoun
morseling	morseling	PluralNoun
morselling	morselling	PluralNoun
mortarless	mortarless	PluralNoun
mortling	mortling	PluralNoun
mosaicked	mosaic	PastTense
mosaicking	mosaic	PresentParticiple
mosasauri	mosasaurus	PluralNoun
mosquitofish	mosquitofish	PluralNoun
most	many	Superlative
most	much	Superlative
motherless	motherless	PluralNoun
mothprooffest	mothproof	Superlative
motionless	motionless	PluralNoun
motiveless	motiveless	PluralNoun
motlier	motley	Comparative
motliest	motley	Superlative
motorless	motorless	PluralNoun
motormen	motorman	PluralNoun
motoscafi	motoscafo	PluralNoun
mottling	mottling	PluralNoun
mouing	moue	PresentParticiple
mountainner	mountain	Comparative
mountainnest	mountain	Superlative
mousetrapping	mousetrap	PresentParticiple
mousier	mousey	Comparative
mousiest	mousey	Superlative
mousling	mousling	PluralNoun
mouthless	mouthless	PluralNoun
moveless	moveless	PluralNoun
mucoidder	mucoid	Comparative
mucoiddest	mucoid	Superlative
mucousser	mucous	Comparative
mucoussest	mucous	Superlative
mucovioscidoses	mucovioscidosis	PluralNoun
mucoviscidoses	mucoviscidosis	PluralNoun
mudcapping	mudcap	PresentParticiple
mudfish	mudfish	PluralNoun
mudwrestleing	mudwrestle	PresentParticiple
muffling	muffling	PluralNoun
muling	muling	PluralNoun
multiparae	multipara	PluralNoun
multireligious	multireligious	PluralNoun
multiton	multiton	PluralNoun
munjes	munj	PluralNoun
muscae	musca	PluralNoun
musclemen	muscleman	PluralNoun
musicked	music	PastTense
musicking	music	PresentParticiple
muskellunge	muskellunge	PluralNoun
muskoxen	muskox	PluralNoun
mutageneses	mutagenesis	PluralNoun
muttonfish	muttonfish	PluralNoun
myases	myasis	PluralNoun
mycelia	mycelium	PluralNoun
mycobacteria	mycobacterium	PluralNoun
mycodomatia	mycodomatium	PluralNoun
mycoses	mycosis	PluralNoun
mydriases	mydriasis	PluralNoun
myelitides	myelitis	PluralNoun
myelofibroses	myelofibrosis	PluralNoun
myeloidder	myeloid	Comparative
myeloiddest	myeloid	Superlative
myiases	myiasis	PluralNoun
myoidder	myoid	Comparative
myoiddest	myoid	Superlative
myoses	myosis	PluralNoun
myriadder	myriad	Comparative
myriaddest	myriad	Superlative
mysteriousser	mysterious	Comparative
mysterioussest	mysterious	Superlative
mythopoeses	mythopoesis	PluralNoun
myxobacteria	myxobacterium	PluralNoun
myxomatoses	myxomatosis	PluralNoun
na	non	PluralNoun
nabes	nabis	PluralNoun
nacreousser	nacreous	Comparative
nacreoussest	nacreous	Superlative
naevi	naevus	PluralNoun
naiffer	naif	Comparative
naiffest	naif	Superlative
nailless	nailless	PluralNoun
namedropping	namedrop	PresentParticiple
nameless	nameless	PluralNoun
nannying	nannie	PresentParticiple
napless	napless	PluralNoun
narcissus	narcissus	PluralNoun
narcoanalyses	narcoanalysis	PluralNoun
narcoses	narcosis	PluralNoun
narcosyntheses	narcosynthesis	PluralNoun
nares	naris	PluralNoun
narrowcast	narrowcast	PastTense
nasaleing	nasale	PresentParticiple
nationless	nationless	PluralNoun
natriureses	natriuresis	PluralNoun
nauplii	nauplius	PluralNoun
nauseousser	nauseous	Comparative
nauseoussest	nauseous	Superlative
naysaid	naysay	PastTense
nazes	nazis	PluralNoun
neapper	neap	Comparative
neappest	neap	Superlative
neat	neat	PluralNoun
nebulae	nebula	PluralNoun
neckless	neckless	PluralNoun
necrobioses	necrobiosis	PluralNoun
necroses	necrosis	PluralNoun
nectocalyces	nectocalyx	PluralNoun
needlefish	needlefish	PluralNoun
needless	needless	PluralNoun
needlewomen	needlewoman	PluralNoun
needling	needling	PluralNoun
negociateing	negociate	PresentParticiple
negroidder	negroid	Comparative
negroiddest	negroid	Superlative
neighborless	neighborless	PluralNoun
neighbourless	neighbourless	PluralNoun
neighbourrer	neighbour	Comparative
neighbourrest	neighbour	Superlative
nemeses	nemesis	PluralNoun
neocortices	neocortex	PluralNoun
neogeneses	neogenesis	PluralNoun
nephritides	nephritis	PluralNoun
nephroses	nephrosis	PluralNoun
nerveless	nerveless	PluralNoun
nervinesses	nervines	PluralNoun
nervousser	nervous	Comparative
nervoussest	nervous	Superlative
nestling	nestling	PluralNoun
netless	netless	PluralNoun
nettlefish	nettlefish	PluralNoun
nettling	nettling	PluralNoun
neuritides	neuritis	PluralNoun
neurofibromatoses	neurofibromatosis	PluralNoun
neurogeneses	neurogenesis	PluralNoun
neurohypophyses	neurohypophysis	PluralNoun
neuroses	neurosis	PluralNoun
neutrinoless	neutrinoless	PluralNoun
nevelling	nevel	PresentParticiple
nevelling	nevelling	PluralNoun
nevi	nevus	PluralNoun
newscast	newscast	PastTense
newsless	newsless	PluralNoun
newsmen	newsman	PluralNoun
newspapermen	newspaperman	PluralNoun
newspaperwomen	newspaperwoman	PluralNoun
newspeople	newsperson	PluralNoun
newswomen	newswoman	PluralNoun
nickelling	nickelling	PluralNoun
nickling	nickling	PluralNoun
niggerling	niggerling	PluralNoun
nightclubbing	nightclub	PresentParticiple
nightfowl	nightfowl	PluralNoun
nightless	nightless	PluralNoun
nilgai	nilgaus	PluralNoun
nilghai	nilghaus	PluralNoun
nilling	nilling	PluralNoun
nimbi	nimbus	PluralNoun
nimbostrati	nimbostratus	PluralNoun
nisei	nisei	PluralNoun
nisses	nis	PluralNoun
nitrid	nitrid	PastTense
nitrobacteria	nitrobacterium	PluralNoun
nitrousser	nitrous	Comparative
nitroussest	nitrous	Superlative
noblemen	nobleman	PluralNoun
noblesses	nobles	PluralNoun
noblewomen	noblewoman	PluralNoun
nodi	nodus	PluralNoun
noeses	noesis	PluralNoun
noiseless	noiseless	PluralNoun
nonconcurring	nonconcur	PresentParticiple
noncrises	noncrisis	PluralNoun
nonelect	nonelect	PluralNoun
nonfoodder	nonfood	Comparative
nonfooddest	nonfood	Superlative
nonmen	nonman	PluralNoun
nonmilitary	nonmilitary	PluralNoun
nonplussing	nonplus	PresentParticiple
nonpolice	nonpolice	PluralNoun
nonprossing	nonpros	PresentParticiple
nonreligious	nonreligious	PluralNoun
nonsweetter	nonsweet	Comparative
nonsweettest	nonsweet	Superlative
noonner	noon	Comparative
noonnest	noon	Superlative
normless	normless	PluralNoun
noseless	noseless	PluralNoun
nosier	nosey	Comparative
nosiest	nosey	Superlative
notanda	notandum	PluralNoun
notchelling	notchel	PresentParticiple
notchelling	notchelling	PluralNoun
noteless	noteless	PluralNoun
notturni	notturno	PluralNoun
noumena	noumenon	PluralNoun
nounless	nounless	PluralNoun
nousling	nousling	PluralNoun
nova	novum	PluralNoun
noxiousser	noxious	Comparative
noxioussest	noxious	Superlative
nubeculae	nubecula	PluralNoun
nuchae	nucha	PluralNoun
nuclearrer	nuclear	Comparative
nuclearrest	nuclear	Superlative
nuclei	nucleus	PluralNoun
nucleoli	nucleolus	PluralNoun
nucleosyntheses	nucleosynthesis	PluralNoun
numberless	numberless	PluralNoun
numbfish	numbfish	PluralNoun
nurdling	nurdling	PluralNoun
nurling	nurling	PluralNoun
nurseling	nurseling	PluralNoun
nurserymen	nurseryman	PluralNoun
nursling	nursling	PluralNoun
nutmegging	nutmeg	PresentParticiple
nylghai	nylghaus	PluralNoun
nymphae	nympha	PluralNoun
oakker	oak	Comparative
oakkest	oak	Superlative
oakling	oakling	PluralNoun
oarfish	oarfish	PluralNoun
oarless	oarless	PluralNoun
oarsmen	oarsman	PluralNoun
oarswomen	oarswoman	PluralNoun
oases	oasis	PluralNoun
obeli	obelus	PluralNoun
obes	obis	PluralNoun
objectless	objectless	PluralNoun
obliquing	oblique	PresentParticiple
obloquies	obloquy	PluralNoun
oboli	obolus	PluralNoun
obsequies	obsequy	PluralNoun
obviousser	obvious	Comparative
obvioussest	obvious	Superlative
occurring	occur	PresentParticiple
ocelli	ocellus	PluralNoun
ochreae	ochrea	PluralNoun
ocreae	ocrea	PluralNoun
octonarii	octonarius	PluralNoun
oculi	oculus	PluralNoun
oddsmen	oddsman	PluralNoun
odiousser	odious	Comparative
odioussest	odious	Superlative
odorless	odorless	PluralNoun
odourless	odourless	PluralNoun
oes	ois	PluralNoun
oesophagi	oesophagus	PluralNoun
offbeatter	offbeat	Comparative
offbeattest	offbeat	Superlative
offenceless	offenceless	PluralNoun
offenseless	offenseless	PluralNoun
officializeing	officialize	PresentParticiple
offish	offish	PluralNoun
offset	offset	PastTense
offsetting	offset	PresentParticiple
offspring	offspring	PluralNoun
ogresses	ogres	PluralNoun
oi	ous	PluralNoun
oidia	oidium	PluralNoun
oilfish	oilfish	PluralNoun
oiling	oiling	PluralNoun
oilmen	oilman	PluralNoun
okked	ok	PastTense
okker	ok	Comparative
okkest	ok	Superlative
okking	ok	PresentParticiple
olympianner	olympian	Comparative
olympiannest	olympian	Superlative
omasa	omasum	PluralNoun
ombudsmen	ombudsman	PluralNoun
ombudswomen	ombudswoman	PluralNoun
omitting	omit	PresentParticiple
ommatea	ommateum	PluralNoun
ommatidia	ommatidium	PluralNoun
omphali	omphalus	PluralNoun
omphaloskepses	omphaloskepsis	PluralNoun
onchocerciases	onchocerciasis	PluralNoun
oncogeneses	oncogenesis	PluralNoun
oncome	oncome	PastTense
oncostmen	oncostman	PluralNoun
onlaid	onlay	PastTense
onliest	only	Comparative
onnest	on	Superlative
onomatopoeses	onomatopoesis	PluralNoun
onomatopoieses	onomatopoiesis	PluralNoun
onset	onset	PastTense
onsetting	onset	PresentParticiple
ontogeneses	ontogenesis	PluralNoun
onychia	onychium	PluralNoun
onycholyses	onycholysis	PluralNoun
onymousser	onymous	Comparative
onymoussest	onymous	Superlative
oogeneses	oogenesis	PluralNoun
oothecae	ootheca	PluralNoun
opalizeing	opalize	PresentParticiple
opaquing	opaque	PresentParticiple
opera	opus	PluralNoun
operatorless	operatorless	PluralNoun
opposeless	opposeless	PluralNoun
optima	optimum	PluralNoun
opuscula	opusculum	PluralNoun
orangier	orangey	Comparative
orangiest	orangey	Superlative
orbiculares	orbicular	PluralNoun
orbiculares	orbicularis	PluralNoun
orbless	orbless	PluralNoun
orderless	orderless	PluralNoun
organogeneses	organogenesis	PluralNoun
oribis	oribis	PluralNoun
ornithoses	ornithosis	PluralNoun
orogeneses	orogenesis	PluralNoun
orthoaxes	orthoaxis	PluralNoun
orthogeneses	orthogenesis	PluralNoun
orthopraxes	orthopraxis	PluralNoun
orthoses	orthosis	PluralNoun
orthotoneses	orthotonesis	PluralNoun
osmeteria	osmeterium	PluralNoun
osmoses	osmosis	PluralNoun
osseousser	osseous	Comparative
osseoussest	osseous	Superlative
osteal	osteal	PluralNoun
osteitides	osteitis	PluralNoun
ostensoria	ostensorium	PluralNoun
osteoarthritides	osteoarthritis	PluralNoun
osteoclases	osteoclasis	PluralNoun
osteogeneses	osteogenesis	PluralNoun
osteolyses	osteolysis	PluralNoun
osteomyelitides	osteomyelitis	PluralNoun
osteopetroses	osteopetrosis	PluralNoun
osteoporoses	osteoporosis	PluralNoun
osteoses	osteosis	PluralNoun
ostia	ostium	PluralNoun
ostoses	ostosis	PluralNoun
ostraca	ostracon	PluralNoun
ostraka	ostrakon	PluralNoun
otitides	otitis	PluralNoun
otoscleroses	otosclerosis	PluralNoun
ourrer	our	Comparative
ourrest	our	Superlative
outarguing	outargue	PresentParticiple
outate	outeat	PastTense
outbarring	outbar	PresentParticiple
outbegging	outbeg	PresentParticiple
outbid	outbid	PastParticiple
outbid	outbid	PastTense
outbidding	outbid	PresentParticiple
outbought	outbuy	PastTense
outbragging	outbrag	PresentParticiple
outbred	outbreed	PastTense
outbroke	outbreak	PastTense
outbroken	outbreak	PastParticiple
outbuilt	outbuild	PastTense
outburst	outburst	PastTense
outcast	outcast	PastTense
outcaught	outcatch	PastTense
outcavilling	outcavilling	PluralNoun
outcropping	outcrop	PresentParticiple
outdid	outdo	PastTense
outdone	outdo	PastParticiple
outdoorrer	outdoor	Comparative
outdoorrest	outdoor	Superlative
outdoorsmen	outdoorsman	PluralNoun
outdoorswomen	outdoorswoman	PluralNoun
outdragging	outdrag	PresentParticiple
outdrank	outdrink	PastTense
outdrawn	outdraw	PastParticiple
outdrew	outdraw	PastTense
outdriven	outdrive	PastParticiple
outdropping	outdrop	PresentParticiple
outdrove	outdrive	PastTense
outdrunk	outdrink	PastParticiple
outduelling	outduelling	PluralNoun
outeaten	outeat	PastParticiple
outfelt	outfeel	PastTense
outfitting	outfit	PresentParticiple
outflew	outfly	PastTense
outflown	outfly	PastParticiple
outfought	outfight	PastTense
outfound	outfind	PastTense
outgassing	outgas	PresentParticiple
outgave	outgive	PastTense
outgeneralling	outgeneralling	PluralNoun
outgiven	outgive	PastParticiple
outgrew	outgrow	PastTense
outgrinning	outgrin	PresentParticiple
outgrown	outgrow	PastParticiple
outgunning	outgun	PresentParticiple
outheard	outhear	PastTense
outhit	outhit	PastTense
outhitting	outhit	PresentParticiple
outintriguing	outintrigue	PresentParticiple
outjutting	outjut	PresentParticiple
outkept	outkeep	PastTense
outlaid	outlay	PastTense
outlain	outlie	PastTense
outled	outlead	PastTense
outlying	outlie	PresentParticiple
outmaneuvreing	outmaneuvre	PresentParticiple
outmanning	outman	PresentParticiple
outplanning	outplan	PresentParticiple
outplodding	outplod	PresentParticiple
outplotting	outplot	PresentParticiple
outputting	output	PresentParticiple
outran	outrun	PastTense
outread	outread	PastTense
outredding	outred	PresentParticiple
outridden	outride	PastParticiple
outrigging	outrig	PresentParticiple
outrivalling	outrivalling	PluralNoun
outrode	outride	PastTense
outrun	outrun	PastParticiple
outrung	outring	PastTense
outrunning	outrun	PresentParticiple
outsaid	outsay	PastTense
outsang	outsing	PastTense
outsat	outsit	PastTense
outsaw	outsee	PastTense
outseen	outsee	PastParticiple
outset	outset	PastTense
outsetting	outset	PresentParticiple
outshone	outshine	PastTense
outshot	outshoot	PastTense
outsinning	outsin	PresentParticiple
outsitting	outsit	PresentParticiple
outslept	outsleep	PastTense
outsold	outsell	PastTense
outspanning	outspan	PresentParticiple
outsped	outspeed	PastTense
outspent	outspend	PastTense
outspoke	outspeak	PastTense
outspoken	outspeak	PastParticiple
outspread	outspread	PastTense
outsprung	outspring	PastTense
outstepping	outstep	PresentParticiple
outstood	outstand	PastTense
outstripping	outstrip	PresentParticiple
outstruck	outstrike	PastTense
outsumming	outsum	PresentParticiple
outsung	outsing	PastParticiple
outswam	outswim	PastTense
outswept	outsweep	PastTense
outswimming	outswim	PresentParticiple
outswore	outswear	PastTense
outsworn	outswear	PastParticiple
outswum	outswim	PastParticiple
outswung	outswing	PastTense
outtest	out	Superlative
outthought	outthink	PastTense
outthrew	outthrow	PastTense
outthrobbing	outthrob	PresentParticiple
outthrown	outthrow	PastParticiple
outthrust	outthrust	PastTense
outtold	outtell	PastTense
outtopping	outtop	PresentParticiple
outtravelling	outtravel	PresentParticiple
outtravelling	outtravelling	PluralNoun
outtrotting	outtrot	PresentParticiple
outvaluing	outvalue	PresentParticiple
outvying	outvie	PresentParticiple
outwarring	outwar	PresentParticiple
outwept	outweep	PastTense
outwitting	outwit	PresentParticiple
outwore	outwear	PastTense
outworn	outwear	PastParticiple
outwrestling	outwrestling	PluralNoun
outwritten	outwrite	PastParticiple
outwrote	outwrite	PastTense
ova	ovum	PluralNoun
ovaritides	ovaritis	PluralNoun
ovenbakeing	ovenbake	PresentParticiple
overanalyses	overanalysis	PluralNoun
overate	overeat	PastTense
overbeat	overbeat	PastTense
overbeaten	overbeat	PastParticiple
overbetting	overbet	PresentParticiple
overbid	overbid	PastParticiple
overbid	overbid	PastTense
overbidding	overbid	PresentParticiple
overblew	overblow	PastTense
overblown	overblow	PastParticiple
overbore	overbear	PastTense
overborne	overbear	PastParticiple
overbought	overbuy	PastTense
overbred	overbreed	PastTense
overbrimming	overbrim	PresentParticiple
overbuilt	overbuild	PastTense
overcame	overcome	PastTense
overcast	overcast	PastTense
overcaught	overcatch	PastTense
overclotheing	overclothe	PresentParticiple
overcome	overcome	PastParticiple
overcommitting	overcommit	PresentParticiple
overcontrolling	overcontrol	PresentParticiple
overcontrolling	overcontrolling	PluralNoun
overcramming	overcram	PresentParticiple
overcropping	overcrop	PresentParticiple
overcultivateing	overcultivate	PresentParticiple
overcut	overcut	PastTense
overcutting	overcut	PresentParticiple
overdid	overdo	PastTense
overdone	overdo	PastParticiple
overdrank	overdrink	PastTense
overdrawn	overdraw	PastParticiple
overdrew	overdraw	PastTense
overdriven	overdrive	PastParticiple
overdrove	overdrive	PastTense
overdrunk	overdrink	PastParticiple
overdubbing	overdub	PresentParticiple
overeaten	overeat	PastParticiple
overemphases	overemphasis	PluralNoun
overfallen	overfall	PastParticiple
overfed	overfeed	PastTense
overfell	overfall	PastTense
overflew	overfly	PastTense
overflown	overfly	PastParticiple
overgeneraliseing	overgeneralise	PresentParticiple
overgetting	overget	PresentParticiple
overgorgeing	overgorge	PresentParticiple
overgot	overget	PastParticiple
overgot	overget	PastTense
overgrew	overgrow	PastTense
overgrown	overgrow	PastParticiple
overhandling	overhandling	PluralNoun
overheard	overhear	PastTense
overheld	overhold	PastTense
overhit	overhit	PastTense
overhitting	overhit	PresentParticiple
overhung	overhang	PastTense
overissuing	overissue	PresentParticiple
overkept	overkeep	PastTense
overladen	overlade	PastParticiple
overlaid	overlay	PastTense
overlain	overlie	PastParticiple
overlapping	overlap	PresentParticiple
overlay	overlie	PastTense
overlent	overlend	PastTense
overlet	overlet	PastTense
overletting	overlet	PresentParticiple
overlying	overlie	PresentParticiple
overmanning	overman	PresentParticiple
overneat	overneat	PluralNoun
overnetting	overnet	PresentParticiple
overpaid	overpay	PastTense
overpedalling	overpedalling	PluralNoun
overplanning	overplan	PresentParticiple
overplotting	overplot	PresentParticiple
overprogramming	overprogram	PresentParticiple
overran	overrun	PastTense
overread	overread	PastTense
overridden	override	PastParticiple
overrode	override	PastTense
overrun	overrun	PastParticiple
overrunning	overrun	PresentParticiple
oversaw	oversee	PastTense
overseen	oversee	PastParticiple
overset	overset	PastTense
oversetting	overset	PresentParticiple
overshot	overshoot	PastTense
overskipping	overskip	PresentParticiple
overslept	oversleep	PastTense
overslipping	overslip	PresentParticiple
oversmen	oversman	PluralNoun
oversold	oversell	PastTense
oversown	oversow	PastTense
overspent	overspend	PastTense
overspinning	overspin	PresentParticiple
overspread	overspread	PastTense
overspun	overspin	PastTense
overstepping	overstep	PresentParticiple
overstirring	overstir	PresentParticiple
overstood	overstand	PastTense
overstruck	overstrike	PastTense
oversupping	oversup	PresentParticiple
overswam	overswim	PastTense
overswimming	overswim	PresentParticiple
overswum	overswim	PastParticiple
overswung	overswing	PastTense
overtaken	overtake	PastParticiple
overthought	overthink	PastTense
overthrew	overthrow	PastTense
overthrown	overthrow	PastParticiple
overtipping	overtip	PresentParticiple
overtook	overtake	PastTense
overtopping	overtop	PresentParticiple
overtrimming	overtrim	PresentParticiple
overvaluing	overvalue	PresentParticiple
overwetting	overwet	PresentParticiple
overwore	overwear	PastTense
overworn	overwear	PastParticiple
overwritten	overwrite	PastParticiple
overwrote	overwrite	PastTense
ovoidder	ovoid	Comparative
ovoiddest	ovoid	Superlative
ovotestes	ovotestis	PluralNoun
owling	owling	PluralNoun
ownerless	ownerless	PluralNoun
oxen	ox	PluralNoun
oxigeniseing	oxigenise	PresentParticiple
oxygenless	oxygenless	PluralNoun
oxymora	oxymoron	PluralNoun
oxyuriases	oxyuriasis	PluralNoun
oysterfish	oysterfish	PluralNoun
oystermen	oysterman	PluralNoun
pacier	pacey	Comparative
paciest	pacey	Superlative
pacing	pac	PresentParticiple
packmen	packman	PluralNoun
paddlefish	paddlefish	PluralNoun
padless	padless	PluralNoun
paedogeneses	paedogenesis	PluralNoun
paedomorphoses	paedomorphosis	PluralNoun
paid	pay	PastTense
painless	painless	PluralNoun
paislier	paisley	Comparative
paisliest	paisley	Superlative
palamae	palama	PluralNoun
paleae	palea	PluralNoun
palingeneses	palingenesis	PluralNoun
pallae	palla	PluralNoun
palling	palling	PluralNoun
palpi	palpus	PluralNoun
pancreatitides	pancreatitis	PluralNoun
paneling	paneling	PluralNoun
panelling	panelling	PluralNoun
panencephalites	panencephalitis	PluralNoun
panfish	panfish	PluralNoun
pangeneses	pangenesis	PluralNoun
pangless	pangless	PluralNoun
panicked	panic	PastTense
panicking	panic	PresentParticiple
panini	panino	PluralNoun
pantrymen	pantryman	PluralNoun
paoli	paolo	PluralNoun
paparazzi	paparazzo	PluralNoun
paperless	paperless	PluralNoun
papillae	papilla	PluralNoun
pappies	pappi	PluralNoun
papulae	papula	PluralNoun
papyri	papyrus	PluralNoun
parabases	parabasis	PluralNoun
parabemata	parabema	PluralNoun
parabioses	parabiosis	PluralNoun
paracenteses	paracentesis	PluralNoun
paradropping	paradrop	PresentParticiple
parageneses	paragenesis	PluralNoun
paraglossae	paraglossa	PluralNoun
paraleipses	paraleipsis	PluralNoun
paralepses	paralepsis	PluralNoun
paralipomena	paralipomenon	PluralNoun
paralipses	paralipsis	PluralNoun
parallelling	parallelling	PluralNoun
paralyses	paralysis	PluralNoun
paramecia	paramecium	PluralNoun
paramoecia	paramoecium	PluralNoun
paranthelia	paranthelion	PluralNoun
parapareses	paraparesis	PluralNoun
paraphrases	paraphrasis	PluralNoun
paraphyses	paraphysis	PluralNoun
parapodia	parapodium	PluralNoun
parapophyses	parapophysis	PluralNoun
parapraxes	parapraxis	PluralNoun
parascenia	parascenium	PluralNoun
parasitoses	parasitosis	PluralNoun
parasyntheses	parasynthesis	PluralNoun
parasyntheta	parasyntheton	PluralNoun
parataxes	parataxis	PluralNoun
parcelling	parcelling	PluralNoun
pardonless	pardonless	PluralNoun
parentheses	parenthesis	PluralNoun
parentless	parentless	PluralNoun
pareses	paresis	PluralNoun
pargetting	parget	PresentParticiple
parhelia	parhelion	PluralNoun
parling	parling	PluralNoun
parlousser	parlous	Comparative
parloussest	parlous	Superlative
parrotfish	parrotfish	PluralNoun
partaken	partake	PastParticiple
parthenogeneses	parthenogenesis	PluralNoun
parthianner	parthian	Comparative
parthiannest	parthian	Superlative
parties	parti	PluralNoun
partnerless	partnerless	PluralNoun
partook	partake	PastTense
passersby	passerby	PluralNoun
passionless	passionless	PluralNoun
passless	passless	PluralNoun
passmen	passman	PluralNoun
pasteurelloses	pasteurellosis	PluralNoun
pastless	pastless	PluralNoun
pastureless	pastureless	PluralNoun
patagia	patagium	PluralNoun
paterae	patera	PluralNoun
pathless	pathless	PluralNoun
pathogeneses	pathogenesis	PluralNoun
patois	patois	PluralNoun
patresfamilias	paterfamilias	PluralNoun
patrolling	patrol	PresentParticiple
patrolling	patrolling	PluralNoun
patrolmen	patrolman	PluralNoun
patrolwomen	patrolwoman	PluralNoun
patronless	patronless	PluralNoun
patternless	patternless	PluralNoun
pauseless	pauseless	PluralNoun
peaceless	peaceless	PluralNoun
peakker	peak	Comparative
peakkest	peak	Superlative
peakless	peakless	PluralNoun
pealing	pealing	PluralNoun
pearlfish	pearlfish	PluralNoun
pearling	pearling	PluralNoun
peatmen	peatman	PluralNoun
pecked	pec	PastTense
pecking	pec	PresentParticiple
pedagoguing	pedagogue	PresentParticiple
pedalling	pedalling	PluralNoun
pedeses	pedesis	PluralNoun
pedestalling	pedestalling	PluralNoun
pedicellariae	pedicellaria	PluralNoun
pediculoses	pediculosis	PluralNoun
pedogeneses	pedogenesis	PluralNoun
pedomorphoses	pedomorphosis	PluralNoun
peeling	peeling	PluralNoun
peengeing	peenge	PresentParticiple
peerless	peerless	PluralNoun
pegless	pegless	PluralNoun
pekinese	pekinese	PluralNoun
pekingese	pekingese	PluralNoun
pela	pelon	PluralNoun
peles	pel	PluralNoun
pelioses	peliosis	PluralNoun
pelota	peloton	PluralNoun
peltless	peltless	PluralNoun
pencilling	pencilling	PluralNoun
penmen	penman	PluralNoun
pennae	penna	PluralNoun
penniless	penniless	PluralNoun
pensionless	pensionless	PluralNoun
pentimenti	pentimento	PluralNoun
penuches	penuchis	PluralNoun
penumbrae	penumbra	PluralNoun
penwomen	penwoman	PluralNoun
people	person	PluralNoun
peopleless	peopleless	PluralNoun
perch	perch	PluralNoun
perea	pereon	PluralNoun
pereia	pereion	PluralNoun
peres	peris	PluralNoun
perfumeless	perfumeless	PluralNoun
pericardia	pericardium	PluralNoun
pericarditides	pericarditis	PluralNoun
pericarp	pericarp	PluralNoun
periegeses	periegesis	PluralNoun
perihelia	perihelion	PluralNoun
perikarya	perikaryon	PluralNoun
periling	periling	PluralNoun
perilling	perilling	PluralNoun
perinea	perineum	PluralNoun
periodder	period	Comparative
perioddest	period	Superlative
periostea	periosteum	PluralNoun
periphrases	periphrasis	PluralNoun
peristalses	peristalsis	PluralNoun
perithecia	perithecium	PluralNoun
periti	peritus	PluralNoun
periwigging	periwig	PresentParticiple
permitting	permit	PresentParticiple
perradii	perradius	PluralNoun
personae	persona	PluralNoun
perviousser	pervious	Comparative
pervioussest	pervious	Superlative
pessima	pessimum	PluralNoun
pessimaling	pessimaling	PluralNoun
pestling	pestling	PluralNoun
petalless	petalless	PluralNoun
petechiae	petechia	PluralNoun
petnapping	petnap	PresentParticiple
petrogeneses	petrogenesis	PluralNoun
petrolling	petrol	PresentParticiple
petrolling	petrolling	PluralNoun
petrosae	petrosa	PluralNoun
petrousser	petrous	Comparative
petroussest	petrous	Superlative
petti	petto	PluralNoun
pettifogging	pettifog	PresentParticiple
phaenomena	phaenomenon	PluralNoun
phagocytoses	phagocytosis	PluralNoun
phalacroses	phalacrosis	PluralNoun
phalli	phallus	PluralNoun
phantasmata	phantasma	PluralNoun
pharynges	pharynx	PluralNoun
pharyngitides	pharyngitis	PluralNoun
phaseless	phaseless	PluralNoun
phases	phasis	PluralNoun
phereses	pheresis	PluralNoun
phialled	phial	PastTense
phialling	phial	PresentParticiple
phialling	phialling	PluralNoun
philtra	philtrum	PluralNoun
phimoses	phimosis	PluralNoun
phizzes	phiz	PluralNoun
phlebitides	phlebitis	PluralNoun
phleboscleroses	phlebosclerosis	PluralNoun
phlox	phlox	PluralNoun
phlyctaenae	phlyctaena	PluralNoun
phlyctenae	phlyctena	PluralNoun
phonier	phoney	Comparative
phoniest	phoney	Superlative
phosphorolyses	phosphorolysis	PluralNoun
photokineses	photokinesis	PluralNoun
photolyses	photolysis	PluralNoun
photomapping	photomap	PresentParticiple
photomorphogeneses	photomorphogenesis	PluralNoun
photoset	photoset	PastTense
photosetting	photoset	PresentParticiple
photostatting	photostat	PresentParticiple
photosyntheses	photosynthesis	PluralNoun
phototaxes	phototaxis	PluralNoun
phraseless	phraseless	PluralNoun
phrasemen	phraseman	PluralNoun
phthiriases	phthiriasis	PluralNoun
phthises	phthisis	PluralNoun
phyla	phylon	PluralNoun
phyla	phylum	PluralNoun
phylae	phyla	PluralNoun
phyleses	phylesis	PluralNoun
phyllodia	phyllodium	PluralNoun
phyllotaxes	phyllotaxis	PluralNoun
phylogeneses	phylogenesis	PluralNoun
physes	physis	PluralNoun
physicked	physic	PastTense
physicking	physic	PresentParticiple
phytogeneses	phytogenesis	PluralNoun
phytoses	phytosis	PluralNoun
picked	pic	PastTense
pickerel	pickerel	PluralNoun
picking	pic	PresentParticiple
pickling	pickling	PluralNoun
picnicked	picnic	PastTense
picnicking	picnic	PresentParticiple
pieceless	pieceless	PluralNoun
piemen	pieman	PluralNoun
pierogies	pierogi	PluralNoun
pifferari	pifferaro	PluralNoun
pigfish	pigfish	PluralNoun
pigling	pigling	PluralNoun
pikemen	pikeman	PluralNoun
pikeperch	pikeperch	PluralNoun
pikes	pikis	PluralNoun
pila	pilum	PluralNoun
pilea	pileum	PluralNoun
pilei	pileus	PluralNoun
pileless	pileless	PluralNoun
piles	pilis	PluralNoun
pili	pilus	PluralNoun
pillarless	pillarless	PluralNoun
pilotfish	pilotfish	PluralNoun
pilotless	pilotless	PluralNoun
pilotmen	pilotman	PluralNoun
pilousser	pilous	Comparative
piloussest	pilous	Superlative
pineland	pineland	PluralNoun
pineta	pinetum	PluralNoun
pinfish	pinfish	PluralNoun
pingling	pingling	PluralNoun
pinier	piney	Comparative
piniest	piney	Superlative
pinocytoses	pinocytosis	PluralNoun
pinyin	pinyin	PluralNoun
pioneerrer	pioneer	Comparative
pioneerrest	pioneer	Superlative
piousser	pious	Comparative
pioussest	pious	Superlative
pipefish	pipefish	PluralNoun
pipeless	pipeless	PluralNoun
pipes	pipis	PluralNoun
pipetting	pipet	PresentParticiple
pipless	pipless	PluralNoun
piquing	pique	PresentParticiple
piranha	piranha	PluralNoun
pirogies	pirogi	PluralNoun
piroplasmata	piroplasma	PluralNoun
pistolling	pistolling	PluralNoun
pitapatting	pitapat	PresentParticiple
pitchmen	pitchman	PluralNoun
pitchwomen	pitchwoman	PluralNoun
piteousser	piteous	Comparative
piteoussest	piteous	Superlative
pithecanthropi	pithecanthropus	PluralNoun
pithless	pithless	PluralNoun
pityriases	pityriasis	PluralNoun
pivotmen	pivotman	PluralNoun
pizzazzes	pizzaz	PluralNoun
pizzicati	pizzicato	PluralNoun
placeless	placeless	PluralNoun
placemen	placeman	PluralNoun
plackless	plackless	PluralNoun
placoidder	placoid	Comparative
placoiddest	placoid	Superlative
plaguier	plaguey	Comparative
plaguiest	plaguey	Superlative
plaguing	plague	PresentParticiple
plaidder	plaid	Comparative
plaiddest	plaid	Superlative
plaidmen	plaidman	PluralNoun
plainclothesmen	plainclothesman	PluralNoun
plainsmen	plainsman	PluralNoun
plaintless	plaintless	PluralNoun
planless	planless	PluralNoun
plantless	plantless	PluralNoun
plantling	plantling	PluralNoun
plantsmen	plantsman	PluralNoun
plantswomen	plantswoman	PluralNoun
planulae	planula	PluralNoun
plasmaphereses	plasmapheresis	PluralNoun
plasmolyses	plasmolysis	PluralNoun
platemen	plateman	PluralNoun
platyfish	platyfish	PluralNoun
playless	playless	PluralNoun
pleasureless	pleasureless	PluralNoun
pleatless	pleatless	PluralNoun
plebeianner	plebeian	Comparative
plebeiannest	plebeian	Superlative
plectra	plectrum	PluralNoun
plenteousser	plenteous	Comparative
plenteoussest	plenteous	Superlative
pleura	pleuron	PluralNoun
pleurae	pleura	PluralNoun
pleurapophyses	pleurapophysis	PluralNoun
plicae	plica	PluralNoun
plotless	plotless	PluralNoun
ploughmen	ploughman	PluralNoun
plowmen	plowman	PluralNoun
plugless	plugless	PluralNoun
plumbless	plumbless	PluralNoun
plumbousser	plumbous	Comparative
plumboussest	plumbous	Superlative
plumeless	plumeless	PluralNoun
plumulae	plumula	PluralNoun
plying	plie	PresentParticiple
pneumatolyses	pneumatolysis	PluralNoun
pneumobacilli	pneumobacillus	PluralNoun
pneumococci	pneumococcus	PluralNoun
pneumoconioses	pneumoconiosis	PluralNoun
pneumocystoses	pneumocystosis	PluralNoun
pneumonitides	pneumonitis	PluralNoun
pneumonoconioses	pneumonoconiosis	PluralNoun
pocketless	pocketless	PluralNoun
podetia	podetium	PluralNoun
poetless	poetless	PluralNoun
poi	poi	PluralNoun
poi	poo	PluralNoun
pointless	pointless	PluralNoun
pointmen	pointman	PluralNoun
pointsmen	pointsman	PluralNoun
pokier	pokey	Comparative
pokiest	pokey	Superlative
poleless	poleless	PluralNoun
polemiciseing	polemicise	PresentParticiple
poles	polis	PluralNoun
police	police	PluralNoun
policemen	policeman	PluralNoun
policewomen	policewoman	PluralNoun
poliomyelitides	poliomyelitis	PluralNoun
politicked	politic	PastTense
politicking	politic	PresentParticiple
pollack	pollack	PluralNoun
pollenoses	pollenosis	PluralNoun
pollices	pollex	PluralNoun
polling	polling	PluralNoun
pollinia	pollinium	PluralNoun
pollinoses	pollinosis	PluralNoun
pollmen	pollman	PluralNoun
pollock	pollock	PluralNoun
pollyfish	pollyfish	PluralNoun
poltfeet	poltfoot	PluralNoun
poltroonner	poltroon	Comparative
poltroonnest	poltroon	Superlative
polychromizeing	polychromize	PresentParticiple
polygeneses	polygenesis	PluralNoun
polygynousser	polygynous	Comparative
polygynoussest	polygynous	Superlative
polyhedroses	polyhedrosis	PluralNoun
polyneuritides	polyneuritis	PluralNoun
polyparia	polyparium	PluralNoun
polyploidder	polyploid	Comparative
polyploiddest	polyploid	Superlative
polyposes	polyposis	PluralNoun
pommelling	pommelling	PluralNoun
pompadourring	pompadour	PresentParticiple
pompano	pompano	PluralNoun
pompousser	pompous	Comparative
pompoussest	pompous	Superlative
pontifices	pontifex	PluralNoun
pooling	pooling	PluralNoun
popeless	popeless	PluralNoun
popeling	popeling	PluralNoun
poplitei	popliteus	PluralNoun
porcini	porcino	PluralNoun
porcupinefish	porcupinefish	PluralNoun
porgy	porgy	PluralNoun
porkfish	porkfish	PluralNoun
porkling	porkling	PluralNoun
poroses	porosis	PluralNoun
porousser	porous	Comparative
poroussest	porous	Superlative
porpoise	porpoise	PluralNoun
portionless	portionless	PluralNoun
portless	portless	PluralNoun
portmen	portman	PluralNoun
possessing	posses	PresentParticiple
possessionless	possessionless	PluralNoun
postbourgeois	postbourgeois	PluralNoun
postcavae	postcava	PluralNoun
postcrises	postcrisis	PluralNoun
postilling	postil	PresentParticiple
postilling	postilling	PluralNoun
postmen	postman	PluralNoun
postpaidder	postpaid	Comparative
postpaiddest	postpaid	Superlative
postwomen	postwoman	PluralNoun
potmen	potman	PluralNoun
poultrymen	poultryman	PluralNoun
powderizeing	powderize	PresentParticiple
powderless	powderless	PluralNoun
powerless	powerless	PluralNoun
praiseless	praiseless	PluralNoun
prankling	prankling	PluralNoun
prattling	prattling	PluralNoun
prayerless	prayerless	PluralNoun
preadmitting	preadmit	PresentParticiple
preallotting	preallot	PresentParticiple
preassembleing	preassemble	PresentParticiple
preaverring	preaver	PresentParticiple
prebid	prebid	PastParticiple
prebid	prebid	PastTense
prebidding	prebid	PresentParticiple
prebought	prebuy	PastTense
prebound	prebind	PastTense
prebuilt	prebuild	PastTense
precalculi	precalculus	PluralNoun
precancelling	precancelling	PluralNoun
precast	precast	PastTense
precavae	precava	PluralNoun
prechose	prechoose	PastTense
prechosen	prechoose	PastParticiple
preciousser	precious	Comparative
precioussest	precious	Superlative
precis	precis	PluralNoun
precut	precut	PastTense
precutting	precut	PresentParticiple
prediabetes	prediabetes	PluralNoun
prefabbing	prefab	PresentParticiple
preferring	prefer	PresentParticiple
preformatting	preformat	PresentParticiple
prefroze	prefreeze	PastTense
prefrozen	prefreeze	PastParticiple
preisolateing	preisolate	PresentParticiple
prelatesses	prelates	PluralNoun
premaxillae	premaxilla	PluralNoun
premen	preman	PluralNoun
premierrer	premier	Comparative
premierrest	premier	Superlative
premiummer	premium	Comparative
premiummest	premium	Superlative
prepaid	prepay	PastTense
preplanning	preplan	PresentParticiple
preprogramming	preprogram	PresentParticiple
prepubes	prepubes	PluralNoun
prepubes	prepubis	PluralNoun
prepupae	prepupa	PluralNoun
preset	preset	PastTense
presetting	preset	PresentParticiple
preshipping	preship	PresentParticiple
preshown	preshow	PastParticiple
preshrank	preshrink	PastTense
preshrunk	preshrink	PastParticiple
presidia	presidium	PluralNoun
presold	presell	PastTense
pressmen	pressman	PluralNoun
pressureless	pressureless	PluralNoun
presswomen	presswoman	PluralNoun
preteenner	preteen	Comparative
preteennest	preteen	Superlative
pretensionless	pretensionless	PluralNoun
pretermitting	pretermit	PresentParticiple
pretold	pretell	PastTense
pretrimming	pretrim	PresentParticiple
prevaluing	prevalue	PresentParticiple
previousser	previous	Comparative
previoussest	previous	Superlative
prevuing	prevue	PresentParticiple
prewrapping	prewrap	PresentParticiple
priceless	priceless	PluralNoun
pricier	pricey	Comparative
priciest	pricey	Superlative
prickling	prickling	PluralNoun
prideless	prideless	PluralNoun
prier	prey	Comparative
priest	prey	Superlative
priestling	priestling	PluralNoun
primiparae	primipara	PluralNoun
princeling	princeling	PluralNoun
princesses	princes	PluralNoun
principia	principium	PluralNoun
printless	printless	PluralNoun
priorrer	prior	Comparative
priorrest	prior	Superlative
privateersmen	privateersman	PluralNoun
prizefought	prizefight	PastTense
prizewomen	prizewoman	PluralNoun
procarp	procarp	PluralNoun
proctodea	proctodeum	PluralNoun
procuresses	procures	PluralNoun
prodromi	prodromus	PluralNoun
profitless	profitless	PluralNoun
proglottides	proglottis	PluralNoun
prognoses	prognosis	PluralNoun
programming	program	PresentParticiple
prolegomena	prolegomenon	PluralNoun
prolepses	prolepsis	PluralNoun
prologuing	prologue	PresentParticiple
promiseless	promiseless	PluralNoun
pronota	pronotum	PluralNoun
pronuclei	pronucleus	PluralNoun
prooffest	proof	Superlative
proofless	proofless	PluralNoun
proofread	proofread	PastTense
propelling	propel	PresentParticiple
propelling	propelling	PluralNoun
propertyless	propertyless	PluralNoun
prophylaxes	prophylaxis	PluralNoun
propmen	propman	PluralNoun
proportionless	proportionless	PluralNoun
propositi	propositus	PluralNoun
proptoses	proptosis	PluralNoun
propylaea	propylaeum	PluralNoun
proroguing	prorogue	PresentParticiple
prosciutti	prosciutto	PluralNoun
prosemen	proseman	PluralNoun
proseuchae	proseucha	PluralNoun
prostheses	prosthesis	PluralNoun
protases	protasis	PluralNoun
proteanner	protean	Comparative
proteannest	protean	Superlative
protectorless	protectorless	PluralNoun
proteolyses	proteolysis	PluralNoun
prothalamia	prothalamion	PluralNoun
prothalamia	prothalamium	PluralNoun
protheses	prothesis	PluralNoun
protocolling	protocolling	PluralNoun
protozoa	protozoon	PluralNoun
prowling	prowling	PluralNoun
prytanea	prytaneum	PluralNoun
psalteria	psalterium	PluralNoun
pseudaxes	pseudaxis	PluralNoun
pseudepigrapha	pseudepigraphon	PluralNoun
pseudocarp	pseudocarp	PluralNoun
pseudocyeses	pseudocyesis	PluralNoun
pseudopodia	pseudopodium	PluralNoun
pseudotuberculoses	pseudotuberculosis	PluralNoun
psiloses	psilosis	PluralNoun
psittacoses	psittacosis	PluralNoun
psoriases	psoriasis	PluralNoun
psychoanalyses	psychoanalysis	PluralNoun
psychogeneses	psychogenesis	PluralNoun
psychokineses	psychokinesis	PluralNoun
psychoneuroses	psychoneurosis	PluralNoun
psychoses	psychosis	PluralNoun
psychosyntheses	psychosynthesis	PluralNoun
ptarmigan	ptarmigan	PluralNoun
pteria	pterion	PluralNoun
pterylae	pteryla	PluralNoun
ptoses	ptosis	PluralNoun
pubes	pubes	PluralNoun
pubes	pubis	PluralNoun
pudenda	pudendum	PluralNoun
pudsier	pudsey	Comparative
pudsiest	pudsey	Superlative
puerperae	puerpera	PluralNoun
pules	pulis	PluralNoun
pulling	pulling	PluralNoun
pulpless	pulpless	PluralNoun
pulseless	pulseless	PluralNoun
pulvilli	pulvillus	PluralNoun
pulvini	pulvinus	PluralNoun
pummelling	pummelling	PluralNoun
pumpless	pumpless	PluralNoun
punchless	punchless	PluralNoun
puncta	punctum	PluralNoun
punctureless	punctureless	PluralNoun
pundonores	pundonor	PluralNoun
pungling	pungling	PluralNoun
punkier	punkey	Comparative
punkiest	punkey	Superlative
puntsmen	puntsman	PluralNoun
pupae	pupa	PluralNoun
puparia	puparium	PluralNoun
pupfish	pupfish	PluralNoun
pures	puris	PluralNoun
purlicuing	purlicue	PresentParticiple
purling	purling	PluralNoun
purportless	purportless	PluralNoun
purposeless	purposeless	PluralNoun
purpurateing	purpurate	PresentParticiple
pursuing	pursue	PresentParticiple
put	put	PastTense
putti	putto	PluralNoun
puttying	puttie	PresentParticiple
puttyless	puttyless	PluralNoun
pycnodysostoses	pycnodysostosis	PluralNoun
pycnoses	pycnosis	PluralNoun
pyelonephritides	pyelonephritis	PluralNoun
pyknoses	pyknosis	PluralNoun
pylori	pylorus	PluralNoun
pyogeneses	pyogenesis	PluralNoun
pyoses	pyosis	PluralNoun
pyrolyses	pyrolysis	PluralNoun
pyroses	pyrosis	PluralNoun
pyxes	pyxis	PluralNoun
pyxidia	pyxidium	PluralNoun
quackling	quackling	PluralNoun
quadded	quad	PastTense
quadder	quad	Comparative
quaddest	quad	Superlative
quadding	quad	PresentParticiple
quadriennia	quadriennium	PluralNoun
quadrigae	quadriga	PluralNoun
quadrivia	quadrivium	PluralNoun
quail	quail	PluralNoun
quailing	quailing	PluralNoun
quanta	quantum	PluralNoun
quarrymen	quarryman	PluralNoun
quarterstaves	quarterstaff	PluralNoun
queenfish	queenfish	PluralNoun
queenless	queenless	PluralNoun
quenchless	quenchless	PluralNoun
questionless	questionless	PluralNoun
queuing	queue	PresentParticiple
quickstepping	quickstep	PresentParticiple
quid	quid	PluralNoun
quipped	quip	PastTense
quipping	quip	PresentParticiple
quit	quit	PastTense
quitting	quit	PresentParticiple
quizzed	quiz	PastTense
quizzes	quiz	PluralNoun
quizzing	quiz	PresentParticiple
quodded	quod	PastTense
quodding	quod	PresentParticiple
quopped	quop	PastTense
quopping	quop	PresentParticiple
rabatting	rabat	PresentParticiple
rabbitfish	rabbitfish	PluralNoun
rabies	rabies	PluralNoun
rachitides	rachitis	PluralNoun
raddlemen	raddleman	PluralNoun
radiationless	radiationless	PluralNoun
radii	radius	PluralNoun
radiolabelling	radiolabelling	PluralNoun
radiolyses	radiolysis	PluralNoun
radiomen	radioman	PluralNoun
raffling	raffling	PluralNoun
raftmen	raftman	PluralNoun
raftsmen	raftsman	PluralNoun
rages	ragis	PluralNoun
ragfish	ragfish	PluralNoun
raggling	raggling	PluralNoun
ragmen	ragman	PluralNoun
rahing	rah	PresentParticiple
railing	railing	PluralNoun
railless	railless	PluralNoun
railmen	railman	PluralNoun
railwaymen	railwayman	PluralNoun
railwomen	railwoman	PluralNoun
raimentless	raimentless	PluralNoun
rainless	rainless	PluralNoun
rainprooffer	rainproof	Comparative
rainprooffest	rainproof	Superlative
rajes	raj	PluralNoun
rakes	rakis	PluralNoun
raki	rakus	PluralNoun
ramenta	ramentum	PluralNoun
rami	ramus	PluralNoun
rampsmen	rampsman	PluralNoun
ramrodding	ramrod	PresentParticiple
ramuli	ramulus	PluralNoun
ran	run	PastTense
ranchmen	ranchman	PluralNoun
rangeland	rangeland	PluralNoun
rankless	rankless	PluralNoun
rankling	rankling	PluralNoun
ransomless	ransomless	PluralNoun
raphes	raphis	PluralNoun
rapines	rapinis	PluralNoun
rappelling	rappel	PresentParticiple
rappelling	rappelling	PluralNoun
raptureless	raptureless	PluralNoun
rataplanning	rataplan	PresentParticiple
ratfish	ratfish	PluralNoun
raucousser	raucous	Comparative
raucoussest	raucous	Superlative
raveling	raveling	PluralNoun
ravelling	ravelling	PluralNoun
rayless	rayless	PluralNoun
razmatazzes	razmataz	PluralNoun
razorfish	razorfish	PluralNoun
reachless	reachless	PluralNoun
read	read	PastTense
readmitting	readmit	PresentParticiple
realineing	realine	PresentParticiple
reallotting	reallot	PresentParticiple
realmless	realmless	PluralNoun
reanalyses	reanalysis	PluralNoun
reapparelling	reapparel	PresentParticiple
reapparelling	reapparelling	PluralNoun
rearguing	reargue	PresentParticiple
rearisen	rearise	PastParticiple
rearmice	rearmouse	PluralNoun
rearose	rearise	PastTense
rearrest	rear	Superlative
reasonless	reasonless	PluralNoun
reawoke	reawake	PastTense
reawoken	reawake	PastParticiple
rebegan	rebegin	PastTense
rebeginning	rebegin	PresentParticiple
rebegun	rebegin	PastParticiple
rebelling	rebel	PresentParticiple
rebelling	rebelling	PluralNoun
rebid	rebid	PastParticiple
rebid	rebid	PastTense
rebidding	rebid	PresentParticiple
rebit	rebite	PastTense
rebought	rebuy	PastTense
rebound	rebind	PastTense
rebred	rebreed	PastTense
rebroadcast	rebroadcast	PastTense
rebuilt	rebuild	PastTense
rebutting	rebut	PresentParticiple
recapping	recap	PresentParticiple
recast	recast	PastTense
recaught	recatch	PastTense
recceing	recce	PresentParticiple
receptacula	receptaculum	PluralNoun
rechannelling	rechannelling	PluralNoun
rechose	rechoose	PastTense
rechosen	rechoose	PastParticiple
recidivateing	recidivate	PresentParticiple
recked	rec	PastTense
recking	rec	PresentParticiple
reckless	reckless	PluralNoun
reckling	reckling	PluralNoun
recoilless	recoilless	PluralNoun
recomfortless	recomfortless	PluralNoun
recommitting	recommit	PresentParticiple
reconning	recon	PresentParticiple
recontinuing	recontinue	PresentParticiple
recoupling	recoupling	PluralNoun
recti	rectus	PluralNoun
rectrices	rectrix	PluralNoun
recureless	recureless	PluralNoun
recurring	recur	PresentParticiple
recut	recut	PastTense
recutting	recut	PresentParticiple
red	red	PastTense
redarguing	redargue	PresentParticiple
reddenda	reddendum	PluralNoun
reddlemen	reddleman	PluralNoun
reddling	reddling	PluralNoun
redealt	redeal	PastTense
redeemless	redeemless	PluralNoun
redeless	redeless	PluralNoun
redfish	redfish	PluralNoun
redialing	redialing	PluralNoun
redialling	redialling	PluralNoun
redid	redo	PastTense
redipping	redip	PresentParticiple
redistilling	redistil	PresentParticiple
redistilling	redistilling	PluralNoun
redone	redo	PastParticiple
redonning	redon	PresentParticiple
redrawn	redraw	PastParticiple
redrew	redraw	PastTense
redriven	redrive	PastParticiple
redrove	redrive	PastTense
redubbing	redub	PresentParticiple
reduces	redux	PluralNoun
reedling	reedling	PluralNoun
reedmen	reedman	PluralNoun
reeling	reeling	PluralNoun
reelmen	reelman	PluralNoun
reemitting	reemit	PresentParticiple
reemphases	reemphasis	PluralNoun
reequipped	reequip	PastTense
reequipping	reequip	PresentParticiple
reexpelling	reexpel	PresentParticiple
reexpelling	reexpelling	PluralNoun
refallen	refall	PastParticiple
refed	refeed	PastTense
refell	refall	PastTense
refelling	refel	PresentParticiple
refelling	refelling	PluralNoun
refelt	refeel	PastTense
referring	refer	PresentParticiple
refitting	refit	PresentParticiple
reflagging	reflag	PresentParticiple
reflectionless	reflectionless	PluralNoun
reflew	refly	PastTense
reflown	refly	PastParticiple
reformatting	reformat	PresentParticiple
refought	refight	PastTense
refound	refind	PastTense
refroze	refreeze	PastTense
refrozen	refreeze	PastParticiple
refuelling	refuelling	PluralNoun
refugia	refugium	PluralNoun
regardless	regardless	PluralNoun
regave	regive	PastTense
regiven	regive	PastParticiple
regluing	reglue	PresentParticiple
regmata	regma	PluralNoun
regna	regnum	PluralNoun
regretting	regret	PresentParticiple
regrew	regrow	PastTense
reground	regrind	PastTense
regrown	regrow	PastParticiple
regulae	regula	PluralNoun
reguli	regulo	PluralNoun
rehabbing	rehab	PresentParticiple
reheard	rehear	PastTense
rehemming	rehem	PresentParticiple
reincurring	reincur	PresentParticiple
reindeer	reindeer	PluralNoun
reinless	reinless	PluralNoun
reinsmen	reinsman	PluralNoun
reinterring	reinter	PresentParticiple
reissuing	reissue	PresentParticiple
rejigging	rejig	PresentParticiple
rejoneadores	rejoneador	PluralNoun
reknitting	reknit	PresentParticiple
reknotting	reknot	PresentParticiple
relabelling	relabelling	PluralNoun
relaid	relay	PastTense
relationless	relationless	PluralNoun
relent	relend	PastTense
relentless	relentless	PluralNoun
relet	relet	PastTense
reletting	relet	PresentParticiple
reliefless	reliefless	PluralNoun
religionless	religionless	PluralNoun
religious	religious	PluralNoun
remade	remake	PastTense
remaindermen	remainderman	PluralNoun
remanning	reman	PresentParticiple
remapping	remap	PresentParticiple
remet	remeet	PastTense
remitting	remit	PresentParticiple
remodelling	remodelling	PluralNoun
remorseless	remorseless	PluralNoun
rendezvous	rendezvous	PluralNoun
reneguing	renegue	PresentParticiple
renigging	renig	PresentParticiple
rent	rend	PastTense
reoccurring	reoccur	PresentParticiple
reoutfitting	reoutfit	PresentParticiple
repaid	repay	PastTense
repairmen	repairman	PluralNoun
repairwomen	repairwoman	PluralNoun
repanelling	repanelling	PluralNoun
repegging	repeg	PresentParticiple
repelling	repel	PresentParticiple
repelling	repelling	PluralNoun
repinning	repin	PresentParticiple
repiquing	repique	PresentParticiple
repla	replum	PluralNoun
replanning	replan	PresentParticiple
replotting	replot	PresentParticiple
repomen	repoman	PluralNoun
repotting	repot	PresentParticiple
reproachless	reproachless	PluralNoun
reprogramming	reprogram	PresentParticiple
reptilia	reptilium	PluralNoun
repursuing	repursue	PresentParticiple
reputeless	reputeless	PluralNoun
reran	rerun	PastTense
reread	reread	PastTense
rerigging	rerig	PresentParticiple
rerisen	rerise	PastParticiple
rerose	rerise	PastTense
rerun	rerun	PastParticiple
rerunning	rerun	PresentParticiple
resaid	resay	PastTense
resat	resit	PastTense
rescuing	rescue	PresentParticiple
reseen	resee	PastParticiple
resent	resend	PastTense
reset	reset	PastTense
resetting	reset	PresentParticiple
reshipping	reship	PresentParticiple
reshod	reshoe	PastTense
reshone	reshine	PastTense
reshot	reshoot	PastTense
reshown	reshow	PastParticiple
residua	residuum	PluralNoun
resistless	resistless	PluralNoun
resitting	resit	PresentParticiple
resmudgeing	resmudge	PresentParticiple
resodding	resod	PresentParticiple
resold	resell	PastTense
resought	reseek	PastTense
resourceless	resourceless	PluralNoun
resown	resow	PastParticiple
respectless	respectless	PluralNoun
resplit	resplit	PastTense
resplitting	resplit	PresentParticiple
respoke	respeak	PastTense
respoken	respeak	PastParticiple
responsa	responsum	PluralNoun
responseless	responseless	PluralNoun
respotting	respot	PresentParticiple
resprang	respring	PastTense
respread	respread	PastTense
resprung	respring	PastParticiple
restless	restless	PluralNoun
restriven	restrive	PastParticiple
restrove	restrive	PastTense
restruck	restrike	PastParticiple
restruck	restrike	PastTense
restrung	restring	PastTense
restyling	restyling	PluralNoun
resublimeing	resublime	PresentParticiple
resubmitting	resubmit	PresentParticiple
resultless	resultless	PluralNoun
resyntheses	resynthesis	PluralNoun
retackling	retackling	PluralNoun
retagging	retag	PresentParticiple
retaken	retake	PastParticiple
retaught	reteach	PastTense
retchless	retchless	PluralNoun
rethought	rethink	PastTense
retinacula	retinaculum	PluralNoun
retinitides	retinitis	PluralNoun
retold	retell	PastTense
retook	retake	PastTense
retorn	retear	PastTense
retotalling	retotalling	PluralNoun
retransferring	retransfer	PresentParticiple
retransmitting	retransmit	PresentParticiple
retrimming	retrim	PresentParticiple
retrodden	retread	PastParticiple
retrofitting	retrofit	PresentParticiple
returnless	returnless	PluralNoun
retying	retie	PresentParticiple
reuneing	reune	PresentParticiple
revaluing	revalue	PresentParticiple
revelling	revelling	PluralNoun
revengeless	revengeless	PluralNoun
revers	revers	PluralNoun
reverseless	reverseless	PluralNoun
reverses	reversis	PluralNoun
revetting	revet	PresentParticiple
revictualling	revictualling	PluralNoun
revying	revie	PresentParticiple
rewardless	rewardless	PluralNoun
rewedding	rewed	PresentParticiple
rewetting	rewet	PresentParticiple
rewinning	rewin	PresentParticiple
rewoke	rewake	PastTense
rewon	rewin	PastTense
rewon	rewon	PluralNoun
rewound	rewind	PastTense
rewove	reweave	PastTense
rewoven	reweave	PastParticiple
rewrapping	rewrap	PresentParticiple
rewritten	rewrite	PastParticiple
rewrote	rewrite	PastTense
rhaphes	rhaphis	PluralNoun
rheotaxes	rheotaxis	PluralNoun
rhexes	rhexis	PluralNoun
rhinitides	rhinitis	PluralNoun
rhinopharyngitides	rhinopharyngitis	PluralNoun
rhizobia	rhizobium	PluralNoun
rhizomata	rhizoma	PluralNoun
rhomboidder	rhomboid	Comparative
rhomboiddest	rhomboid	Superlative
rhomboidei	rhomboideus	PluralNoun
rhonchi	rhonchus	PluralNoun
rhymeless	rhymeless	PluralNoun
rhythmless	rhythmless	PluralNoun
ribbonfish	ribbonfish	PluralNoun
ribless	ribless	PluralNoun
rid	rid	PastTense
ridden	ride	PastParticiple
riderless	riderless	PluralNoun
ridgeling	ridgeling	PluralNoun
rifacimenti	rifacimento	PluralNoun
riffling	riffling	PluralNoun
riflemen	rifleman	PluralNoun
rifling	rifling	PluralNoun
riftless	riftless	PluralNoun
rigatoni	rigatoni	PluralNoun
righteousser	righteous	Comparative
righteoussest	righteous	Superlative
rightless	rightless	PluralNoun
rigling	rigling	PluralNoun
rimae	rima	PluralNoun
rimeless	rimeless	PluralNoun
rimless	rimless	PluralNoun
rindless	rindless	PluralNoun
ringless	ringless	PluralNoun
ringmen	ringman	PluralNoun
riotousser	riotous	Comparative
riotoussest	riotous	Superlative
riprapping	riprap	PresentParticiple
risen	rise	PastParticiple
riskless	riskless	PluralNoun
riteless	riteless	PluralNoun
rivaless	rivaless	PluralNoun
rivaling	rivaling	PluralNoun
rivalless	rivalless	PluralNoun
rivalling	rivalling	PluralNoun
rivelling	rivel	PresentParticiple
rivelling	rivelling	PluralNoun
riverless	riverless	PluralNoun
rivermen	riverman	PluralNoun
roadder	road	Comparative
roaddest	road	Superlative
roadless	roadless	PluralNoun
roadmen	roadman	PluralNoun
roadsmen	roadsman	PluralNoun
roanner	roan	Comparative
roannest	roan	Superlative
rocked	roc	PastTense
rockfish	rockfish	PluralNoun
rocking	roc	PresentParticiple
rockless	rockless	PluralNoun
rockling	rockling	PluralNoun
rode	ride	PastTense
rodless	rodless	PluralNoun
rodmen	rodman	PluralNoun
rodsmen	rodsman	PluralNoun
roe	roe	PluralNoun
roguing	rogue	PresentParticiple
rondeaux	rondeau	PluralNoun
roofless	roofless	PluralNoun
rootless	rootless	PluralNoun
rootling	rootling	PluralNoun
roottest	root	Superlative
ropier	ropey	Comparative
ropiest	ropey	Superlative
rose	rise	PastTense
rosefish	rosefish	PluralNoun
roseless	roseless	PluralNoun
rosetting	roset	PresentParticiple
rotes	rotis	PluralNoun
roughcast	roughcast	PastTense
roundfish	roundfish	PluralNoun
roundsmen	roundsman	PluralNoun
routemen	routeman	PluralNoun
rove	reeve	PastTense
rowelling	rowelling	PluralNoun
rubiconning	rubicon	PresentParticiple
rucked	ruc	PastTense
rucking	ruc	PresentParticiple
ruckling	ruckling	PluralNoun
rudderfish	rudderfish	PluralNoun
rudderless	rudderless	PluralNoun
ruddlemen	ruddleman	PluralNoun
ruddling	ruddling	PluralNoun
ruffling	ruffling	PluralNoun
rugae	ruga	PluralNoun
ruing	rue	PresentParticiple
ruinousser	ruinous	Comparative
ruinoussest	ruinous	Superlative
ruleless	ruleless	PluralNoun
rumpless	rumpless	PluralNoun
rumpling	rumpling	PluralNoun
rumpussing	rumpus	PresentParticiple
run	run	PastParticiple
rung	ring	PastParticiple
rungless	rungless	PluralNoun
runless	runless	PluralNoun
runprooffer	runproof	Comparative
runprooffest	runproof	Superlative
russetting	russet	PresentParticiple
rustless	rustless	PluralNoun
rustling	rustling	PluralNoun
rustprooffer	rustproof	Comparative
rustprooffest	rustproof	Superlative
ruthless	ruthless	PluralNoun
sabeing	sabe	PresentParticiple
saberteeth	sabertooth	PluralNoun
sable	sable	PluralNoun
sablefish	sablefish	PluralNoun
sabling	sabling	PluralNoun
sacculi	sacculus	PluralNoun
sacella	sacellum	PluralNoun
sacked	sac	PastTense
sacking	sac	PresentParticiple
sackless	sackless	PluralNoun
sacless	sacless	PluralNoun
sacra	sacrum	PluralNoun
saddleless	saddleless	PluralNoun
sades	sadis	PluralNoun
safetymen	safetyman	PluralNoun
saga	sagum	PluralNoun
sagamen	sagaman	PluralNoun
sagenesses	sagenes	PluralNoun
said	say	PastTense
sailfish	sailfish	PluralNoun
sailing	sailing	PluralNoun
sailless	sailless	PluralNoun
sailorless	sailorless	PluralNoun
saintling	saintling	PluralNoun
sakes	sakis	PluralNoun
salarymen	salaryman	PluralNoun
salesmen	salesman	PluralNoun
salespeople	salesperson	PluralNoun
saleswomen	saleswoman	PluralNoun
salices	salix	PluralNoun
salinateing	salinate	PresentParticiple
salmon	salmon	PluralNoun
salmonellae	salmonella	PluralNoun
salmonelloses	salmonellosis	PluralNoun
saltfish	saltfish	PluralNoun
saltinesses	saltines	PluralNoun
saltless	saltless	PluralNoun
samites	samitis	PluralNoun
sampling	sampling	PluralNoun
samurai	samurai	PluralNoun
sanctionless	sanctionless	PluralNoun
sandalling	sandalling	PluralNoun
sandbagging	sandbag	PresentParticiple
sanderling	sanderling	PluralNoun
sandfish	sandfish	PluralNoun
sandgrouse	sandgrouse	PluralNoun
sandless	sandless	PluralNoun
sandling	sandling	PluralNoun
sandmen	sandman	PluralNoun
sang	sing	PastTense
saniousser	sanious	Comparative
sanioussest	sanious	Superlative
sank	sink	PastTense
saphenae	saphena	PluralNoun
sapidless	sapidless	PluralNoun
sapless	sapless	PluralNoun
sapling	sapling	PluralNoun
sarcocystes	sarcocystis	PluralNoun
sarcoidder	sarcoid	Comparative
sarcoiddest	sarcoid	Superlative
sarcoidoses	sarcoidosis	PluralNoun
sarcomatoses	sarcomatosis	PluralNoun
sarcophagi	sarcophagus	PluralNoun
sarmenta	sarmentum	PluralNoun
sartorii	sartorius	PluralNoun
sashless	sashless	PluralNoun
sat	sit	PastTense
sateless	sateless	PluralNoun
sates	satis	PluralNoun
satyriases	satyriasis	PluralNoun
saurianner	saurian	Comparative
sauriannest	saurian	Superlative
sauteing	saute	PresentParticiple
savorless	savorless	PluralNoun
savourless	savourless	PluralNoun
saw	see	PastTense
sawbones	sawbones	PluralNoun
sawfish	sawfish	PluralNoun
sawteeth	sawtooth	PluralNoun
sbirri	sbirro	PluralNoun
scabbardless	scabbardless	PluralNoun
scabrousser	scabrous	Comparative
scabroussest	scabrous	Superlative
scalae	scala	PluralNoun
scaldfish	scaldfish	PluralNoun
scaldini	scaldino	PluralNoun
scalefish	scalefish	PluralNoun
scaleless	scaleless	PluralNoun
scaleni	scalenus	PluralNoun
scalier	scaley	Comparative
scaliest	scaley	Superlative
scaloppines	scaloppinis	PluralNoun
scalpless	scalpless	PluralNoun
scampi	scampi	PluralNoun
scampi	scampo	PluralNoun
scandalling	scandalling	PluralNoun
scantling	scantling	PluralNoun
scapegallows	scapegallows	PluralNoun
scapeless	scapeless	PluralNoun
scaphoidder	scaphoid	Comparative
scaphoiddest	scaphoid	Superlative
scapi	scapus	PluralNoun
scapulae	scapula	PluralNoun
scarier	scarey	Comparative
scariest	scarey	Superlative
scarless	scarless	PluralNoun
scatheless	scatheless	PluralNoun
scatterling	scatterling	PluralNoun
scentless	scentless	PluralNoun
scepses	scepsis	PluralNoun
scepterless	scepterless	PluralNoun
schemata	schema	PluralNoun
schistosomiases	schistosomiasis	PluralNoun
schizocarp	schizocarp	PluralNoun
schizogeneses	schizogenesis	PluralNoun
schizoidder	schizoid	Comparative
schizoiddest	schizoid	Superlative
schnapps	schnapps	PluralNoun
schnaps	schnaps	PluralNoun
scholia	scholion	PluralNoun
schoolchildren	schoolchild	PluralNoun
schoolmen	schoolman	PluralNoun
schrod	schrod	PluralNoun
scleroses	sclerosis	PluralNoun
sclerotia	sclerotium	PluralNoun
scolia	scolion	PluralNoun
scolices	scolex	PluralNoun
scolioses	scoliosis	PluralNoun
scoreless	scoreless	PluralNoun
scoriae	scoria	PluralNoun
scorpionfish	scorpionfish	PluralNoun
scowling	scowling	PluralNoun
scratchless	scratchless	PluralNoun
scrawling	scrawling	PluralNoun
scrod	scrod	PluralNoun
scrota	scrotum	PluralNoun
scrubwomen	scrubwoman	PluralNoun
scrumpling	scrumpling	PluralNoun
scrumptiousser	scrumptious	Comparative
scrumptioussest	scrumptious	Superlative
scudi	scudo	PluralNoun
scuffling	scuffling	PluralNoun
sculling	sculling	PluralNoun
scumless	scumless	PluralNoun
scungeing	scunge	PresentParticiple
scuta	scutum	PluralNoun
scutella	scutellum	PluralNoun
scybala	scybalum	PluralNoun
scyphi	scyphus	PluralNoun
scythemen	scytheman	PluralNoun
seafolk	seafolk	PluralNoun
seafowl	seafowl	PluralNoun
sealing	sealing	PluralNoun
seamen	seaman	PluralNoun
seamless	seamless	PluralNoun
seaplaneing	seaplane	PresentParticiple
searchless	searchless	PluralNoun
seasonless	seasonless	PluralNoun
seatless	seatless	PluralNoun
secernateing	secernate	PresentParticiple
secondi	secondo	PluralNoun
sedilia	sedilium	PluralNoun
seeddest	seed	Superlative
seedless	seedless	PluralNoun
seedling	seedling	PluralNoun
seedmen	seedman	PluralNoun
seedsmen	seedsman	PluralNoun
seeling	seeling	PluralNoun
seemless	seemless	PluralNoun
seen	see	PastParticiple
seiling	seiling	PluralNoun
selectmen	selectman	PluralNoun
selectwomen	selectwoman	PluralNoun
selfish	selfish	PluralNoun
selfless	selfless	PluralNoun
selling	selling	PluralNoun
semantra	semantron	PluralNoun
semeia	semeion	PluralNoun
semioses	semiosis	PluralNoun
semireligious	semireligious	PluralNoun
senarii	senarius	PluralNoun
seniorrer	senior	Comparative
seniorrest	senior	Superlative
sensa	sensum	PluralNoun
senseless	senseless	PluralNoun
sensibilizeing	sensibilize	PresentParticiple
sensilla	sensillum	PluralNoun
sensillae	sensilla	PluralNoun
sensuousser	sensuous	Comparative
sensuoussest	sensuous	Superlative
sent	send	PastTense
sententiae	sententia	PluralNoun
sentinelling	sentinelling	PluralNoun
sepadding	sepad	PresentParticiple
sepses	sepsis	PluralNoun
septa	septum	PluralNoun
septaria	septarium	PluralNoun
septennia	septennium	PluralNoun
sequelae	sequela	PluralNoun
sequinned	sequin	PastTense
seraphim	seraphim	PluralNoun
serfish	serfish	PluralNoun
sergeantfish	sergeantfish	PluralNoun
sericteria	sericterium	PluralNoun
seriousser	serious	Comparative
serioussest	serious	Superlative
serodiagnoses	serodiagnosis	PluralNoun
serousser	serous	Comparative
seroussest	serous	Superlative
servantless	servantless	PluralNoun
serviceless	serviceless	PluralNoun
servicemen	serviceman	PluralNoun
servicepeople	serviceperson	PluralNoun
servicewomen	servicewoman	PluralNoun
sestertia	sestertium	PluralNoun
set	set	PastTense
setae	seta	PluralNoun
settling	settling	PluralNoun
severalizeing	severalize	PresentParticiple
sewn	sew	PastParticiple
sexless	sexless	PluralNoun
sextarii	sextarius	PluralNoun
sgraffiti	sgraffito	PluralNoun
shackling	shackling	PluralNoun
shad	shad	PluralNoun
shadeless	shadeless	PluralNoun
shadowless	shadowless	PluralNoun
shaftless	shaftless	PluralNoun
shaken	shake	PastParticiple
shalier	shaley	Comparative
shaliest	shaley	Superlative
shamanizeing	shamanize	PresentParticiple
shameless	shameless	PluralNoun
shantymen	shantyman	PluralNoun
shapeless	shapeless	PluralNoun
sharecropping	sharecrop	PresentParticiple
sharemen	shareman	PluralNoun
sharesmen	sharesman	PluralNoun
sharpshootted	sharpshoot	PastTense
shaveling	shaveling	PluralNoun
shawling	shawling	PluralNoun
shawlless	shawlless	PluralNoun
shealing	shealing	PluralNoun
shearling	shearling	PluralNoun
shearmen	shearman	PluralNoun
sheathfish	sheathfish	PluralNoun
sheathless	sheathless	PluralNoun
shed	shed	PastTense
sheenier	sheeney	Comparative
sheeniest	sheeney	Superlative
sheenner	sheen	Comparative
sheennest	sheen	Superlative
sheep	sheep	PluralNoun
sheepmen	sheepman	PluralNoun
shellacked	shellac	PastTense
shellacking	shellac	PresentParticiple
shellfish	shellfish	PluralNoun
shellprooffer	shellproof	Comparative
shellprooffest	shellproof	Superlative
shelterless	shelterless	PluralNoun
shepherdless	shepherdless	PluralNoun
shepherdling	shepherdling	PluralNoun
shewn	shew	PastParticiple
shieldless	shieldless	PluralNoun
shieldling	shieldling	PluralNoun
shiftless	shiftless	PluralNoun
shigelloses	shigellosis	PluralNoun
shikarring	shikar	PresentParticiple
shillingless	shillingless	PluralNoun
shineless	shineless	PluralNoun
shiplapping	shiplap	PresentParticiple
shipless	shipless	PluralNoun
shipmen	shipman	PluralNoun
shiremen	shireman	PluralNoun
shirtless	shirtless	PluralNoun
shit	shit	PastTense
shitless	shitless	PluralNoun
shockprooffer	shockproof	Comparative
shockprooffest	shockproof	Superlative
shod	shoe	PastParticiple
shod	shoe	PastTense
shoedder	shoed	Comparative
shoeddest	shoed	Superlative
shoeless	shoeless	PluralNoun
shone	shine	PastTense
shook	shake	PastTense
shooling	shooling	PluralNoun
shopmen	shopman	PluralNoun
shopwomen	shopwoman	PluralNoun
shoreless	shoreless	PluralNoun
shoremen	shoreman	PluralNoun
shoresmen	shoresman	PluralNoun
shortcut	shortcut	PastTense
shortcutting	shortcut	PresentParticiple
shot	shoot	PastTense
shotgunning	shotgun	PresentParticiple
should	shall	PastTense
shoveling	shoveling	PluralNoun
shovelling	shovelling	PluralNoun
showbizzes	showbiz	PluralNoun
showerless	showerless	PluralNoun
showmen	showman	PluralNoun
shown	show	PastParticiple
shrank	shrink	PastTense
shredless	shredless	PluralNoun
shrewmice	shrewmouse	PluralNoun
shrimp	shrimp	PluralNoun
shrimpfish	shrimpfish	PluralNoun
shrinkwrapping	shrinkwrap	PresentParticiple
shriveling	shriveling	PluralNoun
shrivelling	shrivelling	PluralNoun
shriven	shrive	PastParticiple
shroudless	shroudless	PluralNoun
shrubless	shrubless	PluralNoun
shrunk	shrink	PastParticiple
shufties	shufti	PluralNoun
shunless	shunless	PluralNoun
shut	shut	PastTense
shutterless	shutterless	PluralNoun
shuttleless	shuttleless	PluralNoun
sibling	sibling	PluralNoun
sicked	sic	PastTense
sicking	sic	PresentParticiple
sicklemen	sickleman	PluralNoun
sickling	sickling	PluralNoun
sideling	sideling	PluralNoun
sidemen	sideman	PluralNoun
sideroses	siderosis	PluralNoun
sideslipping	sideslip	PresentParticiple
sidesmen	sidesman	PluralNoun
sidestepping	sidestep	PresentParticiple
sighless	sighless	PluralNoun
sightless	sightless	PluralNoun
sightlinesses	sightlines	PluralNoun
sightread	sightread	PastTense
sightsaw	sightsee	PastTense
sightseen	sightsee	PastParticiple
sightsmen	sightsman	PluralNoun
sigla	siglum	PluralNoun
sigmoidder	sigmoid	Comparative
sigmoiddest	sigmoid	Superlative
signalling	signalling	PluralNoun
signalmen	signalman	PluralNoun
signiories	signiori	PluralNoun
signless	signless	PluralNoun
signori	signore	PluralNoun
signories	signori	PluralNoun
silicoses	silicosis	PluralNoun
siling	siling	PluralNoun
silkscreenner	silkscreen	Comparative
silkscreennest	silkscreen	Superlative
silverfish	silverfish	PluralNoun
silverling	silverling	PluralNoun
silverplateing	silverplate	PresentParticiple
simianner	simian	Comparative
simiannest	simian	Superlative
simpling	simpling	PluralNoun
simulcast	simulcast	PastTense
sinewless	sinewless	PluralNoun
singeing	singe	PresentParticiple
singling	singling	PluralNoun
sinless	sinless	PluralNoun
sinuousser	sinuous	Comparative
sinuoussest	sinuous	Superlative
sireless	sireless	PluralNoun
sires	siris	PluralNoun
siriases	siriasis	PluralNoun
sisterless	sisterless	PluralNoun
situlae	situla	PluralNoun
sixpence	sixpence	PluralNoun
sixteennest	sixteen	Superlative
sizzling	sizzling	PluralNoun
sjambokking	sjambok	PresentParticiple
skiffling	skiffling	PluralNoun
skilletfish	skilletfish	PluralNoun
skinless	skinless	PluralNoun
skirtless	skirtless	PluralNoun
skolia	skolion	PluralNoun
skreakked	skreak	PastTense
skreakking	skreak	PresentParticiple
skymen	skyman	PluralNoun
skywritten	skywrite	PastParticiple
skywrote	skywrite	PastTense
slain	slay	PastParticiple
slakeless	slakeless	PluralNoun
slatier	slatey	Comparative
slatiest	slatey	Superlative
slaughtermen	slaughterman	PluralNoun
slaveless	slaveless	PluralNoun
sleepless	sleepless	PluralNoun
sleevefish	sleevefish	PluralNoun
sleeveless	sleeveless	PluralNoun
slept	sleep	PastTense
slew	slay	PastTense
slid	slide	PastTense
slier	sley	Comparative
sliest	sley	Superlative
slipless	slipless	PluralNoun
slit	slit	PastTense
slitless	slitless	PluralNoun
sluing	slue	PresentParticiple
slumberless	slumberless	PluralNoun
slumbrousser	slumbrous	Comparative
slumbroussest	slumbrous	Superlative
slung	sling	PastTense
slunk	slink	PastTense
smartypants	smartypants	PluralNoun
smileless	smileless	PluralNoun
smilier	smiley	Comparative
smiliest	smiley	Superlative
smitten	smite	PastParticiple
smogless	smogless	PluralNoun
smokeless	smokeless	PluralNoun
smokier	smokey	Comparative
smokiest	smokey	Superlative
smote	smite	PastTense
snailfish	snailfish	PluralNoun
snakefish	snakefish	PluralNoun
snakier	snakey	Comparative
snakiest	snakey	Superlative
snapless	snapless	PluralNoun
snapshotting	snapshot	PresentParticiple
sneakkest	sneak	Superlative
sniffling	sniffling	PluralNoun
snipe	snipe	PluralNoun
snipefish	snipefish	PluralNoun
snirtling	snirtling	PluralNoun
snivelling	snivelling	PluralNoun
snobling	snobling	PluralNoun
snorkelling	snorkelling	PluralNoun
snowless	snowless	PluralNoun
snowmen	snowman	PluralNoun
snuffling	snuffling	PluralNoun
soapfish	soapfish	PluralNoun
soapless	soapless	PluralNoun
socked	soc	PastTense
socking	soc	PresentParticiple
sockless	sockless	PluralNoun
sockmen	sockman	PluralNoun
socmen	socman	PluralNoun
sodaless	sodaless	PluralNoun
sodless	sodless	PluralNoun
softling	softling	PluralNoun
softwoodder	softwood	Comparative
softwooddest	softwood	Superlative
soilless	soilless	PluralNoun
sokemen	sokeman	PluralNoun
solaria	solarium	PluralNoun
solatia	solatium	PluralNoun
sold	sell	PastTense
soldi	soldo	PluralNoun
soldierfish	soldierfish	PluralNoun
sole	sole	PluralNoun
soleless	soleless	PluralNoun
soli	solus	PluralNoun
solidi	solidus	PluralNoun
soliloquies	soliloquy	PluralNoun
soling	soling	PluralNoun
solmizateing	solmizate	PresentParticiple
solventless	solventless	PluralNoun
solvolyses	solvolysis	PluralNoun
somaestheses	somaesthesis	PluralNoun
somatatestheses	somatatesthesis	PluralNoun
somersetting	somerset	PresentParticiple
somestheses	somesthesis	PluralNoun
sonarmen	sonarman	PluralNoun
songless	songless	PluralNoun
sonless	sonless	PluralNoun
soothsaid	soothsay	PastTense
sootless	sootless	PluralNoun
sorcerizeing	sorcerize	PresentParticiple
sordini	sordino	PluralNoun
soredia	soredium	PluralNoun
sori	sorus	PluralNoun
soroses	sorosis	PluralNoun
sorrowless	sorrowless	PluralNoun
sought	seek	PastTense
soulless	soulless	PluralNoun
soundless	soundless	PluralNoun
soundmen	soundman	PluralNoun
soundprooffer	soundproof	Comparative
soundprooffest	soundproof	Superlative
soupless	soupless	PluralNoun
soupling	soupling	PluralNoun
sourceless	sourceless	PluralNoun
sovietter	soviet	Comparative
soviettest	soviet	Superlative
sowling	sowling	PluralNoun
sown	sow	PastParticiple
spaceless	spaceless	PluralNoun
spacemen	spaceman	PluralNoun
spacewomen	spacewoman	PluralNoun
spacier	spacey	Comparative
spaciest	spacey	Superlative
spaciousser	spacious	Comparative
spacioussest	spacious	Superlative
spadefeet	spadefoot	PluralNoun
spadefish	spadefish	PluralNoun
spademen	spademan	PluralNoun
spadesmen	spadesman	PluralNoun
spadices	spadix	PluralNoun
spaemen	spaeman	PluralNoun
spancelling	spancelling	PluralNoun
spangling	spangling	PluralNoun
spanielled	spaniel	PastTense
spanielling	spaniel	PresentParticiple
spanielling	spanielling	PluralNoun
spanless	spanless	PluralNoun
spareless	spareless	PluralNoun
sparkless	sparkless	PluralNoun
sparkling	sparkling	PluralNoun
sparkplugging	sparkplug	PresentParticiple
sparling	sparling	PluralNoun
spasmolyses	spasmolysis	PluralNoun
spazzes	spaz	PluralNoun
spearfish	spearfish	PluralNoun
spearmen	spearman	PluralNoun
spec'd	spec	PastTense
spec'ing	spec	PresentParticiple
specialist	special	Superlative
speciousser	specious	Comparative
specioussest	specious	Superlative
speckless	speckless	PluralNoun
speckling	speckling	PluralNoun
spectra	spectrum	PluralNoun
sped	speed	PastTense
speechless	speechless	PluralNoun
speedless	speedless	PluralNoun
spellbound	spellbind	PastTense
spent	spend	PastTense
spermagonia	spermagonium	PluralNoun
spermaria	spermarium	PluralNoun
spermatia	spermatium	PluralNoun
spermatogeneses	spermatogenesis	PluralNoun
spermatozoa	spermatozoon	PluralNoun
spermiogeneses	spermiogenesis	PluralNoun
spermogonia	spermogonium	PluralNoun
spermousser	spermous	Comparative
spermoussest	spermous	Superlative
sphacelateing	sphacelate	PresentParticiple
sphaeridia	sphaeridium	PluralNoun
sphereless	sphereless	PluralNoun
spiceless	spiceless	PluralNoun
spicier	spicey	Comparative
spiciest	spicey	Superlative
spicing	spic	PresentParticiple
spicula	spiculum	PluralNoun
spidermen	spiderman	PluralNoun
spiderwebbing	spiderweb	PresentParticiple
spikefish	spikefish	PluralNoun
spikier	spikey	Comparative
spikiest	spikey	Superlative
spineless	spineless	PluralNoun
spinless	spinless	PluralNoun
spinousser	spinous	Comparative
spinoussest	spinous	Superlative
spinulae	spinula	PluralNoun
spiracula	spiraculum	PluralNoun
spiralling	spiralling	PluralNoun
spireless	spireless	PluralNoun
spirilla	spirillum	PluralNoun
spiritizeing	spiritize	PresentParticiple
spiritless	spiritless	PluralNoun
spirochetoses	spirochetosis	PluralNoun
splayfeet	splayfoot	PluralNoun
splayfootter	splayfoot	Comparative
splayfoottest	splayfoot	Superlative
spleenless	spleenless	PluralNoun
splinterless	splinterless	PluralNoun
split	split	PastTense
spoilsmen	spoilsman	PluralNoun
spoke	speak	PastTense
spoken	speak	PastParticiple
spokesmen	spokesman	PluralNoun
spokespeople	spokesperson	PluralNoun
spokeswomen	spokeswoman	PluralNoun
spondaizeing	spondaize	PresentParticiple
spondylarthrites	spondylarthritis	PluralNoun
spondylolistheses	spondylolisthesis	PluralNoun
spondyloses	spondylosis	PluralNoun
spoonfed	spoonfeed	PastTense
spoonier	spooney	Comparative
spooniest	spooney	Superlative
sporangia	sporangium	PluralNoun
sporangiola	sporangiolum	PluralNoun
sporidia	sporidium	PluralNoun
sporogeneses	sporogenesis	PluralNoun
sporotrichoses	sporotrichosis	PluralNoun
sporozoa	sporozoon	PluralNoun
sportless	sportless	PluralNoun
sportscast	sportscast	PastTense
sportsmen	sportsman	PluralNoun
sportswomen	sportswoman	PluralNoun
spotless	spotless	PluralNoun
spouseless	spouseless	PluralNoun
spoutless	spoutless	PluralNoun
sprackling	sprackling	PluralNoun
sprang	spring	PastTense
sprangling	sprangling	PluralNoun
spread	spread	PastTense
spreadeagleing	spreadeagle	PresentParticiple
springbok	springbok	PluralNoun
springeing	springe	PresentParticiple
springless	springless	PluralNoun
sprung	spring	PastParticiple
spuing	spue	PresentParticiple
spumones	spumonis	PluralNoun
spumousser	spumous	Comparative
spumoussest	spumous	Superlative
spun	spin	PastTense
spuriousser	spurious	Comparative
spurioussest	spurious	Superlative
spurless	spurless	PluralNoun
spurling	spurling	PluralNoun
sputa	sputum	PluralNoun
squab	squab	PluralNoun
squabbed	squab	PastTense
squabber	squab	Comparative
squabbest	squab	Superlative
squabbing	squab	PresentParticiple
squadded	squad	PastTense
squadding	squad	PresentParticiple
squamae	squama	PluralNoun
squamousser	squamous	Comparative
squamoussest	squamous	Superlative
squatted	squat	PastTense
squatter	squat	Comparative
squattest	squat	Superlative
squatting	squat	PresentParticiple
squawfish	squawfish	PluralNoun
squawmen	squawman	PluralNoun
squegged	squeg	PastTense
squegging	squeg	PresentParticiple
squibbed	squib	PastTense
squibbing	squib	PresentParticiple
squid	squid	PluralNoun
squidded	squid	PastTense
squidding	squid	PresentParticiple
squireling	squireling	PluralNoun
squiresses	squires	PluralNoun
squirrelfish	squirrelfish	PluralNoun
squirrelling	squirrelling	PluralNoun
squizzes	squiz	PluralNoun
stablemen	stableman	PluralNoun
stabling	stabling	PluralNoun
stagecoachmen	stagecoachman	PluralNoun
stagier	stagey	Comparative
stagiest	stagey	Superlative
stalkless	stalkless	PluralNoun
stallmen	stallman	PluralNoun
stampless	stampless	PluralNoun
stanchelling	stanchel	PresentParticiple
stanchelling	stanchelling	PluralNoun
stanchless	stanchless	PluralNoun
standardless	standardless	PluralNoun
standoutter	standout	Comparative
standouttest	standout	Superlative
stank	stink	PastTense
staphylococci	staphylococcus	PluralNoun
stapling	stapling	PluralNoun
starchless	starchless	PluralNoun
starfish	starfish	PluralNoun
starless	starless	PluralNoun
starling	starling	PluralNoun
startling	startling	PluralNoun
starveling	starveling	PluralNoun
stases	stasis	PluralNoun
stasima	stasimon	PluralNoun
stateless	stateless	PluralNoun
statesmen	statesman	PluralNoun
statespeople	statesperson	PluralNoun
stateswomen	stateswoman	PluralNoun
statuing	statue	PresentParticiple
stayless	stayless	PluralNoun
steammest	steam	Superlative
stearsmen	stearsman	PluralNoun
steatolyses	steatolysis	PluralNoun
steelmen	steelman	PluralNoun
steerling	steerling	PluralNoun
steersmen	steersman	PluralNoun
steles	stelis	PluralNoun
stemless	stemless	PluralNoun
stenoses	stenosis	PluralNoun
stepchildren	stepchild	PluralNoun
stereopses	stereopsis	PluralNoun
stereotaxes	stereotaxis	PluralNoun
steroidogeneses	steroidogenesis	PluralNoun
stichidia	stichidium	PluralNoun
stickling	stickling	PluralNoun
stickmen	stickman	PluralNoun
stickying	stickie	PresentParticiple
stillmen	stillman	PluralNoun
stimuli	stimulus	PluralNoun
stimying	stimie	PresentParticiple
stingfish	stingfish	PluralNoun
stingless	stingless	PluralNoun
stintless	stintless	PluralNoun
stirless	stirless	PluralNoun
stockfish	stockfish	PluralNoun
stockingless	stockingless	PluralNoun
stockless	stockless	PluralNoun
stockmen	stockman	PluralNoun
stocktaken	stocktake	PastTense
stole	steal	PastTense
stolen	steal	PastParticiple
stomachless	stomachless	PluralNoun
stonefish	stonefish	PluralNoun
stoneless	stoneless	PluralNoun
stonier	stoney	Comparative
stoniest	stoney	Superlative
stood	stand	PastTense
stopless	stopless	PluralNoun
storemen	storeman	PluralNoun
stormless	stormless	PluralNoun
stormprooffer	stormproof	Comparative
stormprooffest	stormproof	Superlative
stornelli	stornello	PluralNoun
stracchini	stracchino	PluralNoun
strandwolf	strandwolf	PluralNoun
strangling	strangling	PluralNoun
straphung	straphang	PastTense
strata	stratum	PluralNoun
strati	stratus	PluralNoun
stratocumuli	stratocumulus	PluralNoun
strawless	strawless	PluralNoun
strayling	strayling	PluralNoun
streamless	streamless	PluralNoun
streamling	streamling	PluralNoun
streetter	street	Comparative
streettest	street	Superlative
strengthless	strengthless	PluralNoun
strenuousser	strenuous	Comparative
strenuoussest	strenuous	Superlative
streptobacilli	streptobacillus	PluralNoun
streptococci	streptococcus	PluralNoun
stressless	stressless	PluralNoun
striae	stria	PluralNoun
strickling	strickling	PluralNoun
strid	strid	PastTense
stridden	stride	PastParticiple
stridling	stridling	PluralNoun
strifeless	strifeless	PluralNoun
strigae	striga	PluralNoun
stringless	stringless	PluralNoun
stripeless	stripeless	PluralNoun
stripling	stripling	PluralNoun
striven	strive	PastParticiple
strobilae	strobila	PluralNoun
strobili	strobilus	PluralNoun
strode	stride	PastTense
strokesmen	strokesman	PluralNoun
stromata	stroma	PluralNoun
strongmen	strongman	PluralNoun
strongyloidiases	strongyloidiasis	PluralNoun
strongyloidoses	strongyloidosis	PluralNoun
strongyloses	strongylosis	PluralNoun
strove	strive	PastTense
struck	strike	PastParticiple
struck	strike	PastTense
structureless	structureless	PluralNoun
strung	string	PastTense
stuck	stick	PastTense
studfish	studfish	PluralNoun
studiousser	studious	Comparative
studioussest	studious	Superlative
stuffless	stuffless	PluralNoun
stung	sting	PastTense
stunk	stink	PastParticiple
stuntmen	stuntman	PluralNoun
stuntwomen	stuntwoman	PluralNoun
sturgeon	sturgeon	PluralNoun
stying	stye	PresentParticiple
styleless	styleless	PluralNoun
styling	styling	PluralNoun
subbred	subbreed	PastTense
subcortices	subcortex	PluralNoun
subduing	subdue	PresentParticiple
subgenera	subgenus	PluralNoun
subimagines	subimago	PluralNoun
subjectless	subjectless	PluralNoun
sublet	sublet	PastTense
subletting	sublet	PresentParticiple
submaxillae	submaxilla	PluralNoun
submen	subman	PluralNoun
submitting	submit	PresentParticiple
subphyla	subphylum	PluralNoun
subsellia	subsellium	PluralNoun
subspecies	subspecies	PluralNoun
substanceless	substanceless	PluralNoun
substrata	substratum	PluralNoun
subtacksmen	subtacksman	PluralNoun
subteenner	subteen	Comparative
subteennest	subteen	Superlative
subtotalling	subtotalling	PluralNoun
successes	succes	PluralNoun
successionless	successionless	PluralNoun
successless	successless	PluralNoun
succourless	succourless	PluralNoun
succusses	succus	PluralNoun
succussing	succus	PresentParticiple
suckerfish	suckerfish	PluralNoun
suckfish	suckfish	PluralNoun
suckless	suckless	PluralNoun
suckling	suckling	PluralNoun
sudsless	sudsless	PluralNoun
sugarless	sugarless	PluralNoun
suing	sue	PresentParticiple
sulci	sulcus	PluralNoun
sulfuretting	sulfuret	PresentParticiple
sulphuretteing	sulphurette	PresentParticiple
sumless	sumless	PluralNoun
summerizeing	summerize	PresentParticiple
summersetting	summerset	PresentParticiple
summitless	summitless	PluralNoun
sumptuousser	sumptuous	Comparative
sumptuoussest	sumptuous	Superlative
sunfish	sunfish	PluralNoun
sung	sing	PastParticiple
sunk	sink	PastParticiple
sunless	sunless	PluralNoun
sunrose	sunrise	PastTense
sunset	sunset	PastTense
sunsetting	sunset	PresentParticiple
suntanning	suntan	PresentParticiple
superhelices	superhelix	PluralNoun
superlain	superlie	PastTense
superlying	superlie	PresentParticiple
supermen	superman	PluralNoun
superphenomena	superphenomenon	PluralNoun
supersalesmen	supersalesman	PluralNoun
superstrata	superstratum	PluralNoun
superwomen	superwoman	PluralNoun
suppedanea	suppedaneum	PluralNoun
supperless	supperless	PluralNoun
supportless	supportless	PluralNoun
surfaceless	surfaceless	PluralNoun
surfacemen	surfaceman	PluralNoun
surffish	surffish	PluralNoun
surfmen	surfman	PluralNoun
surfperch	surfperch	PluralNoun
surgeless	surgeless	PluralNoun
surgeonfish	surgeonfish	PluralNoun
surplussing	surplus	PresentParticiple
surrebutting	surrebut	PresentParticiple
surveilled	surveil	PastTense
surveilling	surveil	PresentParticiple
surveilling	surveilling	PluralNoun
suspectless	suspectless	PluralNoun
suspenseless	suspenseless	PluralNoun
suspicionless	suspicionless	PluralNoun
svarajes	svaraj	PluralNoun
swagmen	swagman	PluralNoun
swagsmen	swagsman	PluralNoun
swam	swim	PastTense
swarajes	swaraj	PluralNoun
sweat	sweat	PastTense
sweetfish	sweetfish	PluralNoun
swellfish	swellfish	PluralNoun
swept	sweep	PastTense
swerveless	swerveless	PluralNoun
swine	swine	PluralNoun
swingeing	swinge	PresentParticiple
swingling	swingling	PluralNoun
swingmen	swingman	PluralNoun
switchmen	switchman	PluralNoun
swiveling	swiveling	PluralNoun
swivelling	swivelling	PluralNoun
swiverring	swiver	PresentParticiple
swizzes	swiz	PluralNoun
swizzling	swizzling	PluralNoun
swollen	swell	PastParticiple
swordfish	swordfish	PluralNoun
swordless	swordless	PluralNoun
swordmen	swordman	PluralNoun
swordsmen	swordsman	PluralNoun
swore	swear	PastTense
sworn	swear	PastParticiple
swum	swim	PastParticiple
swung	swing	PastTense
sycoses	sycosis	PluralNoun
syllepses	syllepsis	PluralNoun
symbioses	symbiosis	PluralNoun
symbolling	symbolling	PluralNoun
symphoniousser	symphonious	Comparative
symphonioussest	symphonious	Superlative
symphonizeing	symphonize	PresentParticiple
symphyses	symphysis	PluralNoun
sympodia	sympodium	PluralNoun
symptomless	symptomless	PluralNoun
synaereses	synaeresis	PluralNoun
synaestheses	synaesthesis	PluralNoun
synapses	synapsis	PluralNoun
synarthroses	synarthrosis	PluralNoun
synaxes	synaxis	PluralNoun
syncarp	syncarp	PluralNoun
syncarpousser	syncarpous	Comparative
syncarpoussest	syncarpous	Superlative
synchondroses	synchondrosis	PluralNoun
synchoreses	synchoresis	PluralNoun
synchronousser	synchronous	Comparative
synchronoussest	synchronous	Superlative
syndeses	syndesis	PluralNoun
syndesmoses	syndesmosis	PluralNoun
synechiae	synechia	PluralNoun
synedria	synedrion	PluralNoun
synedria	synedrium	PluralNoun
synereses	syneresis	PluralNoun
syneses	synesis	PluralNoun
synezeses	synezesis	PluralNoun
syngeneses	syngenesis	PluralNoun
synizeses	synizesis	PluralNoun
synkineses	synkinesis	PluralNoun
synodsmen	synodsman	PluralNoun
synoecioses	synoeciosis	PluralNoun
synonymousser	synonymous	Comparative
synonymoussest	synonymous	Superlative
synopses	synopsis	PluralNoun
synostoses	synostosis	PluralNoun
synovia	synovium	PluralNoun
syntenoses	syntenosis	PluralNoun
syntheses	synthesis	PluralNoun
synurae	synura	PluralNoun
syrtes	syrtis	PluralNoun
syssarcoses	syssarcosis	PluralNoun
systemless	systemless	PluralNoun
tabes	tabis	PluralNoun
tabi	tabus	PluralNoun
tableaux	tableau	PluralNoun
tabling	tabling	PluralNoun
tabloidder	tabloid	Comparative
tabloiddest	tabloid	Superlative
tabulae	tabula	PluralNoun
tackier	tackey	Comparative
tackiest	tackey	Superlative
tackless	tackless	PluralNoun
tackling	tackling	PluralNoun
tacksmen	tacksman	PluralNoun
tactless	tactless	PluralNoun
taeniases	taeniasis	PluralNoun
tagmata	tagma	PluralNoun
tai	taus	PluralNoun
taigling	taigling	PluralNoun
tailing	tailing	PluralNoun
tailless	tailless	PluralNoun
taintless	taintless	PluralNoun
tajes	taj	PluralNoun
taken	take	PastParticiple
takeoutter	takeout	Comparative
takeouttest	takeout	Superlative
talcked	talc	PastTense
talcking	talc	PresentParticiple
talentless	talentless	PluralNoun
talesmen	talesman	PluralNoun
tali	talus	PluralNoun
tallymen	tallyman	PluralNoun
tameless	tameless	PluralNoun
tangling	tangling	PluralNoun
tankless	tankless	PluralNoun
tanling	tanling	PluralNoun
tanti	tanto	PluralNoun
tapeless	tapeless	PluralNoun
tapeta	tapetum	PluralNoun
tariffless	tariffless	PluralNoun
tarmacked	tarmac	PastTense
tarmacking	tarmac	PresentParticiple
tarpon	tarpon	PluralNoun
tarsi	tarsus	PluralNoun
tarsometatarsi	tarsometatarsus	PluralNoun
taskless	taskless	PluralNoun
tasseling	tasseling	PluralNoun
tasses	tas	PluralNoun
tasteless	tasteless	PluralNoun
tatami	tatami	PluralNoun
tattling	tattling	PluralNoun
taught	teach	PastTense
tawnier	tawney	Comparative
tawniest	tawney	Superlative
taxes	taxis	PluralNoun
taxi	taxus	PluralNoun
taximen	taximan	PluralNoun
taxless	taxless	PluralNoun
taxmen	taxman	PluralNoun
teacherless	teacherless	PluralNoun
teachless	teachless	PluralNoun
teal	teal	PluralNoun
teammest	team	Superlative
teargassing	teargas	PresentParticiple
tearless	tearless	PluralNoun
teaseling	teaseling	PluralNoun
teaselling	teaselling	PluralNoun
teazeling	teazeling	PluralNoun
teazelling	teazelling	PluralNoun
tectrices	tectrix	PluralNoun
tediousser	tedious	Comparative
tedioussest	tedious	Superlative
teemless	teemless	PluralNoun
teennest	teen	Superlative
teeth	tooth	PluralNoun
teetotalling	teetotalling	PluralNoun
tegmenta	tegmentum	PluralNoun
tegulae	tegula	PluralNoun
telae	tela	PluralNoun
telangiectases	telangiectasis	PluralNoun
telecast	telecast	PastTense
telegnoses	telegnosis	PluralNoun
telegramming	telegram	PresentParticiple
telekineses	telekinesis	PluralNoun
telemen	teleman	PluralNoun
teleses	telesis	PluralNoun
televizeing	televize	PresentParticiple
telia	telium	PluralNoun
telling	telling	PluralNoun
telnetting	telnet	PresentParticiple
telotaxes	telotaxis	PluralNoun
telphermen	telpherman	PluralNoun
tenantless	tenantless	PluralNoun
tenderling	tenderling	PluralNoun
teniases	teniasis	PluralNoun
tenseless	tenseless	PluralNoun
tensionless	tensionless	PluralNoun
tentacula	tentaculum	PluralNoun
tentless	tentless	PluralNoun
tenues	tenuis	PluralNoun
tenuousser	tenuous	Comparative
tenuoussest	tenuous	Superlative
teratogeneses	teratogenesis	PluralNoun
terga	tergum	PluralNoun
termini	terminus	PluralNoun
termless	termless	PluralNoun
terpeneless	terpeneless	PluralNoun
terrasseing	terrasse	PresentParticiple
terrorless	terrorless	PluralNoun
tertianner	tertian	Comparative
tertiannest	tertian	Superlative
tes	tis	PluralNoun
tesselateing	tesselate	PresentParticiple
tessellae	tessella	PluralNoun
tesserae	tessera	PluralNoun
testatrices	testatrix	PluralNoun
testes	testis	PluralNoun
tetrasporangia	tetrasporangium	PluralNoun
textbookker	textbook	Comparative
textbookkest	textbook	Superlative
textless	textless	PluralNoun
textureless	textureless	PluralNoun
thalami	thalamus	PluralNoun
thanatoses	thanatosis	PluralNoun
thankless	thankless	PluralNoun
thatchless	thatchless	PluralNoun
thawless	thawless	PluralNoun
thecae	theca	PluralNoun
theirrer	their	Comparative
theirrest	their	Superlative
themata	thema	PluralNoun
themeless	themeless	PluralNoun
theologoumena	theologoumenon	PluralNoun
therapeuses	therapeusis	PluralNoun
thereatter	thereat	Comparative
thereattest	thereat	Superlative
thereinner	therein	Comparative
thereinnest	therein	Superlative
thereoffer	thereof	Comparative
thereoffest	thereof	Superlative
thereonner	thereon	Comparative
thereonnest	thereon	Superlative
thermogeneses	thermogenesis	PluralNoun
thermolyses	thermolysis	PluralNoun
thermostatting	thermostat	PresentParticiple
thermotaxes	thermotaxis	PluralNoun
theses	thesis	PluralNoun
thespianner	thespian	Comparative
thespiannest	thespian	Superlative
thewless	thewless	PluralNoun
thickspreadder	thickspread	Comparative
thickspreaddest	thickspread	Superlative
thigmotaxes	thigmotaxis	PluralNoun
thimblerigging	thimblerig	PresentParticiple
thirdsmen	thirdsman	PluralNoun
thirling	thirling	PluralNoun
thirstless	thirstless	PluralNoun
thirteenner	thirteen	Comparative
thirteennest	thirteen	Superlative
tholi	tholus	PluralNoun
tholing	tholing	PluralNoun
thoriateing	thoriate	PresentParticiple
thornless	thornless	PluralNoun
thought	think	PastTense
thoughtless	thoughtless	PluralNoun
threadfish	threadfish	PluralNoun
threadless	threadless	PluralNoun
threepence	threepence	PluralNoun
threw	throw	PastTense
thriftless	thriftless	PluralNoun
thriveless	thriveless	PluralNoun
throbless	throbless	PluralNoun
thrombi	thrombus	PluralNoun
thrombolyses	thrombolysis	PluralNoun
thrombophlebitides	thrombophlebitis	PluralNoun
thromboses	thrombosis	PluralNoun
throneless	throneless	PluralNoun
throughoutter	throughout	Comparative
throughouttest	throughout	Superlative
thrown	throw	PastParticiple
thrust	thrust	PastTense
thumbless	thumbless	PluralNoun
thunderless	thunderless	PluralNoun
thunderstruck	thunderstrike	PastParticiple
thunderstruck	thunderstrike	PastTense
thymier	thymey	Comparative
thymiest	thymey	Superlative
thyroidder	thyroid	Comparative
thyroiddest	thyroid	Superlative
thyrotoxicoses	thyrotoxicosis	PluralNoun
thyrsi	thyrsus	PluralNoun
tibiae	tibia	PluralNoun
ticked	tic	PastTense
ticketless	ticketless	PluralNoun
ticking	tic	PresentParticiple
tickling	tickling	PluralNoun
tictacked	tictac	PastTense
tictacking	tictac	PresentParticiple
tictocked	tictoc	PastTense
tictocking	tictoc	PresentParticiple
tiddlier	tiddley	Comparative
tiddliest	tiddley	Superlative
tideland	tideland	PluralNoun
tideless	tideless	PluralNoun
tieless	tieless	PluralNoun
tifosi	tifoso	PluralNoun
tigerfish	tigerfish	PluralNoun
tikes	tikis	PluralNoun
tilefish	tilefish	PluralNoun
tillerless	tillerless	PluralNoun
tillermen	tillerman	PluralNoun
tilling	tilling	PluralNoun
timbermen	timberman	PluralNoun
timeless	timeless	PluralNoun
timelinesses	timelines	PluralNoun
timpani	timpani	PluralNoun
timpani	timpano	PluralNoun
tingeing	tinge	PresentParticiple
tingling	tingling	PluralNoun
tinkling	tinkling	PluralNoun
tinmen	tinman	PluralNoun
tinselling	tinselling	PluralNoun
tintinnabula	tintinnabulum	PluralNoun
tintless	tintless	PluralNoun
tipless	tipless	PluralNoun
tireless	tireless	PluralNoun
tireling	tireling	PluralNoun
tissuing	tissue	PresentParticiple
titianner	titian	Comparative
titiannest	titian	Superlative
titleless	titleless	PluralNoun
titling	titling	PluralNoun
titmen	titman	PluralNoun
titmice	titmouse	PluralNoun
tmeses	tmesis	PluralNoun
toadded	toad	PastTense
toadding	toad	PresentParticiple
toadfish	toadfish	PluralNoun
toadless	toadless	PluralNoun
tocherless	tocherless	PluralNoun
toeless	toeless	PluralNoun
togaedder	togaed	Comparative
togaeddest	togaed	Superlative
toilless	toilless	PluralNoun
told	tell	PastTense
tollmen	tollman	PluralNoun
tombless	tombless	PluralNoun
tomcatting	tomcat	PresentParticiple
tomenta	tomentum	PluralNoun
toneless	toneless	PluralNoun
tongmen	tongman	PluralNoun
tonguefish	tonguefish	PluralNoun
tongueless	tongueless	PluralNoun
tonguetying	tonguetie	PresentParticiple
tonguing	tongue	PresentParticiple
tonier	toney	Comparative
toniest	toney	Superlative
took	take	PastTense
tooling	tooling	PluralNoun
toolless	toolless	PluralNoun
toothless	toothless	PluralNoun
tootling	tootling	PluralNoun
topes	topis	PluralNoun
tophi	tophus	PluralNoun
topless	topless	PluralNoun
topmen	topman	PluralNoun
topognoses	topognosis	PluralNoun
topoi	topoi	PluralNoun
topsmen	topsman	PluralNoun
tori	torus	PluralNoun
tories	tori	PluralNoun
tories	toriis	PluralNoun
torn	tear	PastParticiple
torquing	torque	PresentParticiple
tortuousser	tortuous	Comparative
tortuoussest	tortuous	Superlative
totalling	totalling	PluralNoun
touchless	touchless	PluralNoun
toupeedder	toupeed	Comparative
toupeeddest	toupeed	Superlative
towelling	towelling	PluralNoun
towerless	towerless	PluralNoun
townfolk	townfolk	PluralNoun
townless	townless	PluralNoun
townling	townling	PluralNoun
townsfolk	townsfolk	PluralNoun
townsmen	townsman	PluralNoun
townswomen	townswoman	PluralNoun
toxicoses	toxicosis	PluralNoun
toxoplasmoses	toxoplasmosis	PluralNoun
toyless	toyless	PluralNoun
toymen	toyman	PluralNoun
toywomen	toywoman	PluralNoun
traceless	traceless	PluralNoun
tracheae	trachea	PluralNoun
trackless	trackless	PluralNoun
trackmen	trackman	PluralNoun
tractrices	tractrix	PluralNoun
tradeless	tradeless	PluralNoun
trades	trad	PluralNoun
tradesmen	tradesman	PluralNoun
tradespeople	tradesperson	PluralNoun
tradeswomen	tradeswoman	PluralNoun
traditionless	traditionless	PluralNoun
trafficked	traffic	PastTense
trafficking	traffic	PresentParticiple
trafficless	trafficless	PluralNoun
tragi	tragus	PluralNoun
trailless	trailless	PluralNoun
trainless	trainless	PluralNoun
trainmen	trainman	PluralNoun
tramelling	tramelling	PluralNoun
tramless	tramless	PluralNoun
trammelling	trammelling	PluralNoun
trampling	trampling	PluralNoun
transferring	transfer	PresentParticiple
transhipping	tranship	PresentParticiple
transitivizeing	transitivize	PresentParticiple
transmitting	transmit	PresentParticiple
transpirateing	transpirate	PresentParticiple
transshipping	transship	PresentParticiple
transvaluing	transvalue	PresentParticiple
trapanning	trapan	PresentParticiple
trashmen	trashman	PluralNoun
traveling	traveling	PluralNoun
travelling	travelling	PluralNoun
trawlermen	trawlerman	PluralNoun
treadless	treadless	PluralNoun
treadling	treadling	PluralNoun
treeless	treeless	PluralNoun
tremorless	tremorless	PluralNoun
tremorring	tremor	PresentParticiple
trenchermen	trencherman	PluralNoun
trenchfeet	trenchfoot	PluralNoun
trepanning	trepan	PresentParticiple
treponematoses	treponematosis	PluralNoun
trewsmen	trewsman	PluralNoun
trialled	trial	PastTense
trialling	trial	PresentParticiple
trialling	trialling	PluralNoun
tribeless	tribeless	PluralNoun
tribesmen	tribesman	PluralNoun
tribeswomen	tribeswoman	PluralNoun
triceps	triceps	PluralNoun
triceratops	triceratops	PluralNoun
trichiases	trichiasis	PluralNoun
trichinae	trichina	PluralNoun
trichinoses	trichinosis	PluralNoun
trichomoniases	trichomoniasis	PluralNoun
trichoses	trichosis	PluralNoun
trichuriases	trichuriasis	PluralNoun
trickless	trickless	PluralNoun
trickling	trickling	PluralNoun
triforia	triforium	PluralNoun
triggerfish	triggerfish	PluralNoun
triggermen	triggerman	PluralNoun
trillionner	trillion	Comparative
trillionnest	trillion	Superlative
tripemen	tripeman	PluralNoun
tripewomen	tripewoman	PluralNoun
tripling	tripling	PluralNoun
tripses	tripsis	PluralNoun
triquetra	triquetrum	PluralNoun
trivia	trivia	PluralNoun
trivia	trivium	PluralNoun
trod	tread	PastTense
trodden	tread	PastParticiple
trombiculiases	trombiculiasis	PluralNoun
trombidiases	trombidiasis	PluralNoun
troparia	troparion	PluralNoun
trophallaxes	trophallaxis	PluralNoun
trophies	trophi	PluralNoun
tropotaxes	tropotaxis	PluralNoun
trothless	trothless	PluralNoun
troubleshot	troubleshoot	PastTense
troublousser	troublous	Comparative
troubloussest	troublous	Superlative
trousseaux	trousseau	PluralNoun
trout	trout	PluralNoun
troutless	troutless	PluralNoun
troutling	troutling	PluralNoun
troutperch	troutperch	PluralNoun
trowelling	trowelling	PluralNoun
truceless	truceless	PluralNoun
truckling	truckling	PluralNoun
truckmen	truckman	PluralNoun
truemen	trueman	PluralNoun
truing	true	PresentParticiple
trumeaux	trumeau	PluralNoun
trumpetfish	trumpetfish	PluralNoun
trunkfish	trunkfish	PluralNoun
trustless	trustless	PluralNoun
truthless	truthless	PluralNoun
trying	trie	PresentParticiple
trymata	tryma	PluralNoun
trypanosomiases	trypanosomiasis	PluralNoun
tsades	tsadis	PluralNoun
tsores	tsoris	PluralNoun
tubae	tuba	PluralNoun
tubeless	tubeless	PluralNoun
tuberculoses	tuberculosis	PluralNoun
tubfish	tubfish	PluralNoun
tugless	tugless	PluralNoun
tumorigeneses	tumorigenesis	PluralNoun
tuna	tuna	PluralNoun
tuneless	tuneless	PluralNoun
tunicae	tunica	PluralNoun
tunnelling	tunnelling	PluralNoun
turfless	turfless	PluralNoun
turfmen	turfman	PluralNoun
turnkier	turnkey	Comparative
turnkiest	turnkey	Superlative
tuskless	tuskless	PluralNoun
tutmen	tutman	PluralNoun
tutworkmen	tutworkman	PluralNoun
twainner	twain	Comparative
twainnest	twain	Superlative
twangling	twangling	PluralNoun
tweedling	tweedling	PluralNoun
tweeling	tweeling	PluralNoun
twigless	twigless	PluralNoun
twinkling	twinkling	PluralNoun
twinling	twinling	PluralNoun
twopence	twopence	PluralNoun
twotimeing	twotime	PresentParticiple
tying	tie	PresentParticiple
tyloses	tylosis	PluralNoun
tympani	tympani	PluralNoun
tympani	tympano	PluralNoun
typecast	typecast	PastTense
typeset	typeset	PastTense
typesetting	typeset	PresentParticiple
typewritten	typewrite	PastParticiple
typewrote	typewrite	PastTense
typhoidder	typhoid	Comparative
typhoiddest	typhoid	Superlative
typier	typey	Comparative
typiest	typey	Superlative
tyrannousser	tyrannous	Comparative
tyrannoussest	tyrannous	Superlative
tzitzes	tzitzis	PluralNoun
udderless	udderless	PluralNoun
ulnae	ulna	PluralNoun
umbilici	umbilicus	PluralNoun
umpteenner	umpteen	Comparative
umpteennest	umpteen	Superlative
umteenner	umteen	Comparative
umteennest	umteen	Superlative
unai	unaus	PluralNoun
unbagging	unbag	PresentParticiple
unbanning	unban	PresentParticiple
unbarring	unbar	PresentParticiple
unbedding	unbed	PresentParticiple
unbegetting	unbeget	PresentParticiple
unbegot	unbeget	PastParticiple
unbegot	unbeget	PastTense
unbent	unbend	PastTense
unbespoke	unbespeak	PastTense
unbespoken	unbespeak	PastParticiple
unborne	unbear	PastParticiple
unbound	unbind	PastTense
unbuilt	unbuild	PastTense
uncapping	uncap	PresentParticiple
uncharnelling	uncharnel	PresentParticiple
uncharnelling	uncharnelling	PluralNoun
unci	uncus	PluralNoun
unciae	uncia	PluralNoun
uncinariases	uncinariasis	PluralNoun
uncini	uncinus	PluralNoun
uncleless	uncleless	PluralNoun
unclipping	unclip	PresentParticiple
unclogging	unclog	PresentParticiple
unctuousser	unctuous	Comparative
unctuoussest	unctuous	Superlative
undamming	undam	PresentParticiple
undead	undead	PluralNoun
underate	undereat	PastTense
underbid	underbid	PastTense
underbidding	underbid	PresentParticiple
underbit	underbite	PastTense
underbitten	underbite	PastParticiple
underbought	underbuy	PastTense
underbudding	underbud	PresentParticiple
underbuilt	underbuild	PastTense
underclassmen	underclassman	PluralNoun
underclubbing	underclub	PresentParticiple
undercut	undercut	PastTense
undercutting	undercut	PresentParticiple
underdrawn	underdraw	PastParticiple
underdrew	underdraw	PastTense
undereaten	undereat	PastParticiple
underemphases	underemphasis	PluralNoun
underfed	underfeed	PastTense
undergone	undergo	PastParticiple
undergrown	undergrow	PastTense
underlaid	underlay	PastTense
underlain	underlie	PastParticiple
underlapping	underlap	PresentParticiple
underlay	underlie	PastTense
underlet	underlet	PastTense
underletting	underlet	PresentParticiple
underling	underling	PluralNoun
underlying	underlie	PresentParticiple
undermanning	underman	PresentParticiple
underpaid	underpay	PastTense
underpinning	underpin	PresentParticiple
underpropping	underprop	PresentParticiple
underran	underrun	PastTense
underrun	underrun	PastParticiple
underrunning	underrun	PresentParticiple
undersealing	undersealing	PluralNoun
underset	underset	PastTense
undersetting	underset	PresentParticiple
undershot	undershoot	PastTense
undersold	undersell	PastTense
underspent	underspend	PastTense
understood	understand	PastTense
understrata	understratum	PluralNoun
undertaken	undertake	PastParticiple
underthrust	underthrust	PastTense
undertook	undertake	PastTense
undervaluing	undervalue	PresentParticiple
underwent	undergo	PastTense
underworkmen	underworkman	PluralNoun
underwritten	underwrite	PastParticiple
underwrote	underwrite	PastTense
undid	undo	PastTense
undone	undo	PastParticiple
undrawn	undraw	PastParticiple
undrew	undraw	PastTense
undriedder	undried	Comparative
undrieddest	undried	Superlative
unfitting	unfit	PresentParticiple
unfreemen	unfreeman	PluralNoun
unfroze	unfreeze	PastTense
unfrozen	unfreeze	PastParticiple
ungagging	ungag	PresentParticiple
ungetting	unget	PresentParticiple
ungluing	unglue	PresentParticiple
ungodding	ungod	PresentParticiple
ungot	unget	PastParticiple
ungot	unget	PastTense
unguenta	unguentum	PluralNoun
ungues	unguis	PluralNoun
ungulae	ungula	PluralNoun
ungumming	ungum	PresentParticiple
unhatting	unhat	PresentParticiple
unhung	unhang	PastTense
uniformizeing	uniformize	PresentParticiple
unionner	union	Comparative
unionnest	union	Superlative
unjamming	unjam	PresentParticiple
unkennelling	unkennelling	PluralNoun
unknitting	unknit	PresentParticiple
unknotting	unknot	PresentParticiple
unladen	unlade	PastParticiple
unlaid	unlay	PastTense
unled	unlead	PastTense
unless	unless	PluralNoun
unlevelling	unlevelling	PluralNoun
unlidding	unlid	PresentParticiple
unmade	unmake	PastTense
unmanning	unman	PresentParticiple
unmilitary	unmilitary	PluralNoun
unpaid	unpay	PastTense
unpanelling	unpanel	PresentParticiple
unpanelling	unpanelling	PluralNoun
unpegging	unpeg	PresentParticiple
unpenning	unpen	PresentParticiple
unpeople	unperson	PluralNoun
unpinning	unpin	PresentParticiple
unplugging	unplug	PresentParticiple
unpropping	unprop	PresentParticiple
unravelling	unravelling	PluralNoun
unreadder	unread	Comparative
unreaddest	unread	Superlative
unreligious	unreligious	PluralNoun
unrigging	unrig	PresentParticiple
unripping	unrip	PresentParticiple
unrove	unreeve	PastTense
unsaid	unsay	PastTense
unseenner	unseen	Comparative
unseennest	unseen	Superlative
unset	unset	PastTense
unsetting	unset	PresentParticiple
unshed	unshed	PastTense
unshedding	unshed	PresentParticiple
unshipping	unship	PresentParticiple
unshod	unshoe	PastTense
unshoedder	unshoed	Comparative
unshoeddest	unshoed	Superlative
unshut	unshut	PastTense
unshutting	unshut	PresentParticiple
unslung	unsling	PastTense
unsnagging	unsnag	PresentParticiple
unsnapping	unsnap	PresentParticiple
unsold	unsell	PastTense
unsparring	unspar	PresentParticiple
unspoke	unspeak	PastTense
unspoken	unspeak	PastParticiple
unstapleing	unstaple	PresentParticiple
unstepping	unstep	PresentParticiple
unstopping	unstop	PresentParticiple
unstrainning	unstrain	PresentParticiple
unstrapping	unstrap	PresentParticiple
unstripping	unstrip	PresentParticiple
unstrung	unstring	PastTense
unstuck	unstick	PastTense
unsweetter	unsweet	Comparative
unsweettest	unsweet	Superlative
unswore	unswear	PastTense
unsworn	unswear	PastParticiple
untackling	untackling	PluralNoun
untaught	unteach	PastTense
unthought	unthink	PastTense
untinning	untin	PresentParticiple
untriedder	untried	Comparative
untrieddest	untried	Superlative
untrimming	untrim	PresentParticiple
untrod	untread	PastTense
untrodden	untread	PastParticiple
untying	untie	PresentParticiple
unwitting	unwit	PresentParticiple
unwon	unwon	PluralNoun
unwound	unwind	PastTense
unwoven	unweave	PastParticiple
unwrapping	unwrap	PresentParticiple
unwritten	unwrite	PastParticiple
unwrote	unwrite	PastTense
unyoung	unyoung	PluralNoun
unzipping	unzip	PresentParticiple
upbeatter	upbeat	Comparative
upbeattest	upbeat	Superlative
upblown	upblow	PastTense
upbore	upbear	PastTense
upborne	upbear	PastParticiple
upbound	upbind	PastTense
upbroke	upbreak	PastTense
upbroken	upbreak	PastParticiple
upbuilt	upbuild	PastTense
upcaught	upcatch	PastTense
upcome	upcome	PastTense
updragging	updrag	PresentParticiple
updrawn	updraw	PastParticiple
updrew	updraw	PastTense
upflung	upfling	PastTense
upgrew	upgrow	PastTense
upgrown	upgrow	PastParticiple
upheld	uphold	PastTense
uphung	uphang	PastTense
upjetting	upjet	PresentParticiple
upknitting	upknit	PresentParticiple
uplaid	uplay	PastTense
upled	uplead	PastTense
upped	up	PastTense
upper	up	Comparative
upperclassmen	upperclassman	PluralNoun
uppercut	uppercut	PastTense
uppercutting	uppercut	PresentParticiple
uppest	up	Superlative
upping	up	PresentParticiple
uppropping	upprop	PresentParticiple
upran	uprun	PastTense
uprisen	uprise	PastParticiple
uprose	uprise	PastTense
uprun	uprun	PastParticiple
uprunning	uprun	PresentParticiple
upsent	upsend	PastTense
upset	upset	PastTense
upsetting	upset	PresentParticiple
upshot	upshoot	PastTense
upspake	upspeak	PastTense
upspoke	upspeak	PastParticiple
upsprang	upspring	PastTense
upsprung	upspring	PastParticiple
upstairrer	upstair	Comparative
upstairrest	upstair	Superlative
upstepping	upstep	PresentParticiple
upstirring	upstir	PresentParticiple
upstood	upstand	PastTense
upstreammer	upstream	Comparative
upstreammest	upstream	Superlative
upswept	upsweep	PastTense
upswung	upswing	PastTense
upthrew	upthrow	PastTense
upthrown	upthrow	PastParticiple
upthrust	upthrust	PastTense
uptorn	uptear	PastTense
uptying	uptie	PresentParticiple
uranalyses	uranalysis	PluralNoun
urares	uraris	PluralNoun
uredia	uredium	PluralNoun
uredinia	uredinium	PluralNoun
ureses	uresis	PluralNoun
urethrae	urethra	PluralNoun
urinalyses	urinalysis	PluralNoun
urolithiases	urolithiasis	PluralNoun
ursae	ursa	PluralNoun
useless	useless	PluralNoun
uteri	uterus	PluralNoun
utriculi	utriculus	PluralNoun
utterless	utterless	PluralNoun
uveousser	uveous	Comparative
uveoussest	uveous	Superlative
vacationless	vacationless	PluralNoun
vacked	vac	PastTense
vacking	vac	PresentParticiple
vacuousser	vacuous	Comparative
vacuoussest	vacuous	Superlative
vagi	vagus	PluralNoun
vaginae	vagina	PluralNoun
vaginitides	vaginitis	PluralNoun
vaginulae	vaginula	PluralNoun
valleculae	vallecula	PluralNoun
valueless	valueless	PluralNoun
valuing	value	PresentParticiple
valveless	valveless	PluralNoun
valvulae	valvula	PluralNoun
vaneless	vaneless	PluralNoun
vanmen	vanman	PluralNoun
vantageless	vantageless	PluralNoun
varices	varix	PluralNoun
varicoses	varicosis	PluralNoun
variousser	various	Comparative
varioussest	various	Superlative
vasculitides	vasculitis	PluralNoun
veges	veg	PluralNoun
veilless	veilless	PluralNoun
veinless	veinless	PluralNoun
vela	velum	PluralNoun
venae	vena	PluralNoun
veniremen	venireman	PluralNoun
venousser	venous	Comparative
venoussest	venous	Superlative
ventless	ventless	PluralNoun
ventriculi	ventriculus	PluralNoun
ventriloquies	ventriloquy	PluralNoun
ventures	venturis	PluralNoun
verballing	verbal	PresentParticiple
verballing	verballing	PluralNoun
verbless	verbless	PluralNoun
verdureless	verdureless	PluralNoun
vermicelli	vermicelli	PluralNoun
vermin	vermin	PluralNoun
verrucae	verruca	PluralNoun
versemen	verseman	PluralNoun
vertebrae	vertebra	PluralNoun
verticillioses	verticilliosis	PluralNoun
vesicae	vesica	PluralNoun
vesiculae	vesicula	PluralNoun
vestigia	vestigium	PluralNoun
vestless	vestless	PluralNoun
vestrymen	vestryman	PluralNoun
vestrywomen	vestrywoman	PluralNoun
vetchling	vetchling	PluralNoun
vetturini	vetturino	PluralNoun
vexilla	vexillum	PluralNoun
vialing	vialing	PluralNoun
vialling	vialling	PluralNoun
vibices	vibex	PluralNoun
vibracula	vibraculum	PluralNoun
vibracularia	vibracularium	PluralNoun
vibrationless	vibrationless	PluralNoun
vibratoless	vibratoless	PluralNoun
vibrioses	vibriosis	PluralNoun
vibrissae	vibrissa	PluralNoun
viceless	viceless	PluralNoun
viciousser	vicious	Comparative
vicioussest	vicious	Superlative
vicomtesses	vicomtes	PluralNoun
victimless	victimless	PluralNoun
victoryless	victoryless	PluralNoun
victualless	victualless	PluralNoun
victualling	victualling	PluralNoun
videnda	videndum	PluralNoun
viewless	viewless	PluralNoun
villi	villus	PluralNoun
vinasses	vinas	PluralNoun
vinousser	vinous	Comparative
vinoussest	vinous	Superlative
virginia	virginium	PluralNoun
viroses	virosis	PluralNoun
virtueless	virtueless	PluralNoun
virtuousser	virtuous	Comparative
virtuoussest	virtuous	Superlative
viscera	viscus	PluralNoun
viscousser	viscous	Comparative
viscoussest	viscous	Superlative
visionless	visionless	PluralNoun
visorless	visorless	PluralNoun
vistaless	vistaless	PluralNoun
vitae	vita	PluralNoun
vitellogeneses	vitellogenesis	PluralNoun
vitreousser	vitreous	Comparative
vitreoussest	vitreous	Superlative
vitriolling	vitriolling	PluralNoun
vittae	vitta	PluralNoun
voces	vox	PluralNoun
voiceless	voiceless	PluralNoun
voiddest	void	Superlative
volitionless	volitionless	PluralNoun
volkslieder	volkslied	PluralNoun
voteless	voteless	PluralNoun
vowelless	vowelless	PluralNoun
vowelling	vowel	PresentParticiple
vowelling	vowelling	PluralNoun
vowless	vowless	PluralNoun
vulsella	vulsellum	PluralNoun
vulsellae	vulsella	PluralNoun
vulvae	vulva	PluralNoun
vulvovaginitides	vulvovaginitis	PluralNoun
vying	vie	PresentParticiple
waddying	waddie	PresentParticiple
wades	wadis	PluralNoun
wadsetting	wadset	PresentParticiple
waffling	waffling	PluralNoun
wageless	wageless	PluralNoun
waistless	waistless	PluralNoun
waitpeople	waitperson	PluralNoun
wakeless	wakeless	PluralNoun
wakemen	wakeman	PluralNoun
wales	walis	PluralNoun
walleye	walleye	PluralNoun
wallless	wallless	PluralNoun
wangling	wangling	PluralNoun
wanier	waney	Comparative
waniest	waney	Superlative
wantless	wantless	PluralNoun
wardless	wardless	PluralNoun
warehousemen	warehouseman	PluralNoun
wareless	wareless	PluralNoun
warless	warless	PluralNoun
warling	warling	PluralNoun
warmen	warman	PluralNoun
warrantless	warrantless	PluralNoun
warsling	warsling	PluralNoun
warstling	warstling	PluralNoun
wartless	wartless	PluralNoun
was	be	PastTense
washermen	washerman	PluralNoun
washerwomen	washerwoman	PluralNoun
washwomen	washwoman	PluralNoun
wasteland	wasteland	PluralNoun
watchdogging	watchdog	PresentParticiple
watchmen	watchman	PluralNoun
watercannon	watercannon	PluralNoun
watercolorring	watercolor	PresentParticiple
watercraft	watercraft	PluralNoun
waterfowl	waterfowl	PluralNoun
waterless	waterless	PluralNoun
waterlogging	waterlog	PresentParticiple
watermen	waterman	PluralNoun
wattless	wattless	PluralNoun
wattling	wattling	PluralNoun
waveless	waveless	PluralNoun
wavier	wavey	Comparative
waviest	wavey	Superlative
wawling	wawling	PluralNoun
waylaid	waylay	PastTense
wayless	wayless	PluralNoun
weakfish	weakfish	PluralNoun
weakling	weakling	PluralNoun
weanling	weanling	PluralNoun
weaponless	weaponless	PluralNoun
weaselling	weaselling	PluralNoun
weathermen	weatherman	PluralNoun
weatherstripping	weatherstrip	PresentParticiple
webcast	webcast	PastTense
webfeet	webfoot	PluralNoun
webless	webless	PluralNoun
weedless	weedless	PluralNoun
weekker	week	Comparative
weekkest	week	Superlative
weetless	weetless	PluralNoun
weighmen	weighman	PluralNoun
weightless	weightless	PluralNoun
weldless	weldless	PluralNoun
went	go	PastTense
wept	weep	PastTense
were	be	PastTense
wet	wet	PastTense
whalemen	whaleman	PluralNoun
whaling	whaling	PluralNoun
wheeling	wheeling	PluralNoun
wheelless	wheelless	PluralNoun
wheelmen	wheelman	PluralNoun
wheelsmen	wheelsman	PluralNoun
wheepling	wheepling	PluralNoun
whereabouts	whereabouts	PluralNoun
whereatter	whereat	Comparative
whereattest	whereat	Superlative
whereinner	wherein	Comparative
whereinnest	wherein	Superlative
whereoffer	whereof	Comparative
whereoffest	whereof	Superlative
whereonner	whereon	Comparative
whereonnest	whereon	Superlative
wherrymen	wherryman	PluralNoun
whiffling	whiffling	PluralNoun
whimsier	whimsey	Comparative
whimsiest	whimsey	Superlative
whingeing	whinge	PresentParticiple
whinier	whiney	Comparative
whiniest	whiney	Superlative
whirligigging	whirligig	PresentParticiple
whirling	whirling	PluralNoun
whiskerless	whiskerless	PluralNoun
whiskerring	whisker	PresentParticiple
whistlefish	whistlefish	PluralNoun
whistlestopping	whistlestop	PresentParticiple
whistling	whistling	PluralNoun
whitefish	whitefish	PluralNoun
whitier	whitey	Comparative
whitiest	whitey	Superlative
whitling	whitling	PluralNoun
whizzes	whiz	PluralNoun
wickless	wickless	PluralNoun
wifeless	wifeless	PluralNoun
wigless	wigless	PluralNoun
wigwagging	wigwag	PresentParticiple
wildcatting	wildcat	PresentParticiple
wildfowl	wildfowl	PluralNoun
wildling	wildling	PluralNoun
willying	willie	PresentParticiple
wimpling	wimpling	PluralNoun
winchmen	winchman	PluralNoun
windless	windless	PluralNoun
windling	windling	PluralNoun
windowless	windowless	PluralNoun
windprooffer	windproof	Comparative
windprooffest	windproof	Superlative
windshake	windshake	PluralNoun
wineless	wineless	PluralNoun
wingeing	winge	PresentParticiple
wingless	wingless	PluralNoun
wingmen	wingman	PluralNoun
winier	winey	Comparative
winiest	winey	Superlative
winkling	winkling	PluralNoun
winless	winless	PluralNoun
winterfed	winterfeed	PastTense
wiredrawn	wiredraw	PastParticiple
wiredrew	wiredraw	PastTense
wiremen	wireman	PluralNoun
wiretapping	wiretap	PresentParticiple
wiseling	wiseling	PluralNoun
wisewomen	wisewoman	PluralNoun
wishless	wishless	PluralNoun
wist	wit	PastTense
wit	wit	PresentParticiple
witeless	witeless	PluralNoun
withdrawn	withdraw	PastParticiple
withdrew	withdraw	PastTense
withheld	withhold	PastTense
withoutter	without	Comparative
withouttest	without	Superlative
withstood	withstand	PastTense
witless	witless	PluralNoun
witling	witling	PluralNoun
witting	wit	PastParticiple
wizzes	wiz	PluralNoun
woke	wake	PastTense
wolffish	wolffish	PluralNoun
wolfling	wolfling	PluralNoun
womanless	womanless	PluralNoun
women	woman	PluralNoun
won	win	PastTense
won	won	PluralNoun
wondrousser	wondrous	Comparative
wondroussest	wondrous	Superlative
wontless	wontless	PluralNoun
woodcraftsmen	woodcraftsman	PluralNoun
woodcut	woodcut	PastTense
woodcutting	woodcut	PresentParticiple
woodder	wood	Comparative
wooddest	wood	Superlative
woodgrouse	woodgrouse	PluralNoun
woodless	woodless	PluralNoun
woodmen	woodman	PluralNoun
woodmice	woodmouse	PluralNoun
woodshedding	woodshed	PresentParticiple
woodsmen	woodsman	PluralNoun
woolmen	woolman	PluralNoun
wordless	wordless	PluralNoun
wore	wear	PastTense
workingmen	workingman	PluralNoun
workingwomen	workingwoman	PluralNoun
workless	workless	PluralNoun
workmen	workman	PluralNoun
workwomen	workwoman	PluralNoun
worldling	worldling	PluralNoun
wormfish	wormfish	PluralNoun
worn	wear	PastParticiple
worse	bad	Comparative
worse	ill	Comparative
worshipless	worshipless	PluralNoun
worst	bad	Superlative
worst	ill	Superlative
worthless	worthless	PluralNoun
woundless	woundless	PluralNoun
wove	weave	PastTense
woven	weave	PastParticiple
wrangling	wrangling	PluralNoun
wreakless	wreakless	PluralNoun
wreathless	wreathless	PluralNoun
wreckfish	wreckfish	PluralNoun
wrestling	wrestling	PluralNoun
wrinkleless	wrinkleless	PluralNoun
written	write	PastParticiple
wrote	write	PastTense
wrung	wring	PastTense
wusses	wus	PluralNoun
xanthomatoses	xanthomatosis	PluralNoun
xanthoses	xanthosis	PluralNoun
xenia	xenium	PluralNoun
xenodiagnoses	xenodiagnosis	PluralNoun
xenogeneses	xenogenesis	PluralNoun
xeroses	xerosis	PluralNoun
xoana	xoanon	PluralNoun
ya	yon	PluralNoun
ya	yum	PluralNoun
yachtmen	yachtman	PluralNoun
yachtsmen	yachtsman	PluralNoun
yachtswomen	yachtswoman	PluralNoun
yardmen	yardman	PluralNoun
yawling	yawling	PluralNoun
yeahher	yeah	Comparative
yeahhest	yeah	Superlative
yealing	yealing	PluralNoun
yeanling	yeanling	PluralNoun
yearling	yearling	PluralNoun
yeggmen	yeggman	PluralNoun
yeomen	yeoman	PluralNoun
yersiniae	yersinia	PluralNoun
yersinioses	yersiniosis	PluralNoun
yodeling	yodeling	PluralNoun
yodelling	yodelling	PluralNoun
yodling	yodling	PluralNoun
yokeless	yokeless	PluralNoun
young	young	PluralNoun
youngling	youngling	PluralNoun
yourrer	your	Comparative
yourrest	your	Superlative
yowling	yowling	PluralNoun
yuan	yuan	PluralNoun
zealless	zealless	PluralNoun
zealousser	zealous	Comparative
zealoussest	zealous	Superlative
zebrasses	zebras	PluralNoun
zelatrices	zelatrix	PluralNoun
zestless	zestless	PluralNoun
zigzagging	zigzag	PresentParticiple
zillionner	zillion	Comparative
zillionnest	zillion	Superlative
zincked	zinc	PastTense
zincking	zinc	PresentParticiple
zingani	zingano	PluralNoun
zingari	zingaro	PluralNoun
zipless	zipless	PluralNoun
zizzling	zizzling	PluralNoun
zoecia	zoecium	PluralNoun
zonae	zona	PluralNoun
zoneless	zoneless	PluralNoun
zoocytia	zoocytium	PluralNoun
zooecia	zooecium	PluralNoun
zoogonidia	zoogonidium	PluralNoun
zooier	zooey	Comparative
zooiest	zooey	Superlative
zoonoses	zoonosis	PluralNoun
zoothecia	zoothecium	PluralNoun
zooxanthellae	zooxanthella	PluralNoun
zygapophyses	zygapophysis	PluralNoun
zygogeneses	zygogenesis	PluralNoun
zygoses	zygosis	PluralNoun
zymogeneses	zymogenesis	PluralNoun
zymolyses	zymolysis	PluralNoun
zymoses	zymosis	PluralNoun
